ORDERDATE,CITY,PRODUCTLINE,STATUS,QUANTITYORDERED,PRICEEACH,SALES,CITY_TOP,CITY_TOP_Madrid,CITY_TOP_Manchester,CITY_TOP_Melbourne,CITY_TOP_NYC,CITY_TOP_Nantes,CITY_TOP_New Bedford,CITY_TOP_Other,CITY_TOP_Paris,CITY_TOP_San Francisco,CITY_TOP_San Rafael,CITY_TOP_Singapore,PRODUCTLINE_Classic Cars,PRODUCTLINE_Motorcycles,PRODUCTLINE_Planes,PRODUCTLINE_Ships,PRODUCTLINE_Trains,PRODUCTLINE_Trucks and Buses,PRODUCTLINE_Vintage Cars,STATUS_Cancelled,STATUS_Disputed,STATUS_In Process,STATUS_On Hold,STATUS_Resolved,STATUS_Shipped,SALES_LOG1P,PRICEEACH_LOG1P,QUANTITYORDERED_YJ,SALES_LOG1P_STD,PRICEEACH_LOG1P_STD,QUANTITYORDERED_YJ_STD,SALES_MM,PRICEEACH_MM,QUANTITYORDERED_MM
2003-01-06,Nashua,Vintage Cars,Shipped,30.0,100.0,5151.0,Other,0.0,0.0,0.0,0.0,0.0,0.0,1.0,0.0,0.0,0.0,0.0,0.0,0.0,0.0,0.0,0.0,0.0,1.0,0.0,0.0,0.0,0.0,0.0,1.0,8.54714026778419,4.61512051684126,10.779232502977782,0.9772149149449784,0.7447315744112115,-0.5027033539745942,0.5151735229086801,1.0,0.2794857462269409
2003-01-06,Nashua,Vintage Cars,Shipped,50.0,67.8,3390.0,Other,0.0,0.0,0.0,0.0,0.0,0.0,1.0,0.0,0.0,0.0,0.0,0.0,0.0,0.0,0.0,0.0,0.0,1.0,0.0,0.0,0.0,0.0,0.0,1.0,8.128880142125638,4.231203744939298,14.925497315272617,0.16132746551805088,-0.6046711992908713,1.5579323994073224,0.3025842954917345,0.519158976196876,0.8384572386808227
2003-01-06,Nashua,Vintage Cars,Shipped,22.0,86.51,1903.22,Other,0.0,0.0,0.0,0.0,0.0,0.0,1.0,0.0,0.0,0.0,0.0,0.0,0.0,0.0,0.0,0.0,0.0,1.0,0.0,0.0,0.0,0.0,0.0,1.0,7.551827754894848,4.47175307254774,8.805943150564206,-0.9643112734417222,0.24081916123417801,-1.4834006262023,0.12309911006358767,0.7985544903383808,0.055897149245388134
2003-01-06,Nashua,Vintage Cars,Shipped,49.0,34.47,1689.03,Other,0.0,0.0,0.0,0.0,0.0,0.0,1.0,0.0,0.0,0.0,0.0,0.0,0.0,0.0,0.0,0.0,0.0,1.0,0.0,0.0,0.0,0.0,0.0,1.0,7.432501559238854,3.5686872687855304,14.736931873780104,-1.1970772949942174,-2.9333049969659513,1.464218006289084,0.09724193424278382,0.021443717707493315,0.8105086640581285
2003-01-09,Frankfurt,Vintage Cars,Shipped,45.0,33.034,1404.0,Other,0.0,0.0,0.0,0.0,0.0,0.0,1.0,0.0,0.0,0.0,0.0,0.0,0.0,0.0,0.0,0.0,0.0,1.0,0.0,0.0,0.0,0.0,0.0,1.0,7.247792581767846,3.5273600249492447,13.966075138951927,-1.557383542877149,-3.0785632965340333,1.0811129658652374,0.06283290102833064,0.0,0.6987143655673522
2003-01-09,Frankfurt,Vintage Cars,Shipped,46.0,53.76,2472.96,Other,0.0,0.0,0.0,0.0,0.0,0.0,1.0,0.0,0.0,0.0,0.0,0.0,0.0,0.0,0.0,0.0,0.0,1.0,0.0,0.0,0.0,0.0,0.0,1.0,7.813575384672981,4.002960000420248,14.161377611660777,-0.45372804316850746,-1.4069095084127383,1.1781755694872693,0.19187854585491682,0.30950034345787414,0.7266629401900462
2003-01-09,Frankfurt,Vintage Cars,Shipped,25.0,100.0,3782.0,Other,0.0,0.0,0.0,0.0,0.0,0.0,1.0,0.0,0.0,0.0,0.0,0.0,0.0,0.0,0.0,0.0,0.0,1.0,0.0,0.0,0.0,0.0,0.0,1.0,8.23827262463303,4.61512051684126,9.57572149487329,0.37471609155288577,0.7447315744112115,-1.1008315308182302,0.349906826523786,1.0,0.13974287311347044
2003-01-09,Frankfurt,Vintage Cars,Shipped,26.0,100.0,3773.38,Other,0.0,0.0,0.0,0.0,0.0,0.0,1.0,0.0,0.0,0.0,0.0,0.0,0.0,0.0,0.0,0.0,0.0,1.0,0.0,0.0,0.0,0.0,0.0,1.0,8.235991409783924,4.61512051684126,9.823805373555334,0.3702661943462106,0.7447315744112115,-0.9775373049564378,0.3488662137240506,1.0,0.1676914477361645
2003-01-10,NYC,Vintage Cars,Shipped,41.0,50.14,2055.74,NYC,0.0,0.0,0.0,1.0,0.0,0.0,0.0,0.0,0.0,0.0,0.0,0.0,0.0,0.0,0.0,0.0,0.0,1.0,0.0,0.0,0.0,0.0,0.0,1.0,7.628877483997594,3.9345669698630408,13.166125611826143,-0.8140126838793162,-1.6472994884560006,0.6835492136397722,0.1415114376988134,0.2554430606576472,0.5869200670765757
2003-01-10,NYC,Vintage Cars,Shipped,39.0,100.0,4808.31,NYC,0.0,0.0,0.0,1.0,0.0,0.0,0.0,0.0,0.0,0.0,0.0,0.0,0.0,0.0,0.0,0.0,0.0,1.0,0.0,0.0,0.0,0.0,0.0,1.0,8.478308901666257,4.61512051684126,12.754015005493859,0.8429476389188214,0.7447315744112115,0.4787359930181514,0.47380373168578804,1.0,0.5310229178311876
2003-01-29,Stavern,Trucks and Buses,Shipped,36.0,100.0,4228.2,Other,0.0,0.0,0.0,0.0,0.0,0.0,1.0,0.0,0.0,0.0,0.0,0.0,0.0,0.0,0.0,0.0,1.0,0.0,0.0,0.0,0.0,0.0,0.0,1.0,8.349768128858372,4.61512051684126,12.119023021201402,0.5922070188119795,0.7447315744112115,0.16315383770961095,0.4037724217954731,1.0,0.4471771939631053
2003-01-29,Stavern,Trucks and Buses,Shipped,35.0,100.0,3920.0,Other,0.0,0.0,0.0,0.0,0.0,0.0,1.0,0.0,0.0,0.0,0.0,0.0,0.0,0.0,0.0,0.0,1.0,0.0,0.0,0.0,0.0,0.0,0.0,1.0,8.27410200229233,4.61512051684126,11.902530119204657,0.4446073811109665,0.7447315744112115,0.05555988642964223,0.366566288978947,1.0,0.41922861934041133
2003-01-29,Stavern,Trucks and Buses,Shipped,22.0,54.09,1189.98,Other,0.0,0.0,0.0,0.0,0.0,0.0,1.0,0.0,0.0,0.0,0.0,0.0,0.0,0.0,0.0,0.0,1.0,0.0,0.0,0.0,0.0,0.0,0.0,1.0,7.0825317766030516,4.008968211484625,8.805943150564206,-1.879752825877405,-1.3857916587415906,-1.4834006262023,0.03699624773373966,0.3144282173043037,0.055897149245388134
2003-01-29,Stavern,Vintage Cars,Shipped,41.0,47.29,1938.89,Other,0.0,0.0,0.0,0.0,0.0,0.0,1.0,0.0,0.0,0.0,0.0,0.0,0.0,0.0,0.0,0.0,0.0,1.0,0.0,0.0,0.0,0.0,0.0,1.0,7.570386549418882,3.8772244998854504,13.166125611826143,-0.9281091910538508,-1.848848609780787,0.6835492136397722,0.12740521894601953,0.2128841501657558,0.5869200670765757
2003-01-29,Stavern,Trucks and Buses,Shipped,36.0,100.0,3680.28,Other,0.0,0.0,0.0,0.0,0.0,0.0,1.0,0.0,0.0,0.0,0.0,0.0,0.0,0.0,0.0,0.0,1.0,0.0,0.0,0.0,0.0,0.0,0.0,1.0,8.211015796772463,4.61512051684126,12.119023021201402,0.3215470170980537,0.7447315744112115,0.16315383770961095,0.33762711260393835,1.0,0.4471771939631053
2003-01-29,Stavern,Classic Cars,Shipped,26.0,100.0,5404.62,Other,0.0,0.0,0.0,0.0,0.0,0.0,1.0,0.0,0.0,0.0,0.0,1.0,0.0,0.0,0.0,0.0,0.0,0.0,0.0,0.0,0.0,0.0,0.0,1.0,8.595194432097925,4.61512051684126,9.823805373555334,1.070952728212605,0.7447315744112115,-0.9775373049564378,0.5457907176034478,1.0,0.1676914477361645
2003-01-29,Stavern,Vintage Cars,Shipped,46.0,100.0,4791.82,Other,0.0,0.0,0.0,0.0,0.0,0.0,1.0,0.0,0.0,0.0,0.0,0.0,0.0,0.0,0.0,0.0,0.0,1.0,0.0,0.0,0.0,0.0,0.0,1.0,8.474874243687065,4.61512051684126,14.161377611660777,0.8362477548840137,0.7447315744112115,1.1781755694872693,0.4718130466431386,1.0,0.7266629401900462
2003-01-29,Stavern,Vintage Cars,Shipped,35.0,57.46,2011.1,Other,0.0,0.0,0.0,0.0,0.0,0.0,1.0,0.0,0.0,0.0,0.0,0.0,0.0,0.0,0.0,0.0,0.0,1.0,0.0,0.0,0.0,0.0,0.0,1.0,7.606934231773801,4.0683427596831,11.902530119204657,-0.8568167261265033,-1.177100124820301,0.05555988642964223,0.13612246375679612,0.364752262342084,0.41922861934041133
2003-01-29,Stavern,Vintage Cars,Shipped,25.0,100.0,2539.5,Other,0.0,0.0,0.0,0.0,0.0,0.0,1.0,0.0,0.0,0.0,0.0,0.0,0.0,0.0,0.0,0.0,0.0,1.0,0.0,0.0,0.0,0.0,0.0,1.0,7.840116191033786,4.61512051684126,9.57572149487329,-0.4019556903214443,0.7447315744112115,-1.1008315308182302,0.19991130405612273,1.0,0.13974287311347044
2003-01-29,Stavern,Trucks and Buses,Shipped,45.0,75.63,3403.35,Other,0.0,0.0,0.0,0.0,0.0,0.0,1.0,0.0,0.0,0.0,0.0,0.0,0.0,0.0,0.0,0.0,1.0,0.0,0.0,0.0,0.0,0.0,0.0,1.0,8.132809304619144,4.3389886449823125,13.966075138951927,0.16899196463845623,-0.22582543446352146,1.0811129658652374,0.30419591740315766,0.636083982916704,0.6987143655673522
2003-01-29,Stavern,Trucks and Buses,Shipped,27.0,100.0,3394.98,Other,0.0,0.0,0.0,0.0,0.0,0.0,1.0,0.0,0.0,0.0,0.0,0.0,0.0,0.0,0.0,0.0,1.0,0.0,0.0,0.0,0.0,0.0,0.0,1.0,8.130347658132388,4.61512051684126,10.068010317854855,0.16419010486206037,0.7447315744112115,-0.8561708553548468,0.3031854847890294,1.0,0.19564002235885858
2003-01-29,Stavern,Trucks and Buses,Shipped,31.0,100.0,3224.31,Other,0.0,0.0,0.0,0.0,0.0,0.0,1.0,0.0,0.0,0.0,0.0,0.0,0.0,0.0,0.0,0.0,1.0,0.0,0.0,0.0,0.0,0.0,0.0,1.0,8.078784348641262,4.61512051684126,11.009728365329204,0.06360710762203703,0.7447315744112115,-0.388150126800217,0.2825820756787227,1.0,0.30743432084963496
2003-01-29,Stavern,Classic Cars,Shipped,42.0,100.0,5398.26,Other,0.0,0.0,0.0,0.0,0.0,0.0,1.0,0.0,0.0,0.0,0.0,1.0,0.0,0.0,0.0,0.0,0.0,0.0,0.0,0.0,0.0,0.0,0.0,1.0,8.594017186124896,4.61512051684126,13.369046010543581,1.0686563098945303,0.7447315744112115,0.7843978201850537,0.5450229336816013,1.0,0.6148686416992699
2003-01-29,Stavern,Vintage Cars,Shipped,27.0,83.07,2242.89,Other,0.0,0.0,0.0,0.0,0.0,0.0,1.0,0.0,0.0,0.0,0.0,0.0,0.0,0.0,0.0,0.0,0.0,1.0,0.0,0.0,0.0,0.0,0.0,1.0,7.715966245833243,4.431649785147205,10.068010317854855,-0.6441312550532686,0.09986286233439358,-0.8561708553548468,0.16410432464434516,0.7471851387271151,0.19564002235885858
2003-01-29,Stavern,Vintage Cars,Shipped,25.0,100.0,2873.0,Other,0.0,0.0,0.0,0.0,0.0,0.0,1.0,0.0,0.0,0.0,0.0,0.0,0.0,0.0,0.0,0.0,0.0,1.0,0.0,0.0,0.0,0.0,0.0,1.0,7.96346006663897,4.61512051684126,9.57572149487329,-0.16135250130959153,0.7447315744112115,-1.1008315308182302,0.2401716716560951,1.0,0.13974287311347044
2003-01-29,Stavern,Classic Cars,Shipped,42.0,100.0,4460.82,Other,0.0,0.0,0.0,0.0,0.0,0.0,1.0,0.0,0.0,0.0,0.0,1.0,0.0,0.0,0.0,0.0,0.0,0.0,0.0,0.0,0.0,0.0,0.0,1.0,8.403312033524356,4.61512051684126,13.369046010543581,0.6966535035001983,0.7447315744112115,0.7843978201850537,0.43185448089923806,1.0,0.6148686416992699
2003-01-31,Madrid,Classic Cars,Shipped,26.0,100.0,2921.62,Madrid,1.0,0.0,0.0,0.0,0.0,0.0,0.0,0.0,0.0,0.0,0.0,1.0,0.0,0.0,0.0,0.0,0.0,0.0,0.0,0.0,0.0,0.0,0.0,1.0,7.980235753238926,4.61512051684126,9.823805373555334,-0.12862867392854996,0.7447315744112115,-0.9775373049564378,0.24604111415297863,1.0,0.1676914477361645
2003-01-31,Madrid,Trains,Shipped,49.0,65.87,3227.63,Madrid,1.0,0.0,0.0,0.0,0.0,0.0,0.0,0.0,0.0,0.0,0.0,0.0,0.0,0.0,0.0,1.0,0.0,0.0,0.0,0.0,0.0,0.0,0.0,1.0,8.079813177633428,4.202750436065887,14.736931873780104,0.06561401339865784,-0.7046797863723091,1.464218006289084,0.282982868543586,0.4903383806707883,0.8105086640581285
2003-01-31,Madrid,Classic Cars,Shipped,24.0,100.0,3457.92,Madrid,1.0,0.0,0.0,0.0,0.0,0.0,0.0,0.0,0.0,0.0,0.0,1.0,0.0,0.0,0.0,0.0,0.0,0.0,0.0,0.0,0.0,0.0,0.0,1.0,8.148711680598014,4.61512051684126,9.323544176118064,0.2000122512526768,0.7447315744112115,-1.226160139275199,0.310783648317492,1.0,0.11179429849077627
2003-01-31,Madrid,Trucks and Buses,Shipped,35.0,47.62,1666.7,Madrid,1.0,0.0,0.0,0.0,0.0,0.0,0.0,0.0,0.0,0.0,0.0,0.0,0.0,0.0,0.0,0.0,1.0,0.0,0.0,0.0,0.0,0.0,0.0,1.0,7.419200710627534,3.884034968887977,11.902530119204657,-1.2230228604043005,-1.8249109586156838,0.05555988642964223,0.09454624006435089,0.21781202401218525,0.41922861934041133
2003-01-31,Madrid,Classic Cars,Shipped,38.0,100.0,5348.5,Madrid,1.0,0.0,0.0,0.0,0.0,0.0,0.0,0.0,0.0,0.0,0.0,1.0,0.0,0.0,0.0,0.0,0.0,0.0,0.0,0.0,0.0,0.0,0.0,1.0,8.58475837757866,4.61512051684126,12.544675977743431,1.0505954304893368,0.7447315744112115,0.3746974174111126,0.539015869538349,1.0,0.5030743432084936
2003-01-31,Madrid,Classic Cars,Shipped,23.0,100.0,4556.99,Madrid,1.0,0.0,0.0,0.0,0.0,0.0,0.0,0.0,0.0,0.0,0.0,1.0,0.0,0.0,0.0,0.0,0.0,0.0,0.0,0.0,0.0,0.0,0.0,1.0,8.42463701585851,4.61512051684126,9.067037908070397,0.7382515052659471,0.7447315744112115,-1.353640175122944,0.44346419469860643,1.0,0.0838457238680822
2003-01-31,Madrid,Trucks and Buses,Shipped,35.050383351588174,100.0,3772.61,Madrid,1.0,0.0,0.0,0.0,0.0,0.0,0.0,0.0,0.0,0.0,0.0,0.0,0.0,0.0,0.0,0.0,1.0,0.0,0.0,0.0,0.0,0.0,0.0,1.0,8.23578738195594,4.61512051684126,11.913498472712774,0.369868203397579,0.7447315744112115,0.06101100506720186,0.34877325875238047,1.0,0.42063676220201485
2003-01-31,Madrid,Trucks and Buses,Shipped,33.0,100.0,3705.24,Madrid,1.0,0.0,0.0,0.0,0.0,0.0,0.0,0.0,0.0,0.0,0.0,0.0,0.0,0.0,0.0,0.0,1.0,0.0,0.0,0.0,0.0,0.0,0.0,1.0,8.21777316459737,4.61512051684126,11.461717832632248,0.3347284113101418,0.7447315744112115,-0.16351766875873364,0.34064030233495873,1.0,0.3633314700950231
2003-01-31,Madrid,Classic Cars,Shipped,41.0,100.0,4615.78,Madrid,1.0,0.0,0.0,0.0,0.0,0.0,0.0,0.0,0.0,0.0,0.0,1.0,0.0,0.0,0.0,0.0,0.0,0.0,0.0,0.0,0.0,0.0,0.0,1.0,8.437452771382521,4.61512051684126,13.166125611826143,0.7632508141780773,0.7447315744112115,0.6835492136397722,0.4505613671459898,1.0,0.5869200670765757
2003-01-31,Madrid,Trains,Shipped,32.0,53.31,1705.92,Madrid,1.0,0.0,0.0,0.0,0.0,0.0,0.0,0.0,0.0,0.0,0.0,0.0,0.0,0.0,0.0,1.0,0.0,0.0,0.0,0.0,0.0,0.0,0.0,1.0,7.442445855849688,3.994708372046754,11.237179911736995,-1.1776792546350414,-1.4359125919706368,-0.2751098821684491,0.09928090758240463,0.30278051548547025,0.335382895472329
2003-01-31,Madrid,Classic Cars,Shipped,35.0,55.49,1942.15,Madrid,1.0,0.0,0.0,0.0,0.0,0.0,0.0,0.0,0.0,0.0,0.0,1.0,0.0,0.0,0.0,0.0,0.0,0.0,0.0,0.0,0.0,0.0,0.0,1.0,7.572065646603525,4.034063631337171,11.902530119204657,-0.9248338266686823,-1.2975854858555271,0.05555988642964223,0.1277987685663371,0.3353343487740048,0.41922861934041133
2003-01-31,Madrid,Classic Cars,Shipped,34.0,100.0,5958.5,Madrid,1.0,0.0,0.0,0.0,0.0,0.0,0.0,0.0,0.0,0.0,0.0,1.0,0.0,0.0,0.0,0.0,0.0,0.0,0.0,0.0,0.0,0.0,0.0,1.0,8.692741863922762,4.61512051684126,11.683463549954297,1.261235570079022,0.7447315744112115,-0.05331314156158311,0.6126555224198578,1.0,0.39128004471771716
2003-01-31,Madrid,Classic Cars,Shipped,44.0,39.6,1742.4,Madrid,1.0,0.0,0.0,0.0,0.0,0.0,0.0,0.0,0.0,0.0,0.0,1.0,0.0,0.0,0.0,0.0,0.0,0.0,0.0,0.0,0.0,0.0,0.0,1.0,7.4635925085774755,3.703768066607687,13.768958087112637,-1.1364291150697985,-2.45851875006123,0.9831485417366043,0.10368480026620369,0.09804975659289794,0.670765790944658
2003-02-11,Kobenhavn,Vintage Cars,Shipped,41.0,82.5,3382.5,Other,0.0,0.0,0.0,0.0,0.0,0.0,1.0,0.0,0.0,0.0,0.0,0.0,0.0,0.0,0.0,0.0,0.0,1.0,0.0,0.0,0.0,0.0,0.0,1.0,8.12666595567228,4.42484663185681,13.166125611826143,0.15700831858731834,0.07595092466493444,0.6835492136397722,0.3016788899235192,0.7386733566287369,0.5869200670765757
2003-02-11,Kobenhavn,Ships,Shipped,39.0,81.14,3164.46,Other,0.0,0.0,0.0,0.0,0.0,0.0,1.0,0.0,0.0,0.0,0.0,0.0,0.0,0.0,1.0,0.0,0.0,0.0,0.0,0.0,0.0,0.0,0.0,1.0,8.060053663669942,4.408425108528412,12.754015005493859,0.02706972370764169,0.018232036745622543,0.4787359930181514,0.27535693924436483,0.7183645432010273,0.5310229178311876
2003-02-11,Kobenhavn,Vintage Cars,Shipped,22.0,100.0,3065.04,Other,0.0,0.0,0.0,0.0,0.0,0.0,1.0,0.0,0.0,0.0,0.0,0.0,0.0,0.0,0.0,0.0,0.0,1.0,0.0,0.0,0.0,0.0,0.0,1.0,8.028142105661074,4.61512051684126,8.805943150564206,-0.03517919287292162,0.7447315744112115,-1.4834006262023,0.2633548830321032,1.0,0.055897149245388134
2003-02-11,Kobenhavn,Ships,Shipped,31.0,65.77,2038.87,Other,0.0,0.0,0.0,0.0,0.0,0.0,1.0,0.0,0.0,0.0,0.0,0.0,0.0,0.0,1.0,0.0,0.0,0.0,0.0,0.0,0.0,0.0,0.0,1.0,7.620641359317511,4.201253877869777,11.009728365329204,-0.8300786446204101,-0.7099399363022876,-0.388150126800217,0.13947487877404122,0.4888450855658094,0.30743432084963496
2003-02-11,Kobenhavn,Classic Cars,Shipped,50.0,100.0,7208.0,Other,0.0,0.0,0.0,0.0,0.0,0.0,1.0,0.0,0.0,0.0,0.0,1.0,0.0,0.0,0.0,0.0,0.0,0.0,0.0,0.0,0.0,0.0,0.0,1.0,8.883085524404578,4.61512051684126,14.925497315272617,1.6325332246679565,0.7447315744112115,1.5579323994073224,0.7634960900845219,1.0,0.8384572386808227
2003-02-11,Kobenhavn,Classic Cars,Shipped,41.0,100.0,8690.36,Other,0.0,0.0,0.0,0.0,0.0,0.0,1.0,0.0,0.0,0.0,0.0,1.0,0.0,0.0,0.0,0.0,0.0,0.0,0.0,0.0,0.0,0.0,0.0,1.0,9.070084707740442,4.61512051684126,13.166125611826143,1.9973069082616148,0.7447315744112115,0.6835492136397722,0.9424476898311338,1.0,0.5869200670765757
2003-02-11,Kobenhavn,Trains,Shipped,38.0,100.0,4330.1,Other,0.0,0.0,0.0,0.0,0.0,0.0,1.0,0.0,0.0,0.0,0.0,0.0,0.0,0.0,0.0,1.0,0.0,0.0,0.0,0.0,0.0,0.0,0.0,1.0,8.373576830303879,4.61512051684126,12.544675977743431,0.63864993675917,0.7447315744112115,0.3746974174111126,0.4160738654489581,1.0,0.5030743432084936
2003-02-11,Kobenhavn,Ships,Shipped,22.0,100.0,2556.18,Other,0.0,0.0,0.0,0.0,0.0,0.0,1.0,0.0,0.0,0.0,0.0,0.0,0.0,0.0,1.0,0.0,0.0,0.0,0.0,0.0,0.0,0.0,0.0,1.0,7.846660367807709,4.61512051684126,8.805943150564206,-0.389190161481544,0.7447315744112115,-1.4834006262023,0.20192492603983347,1.0,0.055897149245388134
2003-02-11,Kobenhavn,Ships,Shipped,25.0,56.78,1419.5,Other,0.0,0.0,0.0,0.0,0.0,0.0,1.0,0.0,0.0,0.0,0.0,0.0,0.0,0.0,1.0,0.0,0.0,0.0,0.0,0.0,0.0,0.0,0.0,1.0,7.258764201294243,4.056642695038089,9.57572149487329,-1.5359815345996917,-1.2182238809048684,-1.1008315308182302,0.06470407253597554,0.3545978556282293,0.13974287311347044
2003-02-11,Kobenhavn,Ships,Shipped,41.0,70.67,2897.47,Other,0.0,0.0,0.0,0.0,0.0,0.0,1.0,0.0,0.0,0.0,0.0,0.0,0.0,0.0,1.0,0.0,0.0,0.0,0.0,0.0,0.0,0.0,0.0,1.0,7.971938290545096,4.272072250005828,13.166125611826143,-0.144814284888535,-0.461025289213474,0.6835492136397722,0.24312570822332547,0.5620165457097632,0.5869200670765757
2003-02-11,Kobenhavn,Ships,Shipped,43.0,100.0,6341.21,Other,0.0,0.0,0.0,0.0,0.0,0.0,1.0,0.0,0.0,0.0,0.0,0.0,0.0,0.0,1.0,0.0,0.0,0.0,0.0,0.0,0.0,0.0,0.0,1.0,8.754982567132865,4.61512051684126,13.569968697266269,1.3826466381617697,0.7447315744112115,0.8842535917456676,0.6588565577547466,1.0,0.6428172163219641
2003-02-11,Kobenhavn,Classic Cars,Shipped,29.0,100.0,4566.05,Other,0.0,0.0,0.0,0.0,0.0,0.0,1.0,0.0,0.0,0.0,0.0,1.0,0.0,0.0,0.0,0.0,0.0,0.0,0.0,0.0,0.0,0.0,0.0,1.0,8.426622761231046,4.61512051684126,10.54555133395328,0.7421250390498793,0.7447315744112115,-0.6188396341166861,0.4445579246250104,1.0,0.2515371716042467
2003-02-11,Kobenhavn,Ships,Shipped,29.0,70.15,2034.35,Other,0.0,0.0,0.0,0.0,0.0,0.0,1.0,0.0,0.0,0.0,0.0,0.0,0.0,0.0,1.0,0.0,0.0,0.0,0.0,0.0,0.0,0.0,0.0,1.0,7.618423073260072,4.264790324535862,10.54555133395328,-0.8344057885255426,-0.4866200304340364,-0.6188396341166861,0.13892922101826347,0.5542514111638743,0.2515371716042467
2003-02-11,Kobenhavn,Vintage Cars,Shipped,44.0,72.58,3193.52,Other,0.0,0.0,0.0,0.0,0.0,0.0,1.0,0.0,0.0,0.0,0.0,0.0,0.0,0.0,0.0,0.0,0.0,1.0,0.0,0.0,0.0,0.0,0.0,1.0,8.069192120783482,4.2983732496766285,13.768958087112637,0.04489583719222042,-0.3685817063736534,0.9831485417366043,0.27886508401934296,0.5905384822148552,0.670765790944658
2003-02-11,Kobenhavn,Vintage Cars,Shipped,50.0,79.67,3983.5,Other,0.0,0.0,0.0,0.0,0.0,0.0,1.0,0.0,0.0,0.0,0.0,0.0,0.0,0.0,0.0,0.0,0.0,1.0,0.0,0.0,0.0,0.0,0.0,1.0,8.290167112837803,4.390366758948883,14.925497315272617,0.47594510915059185,-0.045240019685717364,1.5579323994073224,0.3742320561231696,0.6964131051578413,0.8384572386808227
2003-02-17,Bergamo,Planes,Shipped,48.0,52.64,2526.72,Other,0.0,0.0,0.0,0.0,0.0,0.0,1.0,0.0,0.0,0.0,0.0,0.0,0.0,1.0,0.0,0.0,0.0,0.0,0.0,0.0,0.0,0.0,0.0,1.0,7.835072989638792,3.9822950584134778,14.546755227281093,-0.4117933116262002,-1.4795432980859047,1.3697028667658944,0.1983684929678839,0.2927754382821134,0.7825600894354343
2003-02-17,Bergamo,Planes,Shipped,34.0,90.39,3073.26,Other,0.0,0.0,0.0,0.0,0.0,0.0,1.0,0.0,0.0,0.0,0.0,0.0,0.0,1.0,0.0,0.0,0.0,0.0,0.0,0.0,0.0,0.0,0.0,1.0,8.030819500873159,4.51513606328411,11.683463549954297,-0.029956478545905836,0.39330306481862304,-0.05331314156158311,0.2643472075348672,0.8564943404115521,0.39128004471771716
2003-02-17,Bergamo,Vintage Cars,Shipped,31.0,52.6,1630.6,Other,0.0,0.0,0.0,0.0,0.0,0.0,1.0,0.0,0.0,0.0,0.0,0.0,0.0,0.0,0.0,0.0,0.0,1.0,0.0,0.0,0.0,0.0,0.0,1.0,7.3973164074434035,3.9815490680767565,11.009728365329204,-1.265711912532501,-1.4821653284403995,-0.388150126800217,0.0901882212626747,0.2921781202401219,0.30743432084963496
2003-02-17,Bergamo,Planes,Shipped,50.0,64.83,3241.5,Other,0.0,0.0,0.0,0.0,0.0,0.0,1.0,0.0,0.0,0.0,0.0,0.0,0.0,1.0,0.0,0.0,0.0,0.0,0.0,0.0,0.0,0.0,0.0,1.0,8.084099916190599,4.187075661479786,14.925497315272617,0.07397602539361875,-0.7597739782693014,1.5579323994073224,0.2846572652410721,0.47480811157901026,0.8384572386808227
2003-02-17,Bergamo,Planes,Shipped,28.0,88.63,2481.64,Other,0.0,0.0,0.0,0.0,0.0,0.0,1.0,0.0,0.0,0.0,0.0,0.0,0.0,1.0,0.0,0.0,0.0,0.0,0.0,0.0,0.0,0.0,0.0,1.0,7.817077789092546,4.4956900853692705,10.308532382015233,-0.446896008189697,0.32495372856629784,-0.7366347457903012,0.19292640189919796,0.830212346563928,0.22358859698155265
2003-02-17,Bergamo,Vintage Cars,Shipped,41.0,100.0,4774.86,Other,0.0,0.0,0.0,0.0,0.0,0.0,1.0,0.0,0.0,0.0,0.0,0.0,0.0,0.0,0.0,0.0,0.0,1.0,0.0,0.0,0.0,0.0,0.0,1.0,8.471329341409966,4.61512051684126,13.166125611826143,0.8293328206124855,0.7447315744112115,0.6835492136397722,0.4697656228515479,1.0,0.5869200670765757
2003-02-17,Bergamo,Vintage Cars,Shipped,39.0,40.15,1565.85,Other,0.0,0.0,0.0,0.0,0.0,0.0,1.0,0.0,0.0,0.0,0.0,0.0,0.0,0.0,0.0,0.0,0.0,1.0,0.0,0.0,0.0,0.0,0.0,1.0,7.35682251346018,3.717223927123079,12.754015005493859,-1.3447021338148122,-2.4112236672961176,0.4787359930181514,0.0823715531904162,0.10626287967028047,0.5310229178311876
2003-02-17,Bergamo,Vintage Cars,Shipped,33.0,72.92,2406.36,Other,0.0,0.0,0.0,0.0,0.0,0.0,1.0,0.0,0.0,0.0,0.0,0.0,0.0,0.0,0.0,0.0,0.0,1.0,0.0,0.0,0.0,0.0,0.0,1.0,7.786285990371857,4.302983427333428,11.461717832632248,-0.5069606439996128,-0.3523777085995373,-0.16351766875873364,0.18383854440916525,0.5956156855717827,0.3633314700950231
2003-02-17,Bergamo,Planes,Shipped,49.0,74.68,3659.32,Other,0.0,0.0,0.0,0.0,0.0,0.0,1.0,0.0,0.0,0.0,0.0,0.0,0.0,1.0,0.0,0.0,0.0,0.0,0.0,0.0,0.0,0.0,0.0,1.0,8.205305854267474,4.326513924743623,14.736931873780104,0.3104088039599142,-0.2696719744514733,1.464218006289084,0.33509680584263274,0.6218976794194069,0.8105086640581285
2003-02-17,Bergamo,Planes,Shipped,48.0,61.44,2949.12,Other,0.0,0.0,0.0,0.0,0.0,0.0,1.0,0.0,0.0,0.0,0.0,0.0,0.0,1.0,0.0,0.0,0.0,0.0,0.0,0.0,0.0,0.0,0.0,1.0,7.989601126472641,4.134206095647231,14.546755227281093,-0.11035992199204649,-0.9456015950869693,1.3697028667658944,0.249360934569768,0.42418540752023415,0.7825600894354343
2003-02-17,Bergamo,Planes,Shipped,26.0,63.76,1657.76,Other,0.0,0.0,0.0,0.0,0.0,0.0,1.0,0.0,0.0,0.0,0.0,0.0,0.0,1.0,0.0,0.0,0.0,0.0,0.0,0.0,0.0,0.0,0.0,1.0,7.413825614264266,4.170688128809434,9.823805373555334,-1.2335078992430981,-0.8173733947520814,-0.9775373049564378,0.09346699662703828,0.4588298539557387,0.1676914477361645
2003-02-17,Bergamo,Planes,Shipped,36.0,100.0,5279.4,Other,0.0,0.0,0.0,0.0,0.0,0.0,1.0,0.0,0.0,0.0,0.0,0.0,0.0,1.0,0.0,0.0,0.0,0.0,0.0,0.0,0.0,0.0,0.0,1.0,8.571757131406605,4.61512051684126,12.119023021201402,1.0252342905480412,0.7447315744112115,0.16315383770961095,0.5306740662365256,1.0,0.4471771939631053
2003-02-17,Bergamo,Ships,Shipped,41.0,83.44,3421.04,Other,0.0,0.0,0.0,0.0,0.0,0.0,1.0,0.0,0.0,0.0,0.0,0.0,0.0,0.0,1.0,0.0,0.0,0.0,0.0,0.0,0.0,0.0,0.0,1.0,8.137992143454541,4.43604122298012,13.166125611826143,0.17910197249910287,0.115298026479264,0.6835492136397722,0.3063314673367214,0.7527103306155363,0.5869200670765757
2003-02-17,Bergamo,Planes,Shipped,34.0,100.0,3763.46,Other,0.0,0.0,0.0,0.0,0.0,0.0,1.0,0.0,0.0,0.0,0.0,0.0,0.0,1.0,0.0,0.0,0.0,0.0,0.0,0.0,0.0,0.0,0.0,1.0,8.233359703652638,4.61512051684126,11.683463549954297,0.36513260433517297,0.7447315744112115,-0.05331314156158311,0.34766866395915785,1.0,0.39128004471771716
2003-02-17,Bergamo,Planes,Shipped,32.0,100.0,3986.56,Other,0.0,0.0,0.0,0.0,0.0,0.0,1.0,0.0,0.0,0.0,0.0,0.0,0.0,1.0,0.0,0.0,0.0,0.0,0.0,0.0,0.0,0.0,0.0,1.0,8.290934794001839,4.61512051684126,11.237179911736995,0.47744260171197705,0.7447315744112115,-0.2751098821684491,0.37460146159500146,1.0,0.335382895472329
2003-02-17,Bergamo,Ships,Shipped,30.0,100.0,3177.3,Other,0.0,0.0,0.0,0.0,0.0,0.0,1.0,0.0,0.0,0.0,0.0,0.0,0.0,0.0,1.0,0.0,0.0,0.0,0.0,0.0,0.0,0.0,0.0,1.0,8.064101741634435,4.61512051684126,10.779232502977782,0.034966187661338105,0.7447315744112115,-0.5027033539745942,0.27690699357714943,1.0,0.2794857462269409
2003-02-17,Bergamo,Planes,Shipped,31.0,100.0,3312.97,Other,0.0,0.0,0.0,0.0,0.0,0.0,1.0,0.0,0.0,0.0,0.0,0.0,0.0,1.0,0.0,0.0,0.0,0.0,0.0,0.0,0.0,0.0,0.0,1.0,8.105902145441007,4.61512051684126,11.009728365329204,0.11650497836739093,0.7447315744112115,-0.388150126800217,0.29328517670245147,1.0,0.30743432084963496
2003-02-17,Bergamo,Planes,Shipped,44.0,74.4,3273.6,Other,0.0,0.0,0.0,0.0,0.0,0.0,1.0,0.0,0.0,0.0,0.0,0.0,0.0,1.0,0.0,0.0,0.0,0.0,0.0,0.0,0.0,0.0,0.0,1.0,8.093951003205392,4.32280727501391,13.768958087112637,0.09319224459674572,-0.28270022378175763,0.9831485417366043,0.28853240107303346,0.6177164531254666,0.670765790944658
2003-02-24,NYC,Motorcycles,Shipped,27.0,100.0,6065.55,NYC,0.0,0.0,0.0,1.0,0.0,0.0,0.0,0.0,0.0,0.0,0.0,0.0,1.0,0.0,0.0,0.0,0.0,0.0,0.0,0.0,0.0,0.0,0.0,1.0,8.710545353442633,4.61512051684126,10.068010317854855,1.2959643017084013,0.7447315744112115,-0.8561708553548468,0.6255786778968504,1.0,0.19564002235885858
2003-02-24,NYC,Motorcycles,Shipped,20.0,92.9,1858.0,NYC,0.0,0.0,0.0,1.0,0.0,0.0,0.0,0.0,0.0,0.0,0.0,0.0,1.0,0.0,0.0,0.0,0.0,0.0,0.0,0.0,0.0,0.0,0.0,1.0,7.527793987721444,4.542230386214217,8.268807419728406,-1.0111932203362655,0.48853504526151487,-1.7503495890608907,0.11764011809096175,0.8939760475465162,0.0
2003-02-24,NYC,Motorcycles,Shipped,25.0,100.0,2845.75,NYC,0.0,0.0,0.0,1.0,0.0,0.0,0.0,0.0,0.0,0.0,0.0,0.0,1.0,0.0,0.0,0.0,0.0,0.0,0.0,0.0,0.0,0.0,0.0,1.0,7.9539332716907145,4.61512051684126,9.57572149487329,-0.17993613373046233,0.7447315744112115,-1.1008315308182302,0.236882031424913,1.0,0.13974287311347044
2003-02-24,NYC,Motorcycles,Shipped,21.0,100.0,3036.6,NYC,0.0,0.0,0.0,1.0,0.0,0.0,0.0,0.0,0.0,0.0,0.0,0.0,1.0,0.0,0.0,0.0,0.0,0.0,0.0,0.0,0.0,0.0,0.0,1.0,8.018823008917593,4.61512051684126,8.539972716394377,-0.053357674651526604,0.7447315744112115,-1.6155842205467048,0.2599215851174309,1.0,0.027948574622694067
2003-02-24,NYC,Motorcycles,Shipped,39.0,99.91,3896.49,NYC,0.0,0.0,0.0,1.0,0.0,0.0,0.0,0.0,0.0,0.0,0.0,0.0,1.0,0.0,0.0,0.0,0.0,0.0,0.0,0.0,0.0,0.0,0.0,1.0,8.268088035181366,4.614229030476437,12.754015005493859,0.43287611631641565,0.7415981500300644,0.4787359930181514,0.36372814432444817,0.9986560344055191,0.5310229178311876
2003-02-24,NYC,Motorcycles,Shipped,38.0,83.03,3155.14,NYC,0.0,0.0,0.0,1.0,0.0,0.0,0.0,0.0,0.0,0.0,0.0,0.0,1.0,0.0,0.0,0.0,0.0,0.0,0.0,0.0,0.0,0.0,0.0,1.0,8.057105040931194,4.431173877940127,12.544675977743431,0.021317934000575557,0.09819012867893341,0.3746974174111126,0.27423182192492934,0.7465878206851237,0.5030743432084936
2003-02-24,NYC,Motorcycles,Shipped,29.0,70.87,2055.23,NYC,0.0,0.0,0.0,1.0,0.0,0.0,0.0,0.0,0.0,0.0,0.0,0.0,1.0,0.0,0.0,0.0,0.0,0.0,0.0,0.0,0.0,0.0,0.0,1.0,7.628629488022611,4.274858931480352,10.54555133395328,-0.8144964421701135,-0.45123057331055333,-0.6188396341166861,0.1414498701201748,0.5650031359197205,0.2515371716042467
2003-02-24,NYC,Motorcycles,Shipped,30.0,95.7,2871.0,NYC,0.0,0.0,0.0,1.0,0.0,0.0,0.0,0.0,0.0,0.0,0.0,0.0,1.0,0.0,0.0,0.0,0.0,0.0,0.0,0.0,0.0,0.0,0.0,1.0,7.962763930168115,4.571613402459248,10.779232502977782,-0.16271043378944508,0.5918113971237969,-0.5027033539745942,0.2399302301712377,0.9357883104859182,0.2794857462269409
2003-03-03,Makati City,Classic Cars,Shipped,45.0,100.0,6130.35,Other,0.0,0.0,0.0,0.0,0.0,0.0,1.0,0.0,0.0,0.0,0.0,1.0,0.0,0.0,0.0,0.0,0.0,0.0,0.0,0.0,0.0,0.0,0.0,1.0,8.721170233068538,4.61512051684126,13.966075138951927,1.3166899348889451,0.7447315744112115,1.0811129658652374,0.6334013820062303,1.0,0.6987143655673522
2003-03-03,Makati City,Classic Cars,Shipped,39.0,89.38,3485.82,Other,0.0,0.0,0.0,0.0,0.0,0.0,1.0,0.0,0.0,0.0,0.0,1.0,0.0,0.0,0.0,0.0,0.0,0.0,0.0,0.0,0.0,0.0,0.0,1.0,8.156745425039292,4.504023003983134,12.754015005493859,0.21568343494780318,0.3542425336239014,0.4787359930181514,0.3141517570312528,0.8414120598512678,0.5310229178311876
2003-03-03,Makati City,Classic Cars,Shipped,36.0,100.0,3731.04,Other,0.0,0.0,0.0,0.0,0.0,0.0,1.0,0.0,0.0,0.0,0.0,1.0,0.0,0.0,0.0,0.0,0.0,0.0,0.0,0.0,0.0,0.0,0.0,1.0,8.224710280023407,4.61512051684126,12.119023021201402,0.34826043376248117,0.7447315744112115,0.16315383770961095,0.3437548974896193,1.0,0.4471771939631053
2003-03-03,Makati City,Motorcycles,Shipped,31.0,100.0,3669.78,Other,0.0,0.0,0.0,0.0,0.0,0.0,1.0,0.0,0.0,0.0,0.0,0.0,1.0,0.0,0.0,0.0,0.0,0.0,0.0,0.0,0.0,0.0,0.0,1.0,8.208159452526397,4.61512051684126,11.009728365329204,0.3159752322717124,0.7447315744112115,-0.388150126800217,0.336359544808437,1.0,0.30743432084963496
2003-03-03,Makati City,Classic Cars,Shipped,38.0,82.39,3130.82,Other,0.0,0.0,0.0,0.0,0.0,0.0,1.0,0.0,0.0,0.0,0.0,1.0,0.0,0.0,0.0,0.0,0.0,0.0,0.0,0.0,0.0,0.0,0.0,1.0,8.049369584194789,4.423528398098894,12.544675977743431,0.006228611161394917,0.07131755509239254,0.3746974174111126,0.2712958934690633,0.7370307320132605,0.5030743432084936
2003-03-03,Makati City,Classic Cars,Shipped,33.0,100.0,5265.15,Other,0.0,0.0,0.0,0.0,0.0,0.0,1.0,0.0,0.0,0.0,0.0,1.0,0.0,0.0,0.0,0.0,0.0,0.0,0.0,0.0,0.0,0.0,0.0,1.0,8.569054824268882,4.61512051684126,11.461717832632248,1.0199629812768234,0.7447315744112115,-0.16351766875873364,0.5289537956569166,1.0,0.3633314700950231
2003-03-03,Makati City,Classic Cars,Shipped,31.0,68.71,2130.01,Other,0.0,0.0,0.0,0.0,0.0,0.0,1.0,0.0,0.0,0.0,0.0,1.0,0.0,0.0,0.0,0.0,0.0,0.0,0.0,0.0,0.0,0.0,0.0,1.0,7.664351324720173,4.244343779498307,11.009728365329204,-0.7448149295321814,-0.5584861915543587,-0.388150126800217,0.15047736723899324,0.5327479616521815,0.30743432084963496
2003-03-03,Makati City,Motorcycles,Shipped,35.0,58.87,2060.45,Other,0.0,0.0,0.0,0.0,0.0,0.0,1.0,0.0,0.0,0.0,0.0,0.0,1.0,0.0,0.0,0.0,0.0,0.0,0.0,0.0,0.0,0.0,0.0,1.0,7.63116489766897,4.092175544937261,11.902530119204657,-0.8095506948164455,-1.0933318998279757,0.05555988642964223,0.14208003239565262,0.38580772332228297,0.41922861934041133
2003-03-03,Makati City,Classic Cars,Shipped,44.0,100.0,5565.12,Other,0.0,0.0,0.0,0.0,0.0,0.0,1.0,0.0,0.0,0.0,0.0,1.0,0.0,0.0,0.0,0.0,0.0,0.0,0.0,0.0,0.0,0.0,0.0,1.0,8.624453501321634,4.61512051684126,13.768958087112637,1.1280275146841847,0.7447315744112115,0.9831485417366043,0.5651663967632545,1.0,0.670765790944658
2003-03-03,Makati City,Motorcycles,Shipped,34.0,82.99,2821.66,Other,0.0,0.0,0.0,0.0,0.0,0.0,1.0,0.0,0.0,0.0,0.0,0.0,1.0,0.0,0.0,0.0,0.0,0.0,0.0,0.0,0.0,0.0,0.0,1.0,7.945434981751075,4.430697744137536,11.683463549954297,-0.19651349235967935,0.09651659857842014,-0.05331314156158311,0.23397386873980552,0.7459905026431322,0.39128004471771716
2003-03-03,Makati City,Classic Cars,Shipped,30.0,63.07,1892.1,Other,0.0,0.0,0.0,0.0,0.0,0.0,1.0,0.0,0.0,0.0,0.0,1.0,0.0,0.0,0.0,0.0,0.0,0.0,0.0,0.0,0.0,0.0,0.0,1.0,7.545970976015864,4.15997623565093,10.779232502977782,-0.9757359158790285,-0.8550238945415959,-0.5027033539745942,0.1217566954077805,0.44852611773138606,0.2794857462269409
2003-03-03,Makati City,Classic Cars,Shipped,26.0,68.35,1777.1,Other,0.0,0.0,0.0,0.0,0.0,0.0,1.0,0.0,0.0,0.0,0.0,1.0,0.0,0.0,0.0,0.0,0.0,0.0,0.0,0.0,0.0,0.0,0.0,1.0,7.4833006574619025,4.239166146760841,9.823805373555334,-1.0979850216938787,-0.5766846983362722,-0.9775373049564378,0.10787381002847968,0.5273720992742585,0.1676914477361645
2003-03-03,Makati City,Motorcycles,Shipped,27.0,43.45,1173.15,Other,0.0,0.0,0.0,0.0,0.0,0.0,1.0,0.0,0.0,0.0,0.0,0.0,1.0,0.0,0.0,0.0,0.0,0.0,0.0,0.0,0.0,0.0,0.0,1.0,7.068299760539825,3.794364961959914,10.068010317854855,-1.9075147916343527,-2.1400859260107334,-0.8561708553548468,0.03496451763866462,0.1555416181345758,0.19564002235885858
2003-03-03,Makati City,Classic Cars,Shipped,29.0,100.0,4049.56,Other,0.0,0.0,0.0,0.0,0.0,0.0,1.0,0.0,0.0,0.0,0.0,1.0,0.0,0.0,0.0,0.0,0.0,0.0,0.0,0.0,0.0,0.0,0.0,1.0,8.306610422146885,4.61512051684126,10.54555133395328,0.508020578145399,0.7447315744112115,-0.6188396341166861,0.3822068683680097,1.0,0.2515371716042467
2003-03-03,Makati City,Classic Cars,Shipped,40.0,100.0,5448.8,Other,0.0,0.0,0.0,0.0,0.0,0.0,1.0,0.0,0.0,0.0,0.0,1.0,0.0,0.0,0.0,0.0,0.0,0.0,0.0,0.0,0.0,0.0,0.0,1.0,8.603334189736223,4.61512051684126,12.961139346341028,1.086830708663188,0.7447315744112115,0.5816739001387327,0.5511241600039479,1.0,0.5589714924538818
2003-03-03,Makati City,Motorcycles,Shipped,43.0,67.77,2914.11,Other,0.0,0.0,0.0,0.0,0.0,0.0,1.0,0.0,0.0,0.0,0.0,0.0,1.0,0.0,0.0,0.0,0.0,0.0,0.0,0.0,0.0,0.0,0.0,1.0,7.97766283392167,4.230767603331745,13.569968697266269,-0.13364759026926487,-0.6062041635634222,0.8842535917456676,0.2451345013773391,0.5187109876653824,0.6428172163219641
2003-03-10,Philadelphia,Classic Cars,Shipped,26.0,100.0,4379.18,Other,0.0,0.0,0.0,0.0,0.0,0.0,1.0,0.0,0.0,0.0,0.0,1.0,0.0,0.0,0.0,0.0,0.0,0.0,0.0,0.0,0.0,0.0,0.0,1.0,8.38484509841649,4.61512051684126,9.823805373555334,0.6606306085130965,0.7447315744112115,-0.9775373049564378,0.42199883948735883,1.0,0.1676914477361645
2003-03-10,Philadelphia,Classic Cars,Shipped,38.0,100.0,4432.7,Other,0.0,0.0,0.0,0.0,0.0,0.0,1.0,0.0,0.0,0.0,0.0,1.0,0.0,0.0,0.0,0.0,0.0,0.0,0.0,0.0,0.0,0.0,0.0,1.0,8.396989728888636,4.61512051684126,12.544675977743431,0.6843207739682688,0.7447315744112115,0.3746974174111126,0.4284598136221429,1.0,0.5030743432084936
2003-03-10,Philadelphia,Classic Cars,Shipped,29.0,33.034,930.9,Other,0.0,0.0,0.0,0.0,0.0,0.0,1.0,0.0,0.0,0.0,0.0,1.0,0.0,0.0,0.0,0.0,0.0,0.0,0.0,0.0,0.0,0.0,0.0,1.0,6.83722551279161,3.5273600249492447,10.54555133395328,-2.3582643779753756,-3.0785632965340333,-0.6188396341166861,0.005719917785311335,0.0,0.2515371716042467
2003-03-10,Philadelphia,Classic Cars,Shipped,46.0,100.0,8257.0,Other,0.0,0.0,0.0,0.0,0.0,0.0,1.0,0.0,0.0,0.0,0.0,1.0,0.0,0.0,0.0,0.0,0.0,0.0,0.0,0.0,0.0,0.0,0.0,1.0,9.018937706446035,4.61512051684126,14.161377611660777,1.8975359909019338,0.7447315744112115,1.1781755694872693,0.8901321488922311,1.0,0.7266629401900462
2003-03-10,Philadelphia,Classic Cars,Shipped,26.0,100.0,3157.44,Other,0.0,0.0,0.0,0.0,0.0,0.0,1.0,0.0,0.0,0.0,0.0,1.0,0.0,0.0,0.0,0.0,0.0,0.0,0.0,0.0,0.0,0.0,0.0,1.0,8.057833513799292,4.61512051684126,9.823805373555334,0.022738944118125545,0.7447315744112115,-0.9775373049564378,0.2745094796325154,1.0,0.1676914477361645
2003-03-10,Philadelphia,Classic Cars,Shipped,47.0,100.0,6241.6,Other,0.0,0.0,0.0,0.0,0.0,0.0,1.0,0.0,0.0,0.0,0.0,1.0,0.0,0.0,0.0,0.0,0.0,0.0,0.0,0.0,0.0,0.0,0.0,1.0,8.73915204124869,4.61512051684126,14.35492029635209,1.3517665073666334,0.7447315744112115,1.2743635830212399,0.6468315646014235,1.0,0.7546115148127404
2003-03-18,Manchester,Classic Cars,Shipped,29.0,59.37,1721.73,Manchester,0.0,1.0,0.0,0.0,0.0,0.0,0.0,0.0,0.0,0.0,0.0,1.0,0.0,0.0,0.0,0.0,0.0,0.0,0.0,0.0,0.0,0.0,0.0,1.0,7.451665520824405,4.100492292808335,10.54555133395328,-1.1596947314177042,-1.064099932206946,-0.6188396341166861,0.1011895025202024,0.3932741988471762,0.2515371716042467
2003-03-18,Manchester,Classic Cars,Shipped,37.0,100.0,5433.08,Manchester,0.0,1.0,0.0,0.0,0.0,0.0,0.0,0.0,0.0,0.0,0.0,1.0,0.0,0.0,0.0,0.0,0.0,0.0,0.0,0.0,0.0,0.0,0.0,1.0,8.60044551199791,4.61512051684126,12.33304085962557,1.0811958518658338,0.7447315744112115,0.26951771693185156,0.5492264299329687,1.0,0.47512576858579947
2003-03-18,Manchester,Classic Cars,Shipped,27.0,73.62,1987.74,Manchester,0.0,1.0,0.0,0.0,0.0,0.0,0.0,0.0,0.0,0.0,0.0,1.0,0.0,0.0,0.0,0.0,0.0,0.0,0.0,0.0,0.0,0.0,0.0,1.0,7.595256551355257,4.312408567793012,10.068010317854855,-0.8795960261539862,-0.31924992776389877,-0.8561708553548468,0.13330242721366165,0.6060687513066332,0.19564002235885858
2003-03-18,Manchester,Vintage Cars,Shipped,20.0,35.51,883.5186,Manchester,0.0,1.0,0.0,0.0,0.0,0.0,0.0,0.0,0.0,0.0,0.0,0.0,0.0,0.0,0.0,0.0,0.0,1.0,0.0,0.0,0.0,0.0,0.0,1.0,6.785043542208585,3.5975861956675455,8.268807419728406,-2.4600541788033214,-2.831730137658781,-1.7503495890608907,0.0,0.03697398679927122,0.0
2003-03-18,Manchester,Classic Cars,Shipped,46.0,100.0,5942.28,Manchester,0.0,1.0,0.0,0.0,0.0,0.0,0.0,0.0,0.0,0.0,0.0,1.0,0.0,0.0,0.0,0.0,0.0,0.0,0.0,0.0,0.0,0.0,0.0,1.0,8.69001644850888,4.61512051684126,14.161377611660777,1.2559191841883983,0.7447315744112115,1.1781755694872693,0.6106974319776641,1.0,0.7266629401900462
2003-03-18,Manchester,Vintage Cars,Shipped,42.0,100.0,6069.0,Manchester,0.0,1.0,0.0,0.0,0.0,0.0,0.0,0.0,0.0,0.0,0.0,0.0,0.0,0.0,0.0,0.0,0.0,1.0,0.0,0.0,0.0,0.0,0.0,1.0,8.711113884053544,4.61512051684126,13.369046010543581,1.2970733172745565,0.7447315744112115,0.7843978201850537,0.6259951644582293,1.0,0.6148686416992699
2003-03-18,Manchester,Vintage Cars,Shipped,39.0,44.35,1729.65,Manchester,0.0,1.0,0.0,0.0,0.0,0.0,0.0,0.0,0.0,0.0,0.0,0.0,0.0,0.0,0.0,0.0,0.0,1.0,0.0,0.0,0.0,0.0,0.0,1.0,7.456252339469137,3.814410176561146,12.754015005493859,-1.1507473622197868,-2.0696303737608224,0.4787359930181514,0.10214561080023773,0.16898127407938357,0.5310229178311876
2003-03-18,Manchester,Classic Cars,Shipped,42.0,61.29,2574.18,Manchester,0.0,1.0,0.0,0.0,0.0,0.0,0.0,0.0,0.0,0.0,0.0,1.0,0.0,0.0,0.0,0.0,0.0,0.0,0.0,0.0,0.0,0.0,0.0,1.0,7.853674713567363,4.131800899266054,13.369046010543581,-0.37550748813984697,-0.9540554551566408,0.7843978201850537,0.2040978994035501,0.4219454648627662,0.6148686416992699
2003-03-18,Manchester,Classic Cars,Shipped,43.0,78.15,3360.45,Manchester,0.0,1.0,0.0,0.0,0.0,0.0,0.0,0.0,0.0,0.0,0.0,1.0,0.0,0.0,0.0,0.0,0.0,0.0,0.0,0.0,0.0,0.0,0.0,1.0,8.120127707486404,4.371344786327021,13.569968697266269,0.1442543544658386,-0.11209904876658269,0.8842535917456676,0.2990169975529663,0.673715019562166,0.6428172163219641
2003-03-18,Manchester,Classic Cars,Shipped,37.0,100.0,3724.42,Manchester,0.0,1.0,0.0,0.0,0.0,0.0,0.0,0.0,0.0,0.0,0.0,1.0,0.0,0.0,0.0,0.0,0.0,0.0,0.0,0.0,0.0,0.0,0.0,1.0,8.22293487613552,4.61512051684126,12.33304085962557,0.3447972067873779,0.7447315744112115,0.26951771693185156,0.3429557261747413,1.0,0.47512576858579947
2003-03-18,Manchester,Vintage Cars,Shipped,28.0,89.27,2499.56,Manchester,0.0,1.0,0.0,0.0,0.0,0.0,0.0,0.0,0.0,0.0,0.0,0.0,0.0,0.0,0.0,0.0,0.0,1.0,0.0,0.0,0.0,0.0,0.0,1.0,7.824269985772038,4.502805179310063,10.308532382015233,-0.4328664064069107,0.34996208506838966,-0.7366347457903012,0.19508971760352034,0.8397694352357912,0.22358859698155265
2003-03-18,Manchester,Vintage Cars,Shipped,33.0,100.0,3859.68,Manchester,0.0,1.0,0.0,0.0,0.0,0.0,0.0,0.0,0.0,0.0,0.0,0.0,0.0,0.0,0.0,0.0,0.0,1.0,0.0,0.0,0.0,0.0,0.0,1.0,8.258598612746612,4.61512051684126,11.461717832632248,0.41436538533378625,0.7447315744112115,-0.16351766875873364,0.35928441379564763,1.0,0.3633314700950231
2003-03-18,Manchester,Vintage Cars,Shipped,48.0,34.47,1654.56,Manchester,0.0,1.0,0.0,0.0,0.0,0.0,0.0,0.0,0.0,0.0,0.0,0.0,0.0,0.0,0.0,0.0,0.0,1.0,0.0,0.0,0.0,0.0,0.0,1.0,7.411894599157486,3.5686872687855304,14.546755227281093,-1.2372746723434396,-2.9333049969659513,1.3697028667658944,0.09308069025126642,0.021443717707493315,0.7825600894354343
2003-03-18,Manchester,Vintage Cars,Shipped,31.0,100.0,5074.39,Manchester,0.0,1.0,0.0,0.0,0.0,0.0,0.0,0.0,0.0,0.0,0.0,0.0,0.0,0.0,0.0,0.0,0.0,1.0,0.0,0.0,0.0,0.0,0.0,1.0,8.532158648248027,4.61512051684126,11.009728365329204,0.9479907202350492,0.7447315744112115,-0.388150126800217,0.5059251068312173,1.0,0.30743432084963496
2003-03-18,Manchester,Classic Cars,Shipped,36.0,85.25,3069.0,Manchester,0.0,1.0,0.0,0.0,0.0,0.0,0.0,0.0,0.0,0.0,0.0,1.0,0.0,0.0,0.0,0.0,0.0,0.0,0.0,0.0,0.0,0.0,0.0,1.0,8.029432840581244,4.457250055911469,12.119023021201402,-0.03266139507843733,0.18984350112150017,0.16315383770961095,0.26383293717212086,0.7797389720156498,0.4471771939631053
2003-03-18,Manchester,Vintage Cars,Shipped,32.0,50.25,1608.0,Manchester,0.0,1.0,0.0,0.0,0.0,0.0,0.0,0.0,0.0,0.0,0.0,0.0,0.0,0.0,0.0,0.0,0.0,1.0,0.0,0.0,0.0,0.0,0.0,1.0,7.3833681469923835,3.9367156180185177,11.237179911736995,-1.2929203647496637,-1.639747352178269,-0.2751098821684491,0.08745993248378603,0.2570856852731237,0.335382895472329
2003-03-24,Lule,Classic Cars,Shipped,29.0,100.0,7209.11,Other,0.0,0.0,0.0,0.0,0.0,0.0,1.0,0.0,0.0,0.0,0.0,1.0,0.0,0.0,0.0,0.0,0.0,0.0,0.0,0.0,0.0,0.0,0.0,1.0,8.883239486750686,4.61512051684126,10.54555133395328,1.6328335543866355,0.7447315744112115,-0.6188396341166861,0.7636300901086177,1.0,0.2515371716042467
2003-03-24,Lule,Vintage Cars,Shipped,23.0,100.0,2539.89,Other,0.0,0.0,0.0,0.0,0.0,0.0,1.0,0.0,0.0,0.0,0.0,0.0,0.0,0.0,0.0,0.0,0.0,1.0,0.0,0.0,0.0,0.0,0.0,1.0,7.840269692339833,4.61512051684126,9.067037908070397,-0.4016562599397486,0.7447315744112115,-1.353640175122944,0.19995838514566988,1.0,0.0838457238680822
2003-03-25,San Francisco,Vintage Cars,Shipped,39.0,100.0,4178.85,San Francisco,0.0,0.0,0.0,0.0,0.0,0.0,0.0,0.0,1.0,0.0,0.0,0.0,0.0,0.0,0.0,0.0,0.0,1.0,0.0,0.0,0.0,0.0,0.0,1.0,8.33803063970745,4.61512051684126,12.754015005493859,0.5693110516887825,0.7447315744112115,0.4787359930181514,0.3978148531566168,1.0,0.5310229178311876
2003-03-25,San Francisco,Vintage Cars,Shipped,33.0,99.66,3288.78,San Francisco,0.0,0.0,0.0,0.0,0.0,0.0,0.0,0.0,1.0,0.0,0.0,0.0,0.0,0.0,0.0,0.0,0.0,1.0,0.0,0.0,0.0,0.0,0.0,1.0,8.098575972222655,4.611748501348214,11.461717832632248,0.10221403257912066,0.7328795080460458,-0.16351766875873364,0.2903649419431012,0.9949227966430725,0.3633314700950231
2003-03-25,San Francisco,Vintage Cars,Shipped,43.0,100.0,4818.15,San Francisco,0.0,0.0,0.0,0.0,0.0,0.0,0.0,0.0,1.0,0.0,0.0,0.0,0.0,0.0,0.0,0.0,0.0,1.0,0.0,0.0,0.0,0.0,0.0,1.0,8.480352842945695,4.61512051684126,13.569968697266269,0.8469346937083119,0.7447315744112115,0.8842535917456676,0.47499162379128634,1.0,0.6428172163219641
2003-03-25,San Francisco,Vintage Cars,Shipped,48.0,49.06,2354.88,San Francisco,0.0,0.0,0.0,0.0,0.0,0.0,0.0,0.0,1.0,0.0,0.0,0.0,0.0,0.0,0.0,0.0,0.0,1.0,0.0,0.0,0.0,0.0,0.0,1.0,7.76466960968823,3.913222286003628,14.546755227281093,-0.5491270677629034,-1.7223224562231934,1.3697028667658944,0.1776238405889356,0.23931547352387783,0.7825600894354343
2003-03-25,San Francisco,Vintage Cars,Shipped,28.0,64.33,1801.24,San Francisco,0.0,0.0,0.0,0.0,0.0,0.0,0.0,0.0,1.0,0.0,0.0,0.0,0.0,0.0,0.0,0.0,0.0,1.0,0.0,0.0,0.0,0.0,0.0,1.0,7.4967856146495135,4.179451348852659,10.308532382015233,-1.0716803212204393,-0.7865721526643598,-0.7366347457903012,0.11078800875070857,0.46734163605411694,0.22358859698155265
2003-03-25,San Francisco,Vintage Cars,Shipped,26.0,86.68,2253.68,San Francisco,0.0,0.0,0.0,0.0,0.0,0.0,0.0,0.0,1.0,0.0,0.0,0.0,0.0,0.0,0.0,0.0,0.0,1.0,0.0,0.0,0.0,0.0,0.0,1.0,7.720763334993431,4.473693823199706,9.823805373555334,-0.6347737174839949,0.24764057281214227,-0.9775373049564378,0.16540690145515086,0.8010930920168444,0.1676914477361645
2003-03-26,San Rafael,Trucks and Buses,Shipped,21.0,100.0,3415.44,San Rafael,0.0,0.0,0.0,0.0,0.0,0.0,0.0,0.0,0.0,1.0,0.0,0.0,0.0,0.0,0.0,0.0,1.0,0.0,0.0,0.0,0.0,0.0,0.0,1.0,8.136354352234338,4.61512051684126,8.539972716394377,0.1759071824166365,0.7447315744112115,-1.6155842205467048,0.3056554311791207,1.0,0.027948574622694067
2003-03-26,San Rafael,Trucks and Buses,Shipped,23.0,68.52,1575.96,San Rafael,0.0,0.0,0.0,0.0,0.0,0.0,0.0,0.0,0.0,1.0,0.0,0.0,0.0,0.0,0.0,0.0,1.0,0.0,0.0,0.0,0.0,0.0,0.0,1.0,7.363254222024991,4.241614480957137,9.067037908070397,-1.332155993328343,-0.5680792161140087,-1.353640175122944,0.0835920398963704,0.5299107009527222,0.0838457238680822
2003-03-26,San Rafael,Trucks and Buses,Shipped,49.0,100.0,4916.66,San Rafael,0.0,0.0,0.0,0.0,0.0,0.0,0.0,0.0,0.0,1.0,0.0,0.0,0.0,0.0,0.0,0.0,1.0,0.0,0.0,0.0,0.0,0.0,0.0,1.0,8.500588086592062,4.61512051684126,14.736931873780104,0.8864069749858349,0.7447315744112115,1.464218006289084,0.48688382412793796,1.0,0.8105086640581285
2003-03-26,San Rafael,Vintage Cars,Shipped,50.0,49.81,2490.5,San Rafael,0.0,0.0,0.0,0.0,0.0,0.0,0.0,0.0,0.0,1.0,0.0,0.0,0.0,0.0,0.0,0.0,0.0,1.0,0.0,0.0,0.0,0.0,0.0,1.0,7.82064021772146,3.9280931856056407,14.925497315272617,-0.43994688579072766,-1.6700537494642052,1.5579323994073224,0.1939959876771163,0.25051518681121765,0.8384572386808227
2003-04-01,Paris,Trucks and Buses,Shipped,45.0,68.67,3090.15,Paris,0.0,0.0,0.0,0.0,0.0,0.0,0.0,1.0,0.0,0.0,0.0,0.0,0.0,0.0,0.0,0.0,1.0,0.0,0.0,0.0,0.0,0.0,0.0,1.0,8.036298468939142,4.2437698090420275,13.966075138951927,-0.019268820300195475,-0.5605036010097731,1.0811129658652374,0.26638618087448795,0.5321506436101904,0.6987143655673522
2003-04-01,Paris,Trucks and Buses,Shipped,41.0,100.0,4815.45,Paris,0.0,0.0,0.0,0.0,0.0,0.0,0.0,1.0,0.0,0.0,0.0,0.0,0.0,0.0,0.0,0.0,1.0,0.0,0.0,0.0,0.0,0.0,0.0,1.0,8.479792421161754,4.61512051684126,13.166125611826143,0.8458414957870823,0.7447315744112115,0.6835492136397722,0.47466567778672897,1.0,0.5869200670765757
2003-04-01,Paris,Classic Cars,Shipped,48.0,100.0,8209.44,Paris,0.0,0.0,0.0,0.0,0.0,0.0,0.0,1.0,0.0,0.0,0.0,1.0,0.0,0.0,0.0,0.0,0.0,0.0,0.0,0.0,0.0,0.0,0.0,1.0,9.013161794189461,4.61512051684126,14.546755227281093,1.8862690925531846,0.7447315744112115,1.3697028667658944,0.8843906703823221,1.0,0.7825600894354343
2003-04-01,Paris,Trucks and Buses,Shipped,21.0,100.0,2925.09,Paris,0.0,0.0,0.0,0.0,0.0,0.0,0.0,1.0,0.0,0.0,0.0,0.0,0.0,0.0,0.0,0.0,1.0,0.0,0.0,0.0,0.0,0.0,0.0,1.0,7.981422339821999,4.61512051684126,8.539972716394377,-0.12631403516334702,0.7447315744112115,-1.6155842205467048,0.2464600151292063,1.0,0.027948574622694067
2003-04-01,Paris,Classic Cars,Shipped,24.0,33.034,883.5186,Paris,0.0,0.0,0.0,0.0,0.0,0.0,0.0,1.0,0.0,0.0,0.0,1.0,0.0,0.0,0.0,0.0,0.0,0.0,0.0,0.0,0.0,0.0,0.0,1.0,6.785043542208585,3.5273600249492447,9.323544176118064,-2.4600541788033214,-3.0785632965340333,-1.226160139275199,0.0,0.0,0.11179429849077627
2003-04-01,Paris,Trucks and Buses,Shipped,32.0,100.0,3667.52,Paris,0.0,0.0,0.0,0.0,0.0,0.0,0.0,1.0,0.0,0.0,0.0,0.0,0.0,0.0,0.0,0.0,1.0,0.0,0.0,0.0,0.0,0.0,0.0,1.0,8.207543589958732,4.61512051684126,11.237179911736995,0.31477388768085846,0.7447315744112115,-0.2751098821684491,0.3360867159305481,1.0,0.335382895472329
2003-04-01,Paris,Trucks and Buses,Shipped,28.0,55.73,1560.44,Paris,0.0,0.0,0.0,0.0,0.0,0.0,0.0,1.0,0.0,0.0,0.0,0.0,0.0,0.0,0.0,0.0,1.0,0.0,0.0,0.0,0.0,0.0,0.0,1.0,7.353363751393151,4.038303171338476,10.308532382015233,-1.3514490369689196,-1.282684216998112,-0.7366347457903012,0.08171845397387692,0.33891825702595346,0.22358859698155265
2003-04-01,Paris,Trucks and Buses,Shipped,39.0,100.0,4164.42,Paris,0.0,0.0,0.0,0.0,0.0,0.0,0.0,1.0,0.0,0.0,0.0,0.0,0.0,0.0,0.0,0.0,1.0,0.0,0.0,0.0,0.0,0.0,0.0,1.0,8.334572389853033,4.61512051684126,12.754015005493859,0.5625651476924158,0.7447315744112115,0.4787359930181514,0.39607285284337057,1.0,0.5310229178311876
2003-04-01,Paris,Classic Cars,Shipped,42.0,100.0,4758.18,Paris,0.0,0.0,0.0,0.0,0.0,0.0,0.0,1.0,0.0,0.0,0.0,1.0,0.0,0.0,0.0,0.0,0.0,0.0,0.0,0.0,0.0,0.0,0.0,1.0,8.46783066347791,4.61512051684126,13.369046010543581,0.8225080547807991,0.7447315744112115,0.7843978201850537,0.4677520008678372,1.0,0.6148686416992699
2003-04-01,Paris,Classic Cars,Shipped,31.0,100.0,4305.28,Paris,0.0,0.0,0.0,0.0,0.0,0.0,0.0,1.0,0.0,0.0,0.0,1.0,0.0,0.0,0.0,0.0,0.0,0.0,0.0,0.0,0.0,0.0,0.0,1.0,8.367829701355989,4.61512051684126,11.009728365329204,0.6274391851451145,0.7447315744112115,-0.388150126800217,0.4130775766218776,1.0,0.30743432084963496
2003-04-04,NYC,Trucks and Buses,Shipped,27.0,100.0,2843.91,NYC,0.0,0.0,0.0,1.0,0.0,0.0,0.0,0.0,0.0,0.0,0.0,0.0,0.0,0.0,0.0,0.0,1.0,0.0,0.0,0.0,0.0,0.0,0.0,1.0,7.9532867116136545,4.61512051684126,10.068010317854855,-0.1811973590297738,0.7447315744112115,-0.8561708553548468,0.23665990525884412,1.0,0.19564002235885858
2003-04-04,NYC,Classic Cars,Shipped,35.050383351588174,100.0,5568.64,NYC,0.0,0.0,0.0,1.0,0.0,0.0,0.0,0.0,0.0,0.0,0.0,1.0,0.0,0.0,0.0,0.0,0.0,0.0,0.0,0.0,0.0,0.0,0.0,1.0,8.625085698875683,4.61512051684126,11.913498472712774,1.129260723441761,0.7447315744112115,0.06101100506720186,0.5655913337766036,1.0,0.42063676220201485
2003-04-04,NYC,Classic Cars,Shipped,47.0,69.36,3259.92,NYC,0.0,0.0,0.0,1.0,0.0,0.0,0.0,0.0,0.0,0.0,0.0,1.0,0.0,0.0,0.0,0.0,0.0,0.0,0.0,0.0,0.0,0.0,0.0,1.0,8.089764643136357,4.253624919869357,14.35492029635209,0.08502603790006458,-0.5258645467698199,1.2743635830212399,0.28688094131660885,0.5424543798345429,0.7546115148127404
2003-04-04,NYC,Trucks and Buses,Shipped,46.0,100.0,5723.78,NYC,0.0,0.0,0.0,1.0,0.0,0.0,0.0,0.0,0.0,0.0,0.0,0.0,0.0,0.0,0.0,0.0,1.0,0.0,0.0,0.0,0.0,0.0,0.0,1.0,8.65255939973647,4.61512051684126,14.161377611660777,1.1828528455364324,0.7447315744112115,1.1781755694872693,0.5843199497569925,1.0,0.7266629401900462
2003-04-04,NYC,Classic Cars,Shipped,46.0,100.0,7381.16,NYC,0.0,0.0,0.0,1.0,0.0,0.0,0.0,0.0,0.0,0.0,0.0,1.0,0.0,0.0,0.0,0.0,0.0,0.0,0.0,0.0,0.0,0.0,0.0,1.0,8.906821557698056,4.61512051684126,14.161377611660777,1.6788343910362218,0.7447315744112115,1.1781755694872693,0.7844000938434761,1.0,0.7266629401900462
2003-04-11,Charleroi,Trains,Shipped,27.0,63.38,1711.26,Other,0.0,0.0,0.0,0.0,0.0,0.0,1.0,0.0,0.0,0.0,0.0,0.0,0.0,0.0,0.0,1.0,0.0,0.0,0.0,0.0,0.0,0.0,0.0,1.0,7.445569414329612,4.164803025870662,10.068010317854855,-1.1715862230382366,-0.838058540102099,-0.8561708553548468,0.09992555634697389,0.45315533255681995,0.19564002235885858
2003-04-16,Singapore,Classic Cars,Shipped,33.0,100.0,6034.38,Singapore,0.0,0.0,0.0,0.0,0.0,0.0,0.0,0.0,0.0,0.0,1.0,1.0,0.0,0.0,0.0,0.0,0.0,0.0,0.0,0.0,0.0,0.0,0.0,1.0,8.705394097580838,4.61512051684126,11.461717832632248,1.2859159018046131,0.7447315744112115,-0.16351766875873364,0.6218158123553477,1.0,0.3633314700950231
2003-04-16,Singapore,Ships,Shipped,50.0,43.68,2184.0,Singapore,0.0,0.0,0.0,0.0,0.0,0.0,0.0,0.0,0.0,0.0,1.0,0.0,0.0,0.0,1.0,0.0,0.0,0.0,0.0,0.0,0.0,0.0,0.0,1.0,7.68937110752969,3.799525974201,14.925497315272617,-0.6960095915872082,-2.121945837473496,1.5579323994073224,0.15699508012271884,0.1589761968760267,0.8384572386808227
2003-04-16,Singapore,Trains,Shipped,21.0,49.21,1033.41,Singapore,0.0,0.0,0.0,0.0,0.0,0.0,0.0,0.0,0.0,0.0,1.0,0.0,0.0,0.0,0.0,1.0,0.0,0.0,0.0,0.0,0.0,0.0,0.0,1.0,6.941586494850981,3.916214210046614,8.539972716394377,-2.1546905485599006,-1.7118063472699172,-1.6155842205467048,0.01809500109167768,0.2415554161813458,0.027948574622694067
2003-04-16,Singapore,Ships,Shipped,45.0,83.42,3753.9,Singapore,0.0,0.0,0.0,0.0,0.0,0.0,0.0,0.0,0.0,0.0,1.0,0.0,0.0,0.0,1.0,0.0,0.0,0.0,0.0,0.0,0.0,0.0,0.0,1.0,8.230816932685164,4.435804340354353,13.966075138951927,0.36017249747377095,0.11446542395797116,1.0811129658652374,0.3465145736615395,0.7524116715945406,0.6987143655673522
2003-04-16,Singapore,Ships,Shipped,41.0,100.0,5189.78,Singapore,0.0,0.0,0.0,0.0,0.0,0.0,0.0,0.0,0.0,0.0,1.0,0.0,0.0,0.0,1.0,0.0,0.0,0.0,0.0,0.0,0.0,0.0,0.0,1.0,8.554639253885012,4.61512051684126,13.166125611826143,0.9918429616263458,0.7447315744112115,0.6835492136397722,0.5198550733000652,1.0,0.5869200670765757
2003-04-16,Singapore,Trains,Shipped,21.0,95.8,2011.8,Singapore,0.0,0.0,0.0,0.0,0.0,0.0,0.0,0.0,0.0,0.0,1.0,0.0,0.0,0.0,0.0,1.0,0.0,0.0,0.0,0.0,0.0,0.0,0.0,1.0,7.607282066506121,4.572646994282532,8.539972716394377,-0.8561382153740665,0.5954442982505299,-1.6155842205467048,0.13620696827649623,0.9372816055908968,0.027948574622694067
2003-04-16,Singapore,Classic Cars,Shipped,39.0,100.0,5938.14,Singapore,0.0,0.0,0.0,0.0,0.0,0.0,0.0,0.0,0.0,0.0,1.0,1.0,0.0,0.0,0.0,0.0,0.0,0.0,0.0,0.0,0.0,0.0,0.0,1.0,8.689319620730108,4.61512051684126,12.754015005493859,1.2545599031949821,0.7447315744112115,0.4787359930181514,0.6101976481040093,1.0,0.5310229178311876
2003-04-16,Singapore,Classic Cars,Shipped,43.0,100.0,5911.64,Singapore,0.0,0.0,0.0,0.0,0.0,0.0,0.0,0.0,0.0,0.0,1.0,1.0,0.0,0.0,0.0,0.0,0.0,0.0,0.0,0.0,0.0,0.0,0.0,1.0,8.684847711166789,4.61512051684126,13.569968697266269,1.2458366836866919,0.7447315744112115,0.8842535917456676,0.6069985484296487,1.0,0.6428172163219641
2003-04-16,Singapore,Vintage Cars,Shipped,23.0,97.42,2240.66,Singapore,0.0,0.0,0.0,0.0,0.0,0.0,0.0,0.0,0.0,0.0,1.0,0.0,0.0,0.0,0.0,0.0,0.0,1.0,0.0,0.0,0.0,0.0,0.0,1.0,7.714971941819813,4.589244035437832,9.067037908070397,-0.6460708139920887,0.6537801017614253,-1.353640175122944,0.16383511738872913,0.961472986291551,0.0838457238680822
2003-04-16,Singapore,Classic Cars,Shipped,22.0,100.0,2780.58,Singapore,0.0,0.0,0.0,0.0,0.0,0.0,0.0,0.0,0.0,0.0,1.0,1.0,0.0,0.0,0.0,0.0,0.0,0.0,0.0,0.0,0.0,0.0,0.0,1.0,7.930774390561389,4.61512051684126,8.805943150564206,-0.2251114667279277,0.7447315744112115,-1.4834006262023,0.22901466064083437,1.0,0.055897149245388134
2003-04-16,Singapore,Vintage Cars,Shipped,26.0,100.0,3551.34,Singapore,0.0,0.0,0.0,0.0,0.0,0.0,0.0,0.0,0.0,0.0,1.0,0.0,0.0,0.0,0.0,0.0,0.0,1.0,0.0,0.0,0.0,0.0,0.0,1.0,8.175361820251846,4.61512051684126,9.823805373555334,0.2519978772666338,0.7447315744112115,-0.9775373049564378,0.3220613800751814,1.0,0.1676914477361645
2003-04-16,Singapore,Ships,Shipped,38.0,79.68,3027.84,Singapore,0.0,0.0,0.0,0.0,0.0,0.0,0.0,0.0,0.0,0.0,1.0,0.0,0.0,0.0,1.0,0.0,0.0,0.0,0.0,0.0,0.0,0.0,0.0,1.0,8.015934986918301,4.390490713086011,12.544675977743431,-0.05899125231848918,-0.04480434177661034,0.3746974174111126,0.2588640714137555,0.6965624346683392,0.5030743432084936
2003-04-21,Barcelona,Ships,Shipped,36.0,100.0,4219.2,Other,0.0,0.0,0.0,0.0,0.0,0.0,1.0,0.0,0.0,0.0,0.0,0.0,0.0,0.0,1.0,0.0,0.0,0.0,0.0,0.0,0.0,0.0,0.0,1.0,8.347637799271956,4.61512051684126,12.119023021201402,0.5880514489498916,0.7447315744112115,0.16315383770961095,0.40268593511361483,1.0,0.4471771939631053
2003-04-28,Salzburg,Planes,Shipped,28.0,48.17,1348.76,Other,0.0,0.0,0.0,0.0,0.0,0.0,1.0,0.0,0.0,0.0,0.0,0.0,0.0,1.0,0.0,0.0,0.0,0.0,0.0,0.0,0.0,0.0,0.0,1.0,7.207682077850355,3.895283681423848,10.308532382015233,-1.6356258966873383,-1.7853736291541886,-0.7366347457903012,0.0561642872165691,0.2260251470895679,0.22358859698155265
2003-04-28,Salzburg,Planes,Shipped,28.0,70.29,1968.12,Other,0.0,0.0,0.0,0.0,0.0,0.0,1.0,0.0,0.0,0.0,0.0,0.0,0.0,1.0,0.0,0.0,0.0,0.0,0.0,0.0,0.0,0.0,0.0,1.0,7.585342021424027,4.266756065129537,10.308532382015233,-0.898936001546385,-0.47971078342108786,-0.7366347457903012,0.13093388624721047,0.5563420243108443,0.22358859698155265
2003-04-28,Salzburg,Planes,Shipped,43.0,100.0,6916.12,Other,0.0,0.0,0.0,0.0,0.0,0.0,1.0,0.0,0.0,0.0,0.0,0.0,0.0,1.0,0.0,0.0,0.0,0.0,0.0,0.0,0.0,0.0,0.0,1.0,8.841754777011616,4.61512051684126,13.569968697266269,1.5519105786046765,0.7447315744112115,0.8842535917456676,0.7282601197844321,1.0,0.6428172163219641
2003-04-28,Salzburg,Vintage Cars,Shipped,27.0,99.52,2687.04,Other,0.0,0.0,0.0,0.0,0.0,0.0,1.0,0.0,0.0,0.0,0.0,0.0,0.0,0.0,0.0,0.0,0.0,1.0,0.0,0.0,0.0,0.0,0.0,1.0,7.896567582484701,4.610356712675391,10.068010317854855,-0.29183765859425265,0.727987605339607,-0.8561708553548468,0.21772244239405353,0.9928321834961025,0.19564002235885858
2003-04-28,Salzburg,Ships,Shipped,21.0,89.46,1878.66,Other,0.0,0.0,0.0,0.0,0.0,0.0,1.0,0.0,0.0,0.0,0.0,0.0,0.0,0.0,1.0,0.0,0.0,0.0,0.0,0.0,0.0,0.0,0.0,1.0,7.53884618840464,4.504907764049697,8.539972716394377,-0.9896340248194344,0.357352316199864,-1.6155842205467048,0.12013420862953875,0.8426066959352505,0.027948574622694067
2003-04-28,Salzburg,Vintage Cars,Shipped,35.0,90.57,3169.95,Other,0.0,0.0,0.0,0.0,0.0,0.0,1.0,0.0,0.0,0.0,0.0,0.0,0.0,0.0,0.0,0.0,0.0,1.0,0.0,0.0,0.0,0.0,0.0,1.0,8.06178650651747,4.517103707119641,11.902530119204657,0.030449928141188343,0.4002190014060467,0.05555988642964223,0.2760196961202984,0.8591822716005135,0.41922861934041133
2003-04-28,Salzburg,Classic Cars,Shipped,46.0,100.0,5004.8,Other,0.0,0.0,0.0,0.0,0.0,0.0,1.0,0.0,0.0,0.0,0.0,1.0,0.0,0.0,0.0,0.0,0.0,0.0,0.0,0.0,0.0,0.0,0.0,1.0,8.518352519136084,4.61512051684126,14.161377611660777,0.921059519346926,0.7447315744112115,1.1781755694872693,0.4975241503656038,1.0,0.7266629401900462
2003-04-28,Salzburg,Ships,Shipped,38.0,65.77,2499.26,Other,0.0,0.0,0.0,0.0,0.0,0.0,1.0,0.0,0.0,0.0,0.0,0.0,0.0,0.0,1.0,0.0,0.0,0.0,0.0,0.0,0.0,0.0,0.0,1.0,7.824150005448667,4.201253877869777,12.544675977743431,-0.43310044841572737,-0.7099399363022876,0.3746974174111126,0.19505350138079175,0.4888450855658094,0.5030743432084936
2003-04-28,Salzburg,Vintage Cars,Shipped,20.0,72.98,1459.6,Other,0.0,0.0,0.0,0.0,0.0,0.0,1.0,0.0,0.0,0.0,0.0,0.0,0.0,0.0,0.0,0.0,0.0,1.0,0.0,0.0,0.0,0.0,0.0,1.0,7.28660258918601,4.303794786404308,8.268807419728406,-1.4816780284803615,-0.34952591815733036,-1.7503495890608907,0.06954497430736653,0.59651166263477,0.0
2003-04-28,Salzburg,Vintage Cars,Shipped,35.0,87.62,3066.7,Other,0.0,0.0,0.0,0.0,0.0,0.0,1.0,0.0,0.0,0.0,0.0,0.0,0.0,0.0,0.0,0.0,0.0,1.0,0.0,0.0,0.0,0.0,0.0,1.0,8.028683374133662,4.484357565771344,11.902530119204657,-0.0341233567401802,0.2851218314008865,0.05555988642964223,0.26355527946453483,0.8151300660036438,0.41922861934041133
2003-04-28,Salzburg,Planes,Shipped,41.0,59.6,2443.6,Other,0.0,0.0,0.0,0.0,0.0,0.0,1.0,0.0,0.0,0.0,0.0,0.0,0.0,1.0,0.0,0.0,0.0,0.0,0.0,0.0,0.0,0.0,0.0,1.0,7.801636789343163,4.104294893075269,13.166125611826143,-0.4770163020673183,-1.0507344329033843,0.6835492136397722,0.1883341848572101,0.3967087775886271,0.5869200670765757
2003-04-28,Salzburg,Ships,Shipped,29.0,94.14,2730.06,Other,0.0,0.0,0.0,0.0,0.0,0.0,1.0,0.0,0.0,0.0,0.0,0.0,0.0,0.0,1.0,0.0,0.0,0.0,0.0,0.0,0.0,0.0,0.0,1.0,7.912445091206737,4.555349491004136,10.54555133395328,-0.26086587979014186,0.5346464883857687,-0.6188396341166861,0.2229158487333363,0.9124929068482512,0.2515371716042467
2003-04-28,Salzburg,Classic Cars,Shipped,26.0,59.22,1539.72,Other,0.0,0.0,0.0,0.0,0.0,0.0,1.0,0.0,0.0,0.0,0.0,1.0,0.0,0.0,0.0,0.0,0.0,0.0,0.0,0.0,0.0,0.0,0.0,1.0,7.340005118615957,4.0980045230535875,9.823805373555334,-1.3775073202137194,-1.072844023773348,-0.9775373049564378,0.07921712019075419,0.3910342561897082,0.1676914477361645
2003-04-28,Salzburg,Ships,Shipped,25.0,76.67,1916.75,Other,0.0,0.0,0.0,0.0,0.0,0.0,1.0,0.0,0.0,0.0,0.0,0.0,0.0,0.0,1.0,0.0,0.0,0.0,0.0,0.0,0.0,0.0,0.0,1.0,7.5589079028394055,4.352469082431556,9.57572149487329,-0.9505002417567036,-0.17844396791646552,-1.1008315308182302,0.12473246170864802,0.651614252008482,0.13974287311347044
2003-04-29,Melbourne,Motorcycles,Shipped,35.0,98.05,3431.75,Melbourne,0.0,0.0,1.0,0.0,0.0,0.0,0.0,0.0,0.0,0.0,0.0,0.0,1.0,0.0,0.0,0.0,0.0,0.0,0.0,0.0,0.0,0.0,0.0,1.0,8.141116968201862,4.59562477314456,11.902530119204657,0.18519747416563992,0.6762073198198294,0.05555988642964223,0.30762438648813284,0.9708807454529162,0.41922861934041133
2003-04-29,Melbourne,Motorcycles,Shipped,46.0,100.0,9167.099200000002,Melbourne,0.0,0.0,1.0,0.0,0.0,0.0,0.0,0.0,0.0,0.0,0.0,0.0,1.0,0.0,0.0,0.0,0.0,0.0,0.0,0.0,0.0,0.0,0.0,1.0,9.123485259140311,4.61512051684126,14.161377611660777,2.1014737580444667,0.7447315744112115,1.1781755694872693,1.0,1.0,0.7266629401900462
2003-04-29,Melbourne,Motorcycles,Shipped,34.0,83.79,2848.86,Melbourne,0.0,0.0,1.0,0.0,0.0,0.0,0.0,0.0,0.0,0.0,0.0,0.0,1.0,0.0,0.0,0.0,0.0,0.0,0.0,0.0,0.0,0.0,0.0,1.0,7.955025149249114,4.440177611315912,11.683463549954297,-0.17780624101165068,0.12983673461064998,-0.05331314156158311,0.23725747293386623,0.7579368634829615,0.39128004471771716
2003-04-29,Melbourne,Planes,Shipped,24.0,100.0,2584.8,Melbourne,0.0,0.0,1.0,0.0,0.0,0.0,0.0,0.0,0.0,0.0,0.0,0.0,0.0,1.0,0.0,0.0,0.0,0.0,0.0,0.0,0.0,0.0,0.0,1.0,7.857790216820453,4.61512051684126,9.323544176118064,-0.367479499703262,0.7447315744112115,-1.226160139275199,0.205379953688143,1.0,0.11179429849077627
2003-04-29,Melbourne,Planes,Shipped,29.0,85.49,2479.21,Melbourne,0.0,0.0,1.0,0.0,0.0,0.0,0.0,0.0,0.0,0.0,0.0,0.0,0.0,1.0,0.0,0.0,0.0,0.0,0.0,0.0,0.0,0.0,0.0,1.0,7.816098512993452,4.460028800318421,10.54555133395328,-0.44880625262793133,0.19961031956908504,-0.6188396341166861,0.19263305049509621,0.7833228802675984,0.2515371716042467
2003-04-29,Melbourne,Planes,Shipped,35.050383351588174,100.0,3417.12,Melbourne,0.0,0.0,1.0,0.0,0.0,0.0,0.0,0.0,0.0,0.0,0.0,0.0,0.0,1.0,0.0,0.0,0.0,0.0,0.0,0.0,0.0,0.0,0.0,1.0,8.136845971309695,4.61512051684126,11.913498472712774,0.17686616896322815,0.7447315744112115,0.06101100506720186,0.3058582420264009,1.0,0.42063676220201485
2003-04-29,Melbourne,Vintage Cars,Shipped,49.0,50.62,2480.38,Melbourne,0.0,0.0,1.0,0.0,0.0,0.0,0.0,0.0,0.0,0.0,0.0,0.0,0.0,0.0,0.0,0.0,0.0,1.0,0.0,0.0,0.0,0.0,0.0,1.0,7.816570136010141,3.943909194290468,14.736931873780104,-0.4478862717916716,-1.6144631435042969,1.464218006289084,0.19277429376373784,0.26261087716154463,0.8105086640581285
2003-04-29,Melbourne,Motorcycles,Shipped,29.0,96.34,2793.86,Melbourne,0.0,0.0,1.0,0.0,0.0,0.0,0.0,0.0,0.0,0.0,0.0,0.0,1.0,0.0,0.0,0.0,0.0,0.0,0.0,0.0,0.0,0.0,0.0,1.0,7.935537294889243,4.5782100044053085,10.54555133395328,-0.21582061248309942,0.6149973416162018,-0.6188396341166861,0.23061783210028758,0.9453453991577816,0.2515371716042467
2003-04-29,Melbourne,Motorcycles,Shipped,22.0,100.0,2461.36,Melbourne,0.0,0.0,1.0,0.0,0.0,0.0,0.0,0.0,0.0,0.0,0.0,0.0,1.0,0.0,0.0,0.0,0.0,0.0,0.0,0.0,0.0,0.0,0.0,1.0,7.808875518638184,4.61512051684126,8.805943150564206,-0.4628959305107223,0.7447315744112115,-1.4834006262023,0.1904781852427439,1.0,0.055897149245388134
2003-04-29,Melbourne,Motorcycles,Shipped,46.0,58.15,2674.9,Melbourne,0.0,0.0,1.0,0.0,0.0,0.0,0.0,0.0,0.0,0.0,0.0,0.0,1.0,0.0,0.0,0.0,0.0,0.0,0.0,0.0,0.0,0.0,0.0,1.0,7.8920410513421,4.080076590424396,14.161377611660777,-0.30066742677469516,-1.1358576865959595,1.1781755694872693,0.21625689258096908,0.3750559985664367,0.7266629401900462
2003-04-29,Melbourne,Planes,Shipped,39.0,100.0,4651.53,Melbourne,0.0,0.0,1.0,0.0,0.0,0.0,0.0,0.0,0.0,0.0,0.0,0.0,0.0,1.0,0.0,0.0,0.0,0.0,0.0,0.0,0.0,0.0,0.0,1.0,8.445166436641774,4.61512051684126,12.754015005493859,0.7782976290380781,0.7447315744112115,0.4787359930181514,0.4548771336878159,1.0,0.5310229178311876
2003-04-29,Melbourne,Planes,Shipped,43.0,76.0,3268.0,Melbourne,0.0,0.0,1.0,0.0,0.0,0.0,0.0,0.0,0.0,0.0,0.0,0.0,0.0,1.0,0.0,0.0,0.0,0.0,0.0,0.0,0.0,0.0,0.0,1.0,8.092239406724211,4.343805421853684,13.569968697266269,0.08985348481112133,-0.20889527525653404,0.8842535917456676,0.28785636491543276,0.6416091748051249,0.6428172163219641
2003-04-29,Melbourne,Planes,Shipped,29.0,71.81,2082.49,Melbourne,0.0,0.0,1.0,0.0,0.0,0.0,0.0,0.0,0.0,0.0,0.0,0.0,0.0,1.0,0.0,0.0,0.0,0.0,0.0,0.0,0.0,0.0,0.0,1.0,7.641799651234959,4.2878533084066195,10.54555133395328,-0.7888058008379031,-0.4055575276137793,-0.6188396341166861,0.1447407175587812,0.5790401099065197,0.2515371716042467
2003-04-29,Melbourne,Planes,Shipped,47.0,82.21,3863.87,Melbourne,0.0,0.0,1.0,0.0,0.0,0.0,0.0,0.0,0.0,0.0,0.0,0.0,0.0,1.0,0.0,0.0,0.0,0.0,0.0,0.0,0.0,0.0,0.0,1.0,8.259683325268266,4.421367532912338,14.35492029635209,0.4164813014308821,0.06372247800865499,1.2743635830212399,0.3597902337064239,0.7343428008242987,0.7546115148127404
2003-04-29,Melbourne,Vintage Cars,Shipped,29.0,72.23,2094.67,Melbourne,0.0,0.0,1.0,0.0,0.0,0.0,0.0,0.0,0.0,0.0,0.0,0.0,0.0,0.0,0.0,0.0,0.0,1.0,0.0,0.0,0.0,0.0,0.0,1.0,7.647628590297431,4.2936051730729785,10.54555133395328,-0.7774354646934836,-0.3853406923442697,-0.6188396341166861,0.14621109620156286,0.5853119493474301,0.2515371716042467
2003-05-07,Reims,Motorcycles,Shipped,32.0,76.88,2460.16,Other,0.0,0.0,0.0,0.0,0.0,0.0,1.0,0.0,0.0,0.0,0.0,0.0,1.0,0.0,0.0,0.0,0.0,0.0,0.0,0.0,0.0,0.0,0.0,1.0,7.808388062499584,4.3551691805039985,11.237179911736995,-0.46384679654176925,-0.16895357808491104,-0.2751098821684491,0.19033332035182943,0.654750171728937,0.335382895472329
2003-05-07,Reims,Motorcycles,Shipped,50.0,100.0,8284.0,Other,0.0,0.0,0.0,0.0,0.0,0.0,1.0,0.0,0.0,0.0,0.0,0.0,1.0,0.0,0.0,0.0,0.0,0.0,0.0,0.0,0.0,0.0,0.0,1.0,9.022201929860664,4.61512051684126,14.925497315272617,1.9039034133568662,0.7447315744112115,1.5579323994073224,0.8933916089378062,1.0,0.8384572386808227
2003-05-07,Reims,Motorcycles,Shipped,25.0,86.74,2168.5,Other,0.0,0.0,0.0,0.0,0.0,0.0,1.0,0.0,0.0,0.0,0.0,0.0,1.0,0.0,0.0,0.0,0.0,0.0,0.0,0.0,0.0,0.0,0.0,1.0,7.682252005238405,4.474377895738068,9.57572149487329,-0.7098966103449745,0.2500449725368711,-1.1008315308182302,0.15512390861507397,0.8019890690798315,0.13974287311347044
2003-05-07,Reims,Motorcycles,Shipped,34.0,81.35,2765.9,Other,0.0,0.0,0.0,0.0,0.0,0.0,1.0,0.0,0.0,0.0,0.0,0.0,1.0,0.0,0.0,0.0,0.0,0.0,0.0,0.0,0.0,0.0,0.0,1.0,7.925482838909783,4.410978456623649,11.683463549954297,-0.23543353740999892,0.027206625130678647,-0.05331314156158311,0.22724248014198106,0.7215004629214825,0.39128004471771716
2003-05-07,Reims,Motorcycles,Shipped,44.0,74.85,3293.4,Other,0.0,0.0,0.0,0.0,0.0,0.0,1.0,0.0,0.0,0.0,0.0,0.0,1.0,0.0,0.0,0.0,0.0,0.0,0.0,0.0,0.0,0.0,0.0,1.0,8.099979336273526,4.328757705794541,13.768958087112637,0.10495153263194026,-0.26178546207357095,0.9831485417366043,0.2909226717731218,0.6244362810978705,0.670765790944658
2003-05-08,Marseille,Classic Cars,Shipped,32.0,63.84,2042.88,Other,0.0,0.0,0.0,0.0,0.0,0.0,1.0,0.0,0.0,0.0,0.0,1.0,0.0,0.0,0.0,0.0,0.0,0.0,0.0,0.0,0.0,0.0,0.0,1.0,7.622605241185316,4.171922696867475,11.237179911736995,-0.8262477593176893,-0.813034096019205,-0.2751098821684491,0.13995896895118035,0.4600244900397217,0.335382895472329
2003-05-08,Marseille,Classic Cars,Shipped,35.050383351588174,100.0,3583.16,Other,0.0,0.0,0.0,0.0,0.0,0.0,1.0,0.0,0.0,0.0,0.0,1.0,0.0,0.0,0.0,0.0,0.0,0.0,0.0,0.0,0.0,0.0,0.0,1.0,8.184279415955501,4.61512051684126,11.913498472712774,0.26939316304057737,0.7447315744112115,0.06101100506720186,0.3259027140992627,1.0,0.42063676220201485
2003-05-08,Marseille,Motorcycles,Shipped,31.0,44.66,1384.46,Other,0.0,0.0,0.0,0.0,0.0,0.0,1.0,0.0,0.0,0.0,0.0,0.0,1.0,0.0,0.0,0.0,0.0,0.0,0.0,0.0,0.0,0.0,0.0,1.0,7.2337874934423905,3.821222641101649,11.009728365329204,-1.5847028475200753,-2.0456857086159252,-0.388150126800217,0.06047401772127381,0.17361048890481734,0.30743432084963496
2003-05-08,Marseille,Classic Cars,Shipped,35.050383351588174,72.38,3112.34,Other,0.0,0.0,0.0,0.0,0.0,0.0,1.0,0.0,0.0,0.0,0.0,1.0,0.0,0.0,0.0,0.0,0.0,0.0,0.0,0.0,0.0,0.0,0.0,1.0,8.04345138388011,4.295651418927136,11.913498472712774,-0.005315844223490589,-0.3781484829036736,0.06101100506720186,0.2690649741489809,0.5875518920048979,0.42063676220201485
2003-05-08,Marseille,Classic Cars,Shipped,25.0,100.0,3598.5,Other,0.0,0.0,0.0,0.0,0.0,0.0,1.0,0.0,0.0,0.0,0.0,1.0,0.0,0.0,0.0,0.0,0.0,0.0,0.0,0.0,0.0,0.0,0.0,1.0,8.188550225909358,4.61512051684126,9.57572149487329,0.27772410358804905,0.7447315744112115,-1.1008315308182302,0.32775457028811905,1.0,0.13974287311347044
2003-05-08,Marseille,Classic Cars,Shipped,34.0,50.21,1707.14,Other,0.0,0.0,0.0,0.0,0.0,0.0,1.0,0.0,0.0,0.0,0.0,1.0,0.0,0.0,0.0,0.0,0.0,0.0,0.0,0.0,0.0,0.0,0.0,1.0,7.443160338202501,3.935934825474459,11.683463549954297,-1.1762855353949409,-1.6424917064283295,-0.05331314156158311,0.09942818688816765,0.2564883672311322,0.39128004471771716
2003-05-08,Marseille,Classic Cars,Shipped,21.0,100.0,2469.39,Other,0.0,0.0,0.0,0.0,0.0,0.0,1.0,0.0,0.0,0.0,0.0,1.0,0.0,0.0,0.0,0.0,0.0,0.0,0.0,0.0,0.0,0.0,0.0,1.0,7.812131311894803,4.61512051684126,8.539972716394377,-0.4565449525115126,0.7447315744112115,-1.6155842205467048,0.19144757280444635,1.0,0.027948574622694067
2003-05-08,Marseille,Classic Cars,Shipped,37.0,99.82,3693.34,Other,0.0,0.0,0.0,0.0,0.0,0.0,1.0,0.0,0.0,0.0,0.0,1.0,0.0,0.0,0.0,0.0,0.0,0.0,0.0,0.0,0.0,0.0,0.0,1.0,8.214557197671466,4.6133367486544845,12.33304085962557,0.32845512133662186,0.7384619297511168,0.26951771693185156,0.33920372550005723,0.9973120688110384,0.47512576858579947
2003-05-08,Marseille,Classic Cars,Shipped,39.0,33.034,1207.44,Other,0.0,0.0,0.0,0.0,0.0,0.0,1.0,0.0,0.0,0.0,0.0,1.0,0.0,0.0,0.0,0.0,0.0,0.0,0.0,0.0,0.0,0.0,0.0,1.0,7.09708555058665,3.5273600249492447,12.754015005493859,-1.8513632166209215,-3.0785632965340333,0.4787359930181514,0.03910403189654482,0.0,0.5310229178311876
2003-05-08,Marseille,Classic Cars,Shipped,29.0,71.14,2063.06,Other,0.0,0.0,0.0,0.0,0.0,0.0,1.0,0.0,0.0,0.0,0.0,1.0,0.0,0.0,0.0,0.0,0.0,0.0,0.0,0.0,0.0,0.0,0.0,1.0,7.632430195946378,4.278608675475393,10.54555133395328,-0.8070825155160813,-0.43805085489785023,-0.6188396341166861,0.14239511353339154,0.5690350327031628,0.2515371716042467
2003-05-08,Marseille,Classic Cars,Shipped,42.0,100.0,7599.9,Other,0.0,0.0,0.0,0.0,0.0,0.0,1.0,0.0,0.0,0.0,0.0,1.0,0.0,0.0,0.0,0.0,0.0,0.0,0.0,0.0,0.0,0.0,0.0,1.0,8.936021940315834,4.61512051684126,13.369046010543581,1.7357946993104052,0.7447315744112115,0.7843978201850537,0.8108065490423305,1.0,0.6148686416992699
2003-05-08,Marseille,Classic Cars,Shipped,21.0,73.17,1536.57,Other,0.0,0.0,0.0,0.0,0.0,0.0,1.0,0.0,0.0,0.0,0.0,1.0,0.0,0.0,0.0,0.0,0.0,0.0,0.0,0.0,0.0,0.0,0.0,1.0,7.337958527099569,4.306359755748467,8.539972716394377,-1.3814995447407297,-0.3405104830401768,-1.6155842205467048,0.07883684985210379,0.5993489233342293,0.027948574622694067
2003-05-08,Marseille,Motorcycles,Shipped,35.0,49.74,1740.9,Other,0.0,0.0,0.0,0.0,0.0,0.0,1.0,0.0,0.0,0.0,0.0,0.0,1.0,0.0,0.0,0.0,0.0,0.0,0.0,0.0,0.0,0.0,0.0,1.0,7.462731750483416,3.9267145541711357,11.902530119204657,-1.1381081699996232,-1.674899406694593,0.05555988642964223,0.10350371915256065,0.24946988023773264,0.41922861934041133
2003-05-08,Marseille,Classic Cars,Shipped,43.0,100.0,5494.97,Other,0.0,0.0,0.0,0.0,0.0,0.0,1.0,0.0,0.0,0.0,0.0,1.0,0.0,0.0,0.0,0.0,0.0,0.0,0.0,0.0,0.0,0.0,0.0,1.0,8.611770375372004,4.61512051684126,13.569968697266269,1.1032869222944337,0.7447315744112115,0.8842535917456676,0.5566978366818811,1.0,0.6428172163219641
2003-05-08,Marseille,Classic Cars,Shipped,34.0,100.0,5004.8,Other,0.0,0.0,0.0,0.0,0.0,0.0,1.0,0.0,0.0,0.0,0.0,1.0,0.0,0.0,0.0,0.0,0.0,0.0,0.0,0.0,0.0,0.0,0.0,1.0,8.518352519136084,4.61512051684126,11.683463549954297,0.921059519346926,0.7447315744112115,-0.05331314156158311,0.4975241503656038,1.0,0.39128004471771716
2003-05-08,Marseille,Classic Cars,Shipped,20.0,100.0,2142.0,Other,0.0,0.0,0.0,0.0,0.0,0.0,1.0,0.0,0.0,0.0,0.0,1.0,0.0,0.0,0.0,0.0,0.0,0.0,0.0,0.0,0.0,0.0,0.0,1.0,7.669961995473577,4.61512051684126,8.268807419728406,-0.7338703628146123,0.7447315744112115,-1.7503495890608907,0.15192480894071336,1.0,0.0
2003-05-08,Marseille,Classic Cars,Shipped,31.0,100.0,4100.99,Other,0.0,0.0,0.0,0.0,0.0,0.0,1.0,0.0,0.0,0.0,0.0,1.0,0.0,0.0,0.0,0.0,0.0,0.0,0.0,0.0,0.0,0.0,0.0,1.0,8.319227500794153,4.61512051684126,11.009728365329204,0.5326323340485694,0.7447315744112115,-0.388150126800217,0.3884155361511179,1.0,0.30743432084963496
2003-05-20,Nantes,Classic Cars,Shipped,46.0,100.0,5161.2,Nantes,0.0,0.0,0.0,0.0,1.0,0.0,0.0,0.0,0.0,0.0,0.0,1.0,0.0,0.0,0.0,0.0,0.0,0.0,0.0,0.0,0.0,0.0,0.0,1.0,8.54911812420061,4.61512051684126,14.161377611660777,0.9810730599794477,0.7447315744112115,1.1781755694872693,0.5164048744814529,1.0,0.7266629401900462
2003-05-20,Nantes,Classic Cars,Shipped,34.0,100.0,5331.88,Nantes,0.0,0.0,0.0,0.0,1.0,0.0,0.0,0.0,0.0,0.0,0.0,1.0,0.0,0.0,0.0,0.0,0.0,0.0,0.0,0.0,0.0,0.0,0.0,1.0,8.581646708941104,4.61512051684126,11.683463549954297,1.0445255920504934,0.7447315744112115,-0.05331314156158311,0.5370094907991839,1.0,0.39128004471771716
2003-05-20,Nantes,Classic Cars,Shipped,26.0,100.0,3073.72,Nantes,0.0,0.0,0.0,0.0,1.0,0.0,0.0,0.0,0.0,0.0,0.0,1.0,0.0,0.0,0.0,0.0,0.0,0.0,0.0,0.0,0.0,0.0,0.0,1.0,8.030969119184117,4.61512051684126,9.823805373555334,-0.029664622605961283,0.7447315744112115,-0.9775373049564378,0.26440273907638434,1.0,0.1676914477361645
2003-05-20,Nantes,Classic Cars,Shipped,50.0,59.87,2993.5,Nantes,0.0,0.0,0.0,0.0,1.0,0.0,0.0,0.0,0.0,0.0,0.0,1.0,0.0,0.0,0.0,0.0,0.0,0.0,0.0,0.0,0.0,0.0,0.0,1.0,8.004532551704518,4.108740442505833,14.925497315272617,-0.0812336398020723,-1.0351090756091104,1.5579323994073224,0.2547185211187538,0.4007406743720694,0.8384572386808227
2003-05-21,Las Vegas,Classic Cars,Shipped,23.0,57.73,1327.79,Other,0.0,0.0,0.0,0.0,0.0,0.0,1.0,0.0,0.0,0.0,0.0,1.0,0.0,0.0,0.0,0.0,0.0,0.0,0.0,0.0,0.0,0.0,0.0,1.0,7.192024032683772,4.072950669534428,9.067037908070397,-1.6661695745334157,-1.1609040980003533,-1.353640175122944,0.053632773247839216,0.3687841591255263,0.0838457238680822
2003-05-21,Las Vegas,Classic Cars,Shipped,43.0,100.0,5203.0,Other,0.0,0.0,0.0,0.0,0.0,0.0,1.0,0.0,0.0,0.0,0.0,1.0,0.0,0.0,0.0,0.0,0.0,0.0,0.0,0.0,0.0,0.0,0.0,1.0,8.557182839632397,4.61512051684126,13.569968697266269,0.9968046578544153,0.7447315744112115,0.8842535917456676,0.5214510015149727,1.0,0.6428172163219641
2003-05-21,Las Vegas,Vintage Cars,Shipped,21.0,100.0,2856.0,Other,0.0,0.0,0.0,0.0,0.0,0.0,1.0,0.0,0.0,0.0,0.0,0.0,0.0,0.0,0.0,0.0,0.0,1.0,0.0,0.0,0.0,0.0,0.0,1.0,7.957527402230773,4.61512051684126,8.539972716394377,-0.17292517136674526,0.7447315744112115,-1.6155842205467048,0.23811941903480716,1.0,0.027948574622694067
2003-05-21,Las Vegas,Classic Cars,Shipped,32.0,72.7,2326.4,Other,0.0,0.0,0.0,0.0,0.0,0.0,1.0,0.0,0.0,0.0,0.0,1.0,0.0,0.0,0.0,0.0,0.0,0.0,0.0,0.0,0.0,0.0,0.0,1.0,7.752507043673977,4.300002799195291,11.237179911736995,-0.5728522195407151,-0.36285411435032255,-0.2751098821684491,0.17418571384456616,0.5923304363408297,0.335382895472329
2003-05-21,Las Vegas,Vintage Cars,Shipped,36.0,85.59,3081.24,Other,0.0,0.0,0.0,0.0,0.0,0.0,1.0,0.0,0.0,0.0,0.0,0.0,0.0,0.0,0.0,0.0,0.0,1.0,0.0,0.0,0.0,0.0,0.0,1.0,8.033411884360238,4.46118433545971,12.119023021201402,-0.024899594034434154,0.20367183091447683,0.16315383770961095,0.26531055905944817,0.7848161753725771,0.4471771939631053
2003-05-21,Las Vegas,Classic Cars,Shipped,25.0,93.95,2348.75,Other,0.0,0.0,0.0,0.0,0.0,0.0,1.0,0.0,0.0,0.0,0.0,1.0,0.0,0.0,0.0,0.0,0.0,0.0,0.0,0.0,0.0,0.0,0.0,1.0,7.762064218500411,4.553350437258295,9.57572149487329,-0.5542093260050491,0.5276201512553208,-1.1008315308182302,0.17688382243784767,0.9096556461487919,0.13974287311347044
2003-05-21,Melbourne,Vintage Cars,Shipped,32.0,100.0,3254.72,Melbourne,0.0,0.0,1.0,0.0,0.0,0.0,0.0,0.0,0.0,0.0,0.0,0.0,0.0,0.0,0.0,0.0,0.0,1.0,0.0,0.0,0.0,0.0,0.0,1.0,8.088168728338646,4.61512051684126,11.237179911736995,0.08191293489566681,0.7447315744112115,-0.2751098821684491,0.28625319345597955,1.0,0.335382895472329
2003-05-21,Las Vegas,Classic Cars,Shipped,49.0,83.04,4068.96,Other,0.0,0.0,0.0,0.0,0.0,0.0,1.0,0.0,0.0,0.0,0.0,1.0,0.0,0.0,0.0,0.0,0.0,0.0,0.0,0.0,0.0,0.0,0.0,1.0,8.311388450378518,4.4312928759767996,14.736931873780104,0.5173409341345295,0.09860838672990481,1.464218006289084,0.38454885077112655,0.7467371501956217,0.8105086640581285
2003-05-21,Las Vegas,Vintage Cars,Shipped,45.0,37.84,1702.8,Other,0.0,0.0,0.0,0.0,0.0,0.0,1.0,0.0,0.0,0.0,0.0,0.0,0.0,0.0,0.0,0.0,0.0,1.0,0.0,0.0,0.0,0.0,0.0,1.0,7.44061632960874,3.659450643423124,13.966075138951927,-1.1812480564567232,-2.6142870262746207,1.0811129658652374,0.09890425886602705,0.07176776274527374,0.6987143655673522
2003-05-21,Las Vegas,Vintage Cars,Shipped,42.0,53.88,2262.96,Other,0.0,0.0,0.0,0.0,0.0,0.0,1.0,0.0,0.0,0.0,0.0,0.0,0.0,0.0,0.0,0.0,0.0,1.0,0.0,0.0,0.0,0.0,0.0,1.0,7.724870771322473,4.00514898341763,13.369046010543581,-0.6267614649535659,-1.3992156019610325,0.7843978201850537,0.16652718994488924,0.3112922975838486,0.6148686416992699
2003-05-21,Las Vegas,Vintage Cars,Shipped,22.0,45.25,995.5,Other,0.0,0.0,0.0,0.0,0.0,0.0,1.0,0.0,0.0,0.0,0.0,0.0,0.0,0.0,0.0,0.0,0.0,1.0,0.0,0.0,0.0,0.0,0.0,1.0,6.904249139652849,3.834061463958434,8.805943150564206,-2.2275234045558827,-2.0005594092667547,-1.4834006262023,0.013518477746205543,0.18242093002419135,0.055897149245388134
2003-05-21,Melbourne,Vintage Cars,Shipped,34.0,100.0,6483.46,Melbourne,0.0,0.0,1.0,0.0,0.0,0.0,0.0,0.0,0.0,0.0,0.0,0.0,0.0,0.0,0.0,0.0,0.0,1.0,0.0,0.0,0.0,0.0,0.0,1.0,8.777163824200983,4.61512051684126,11.683463549954297,1.4259149493016257,0.7447315744112115,-0.05331314156158311,0.6760290833652296,1.0,0.39128004471771716
2003-05-21,Las Vegas,Vintage Cars,Shipped,46.0,33.23,1528.58,Other,0.0,0.0,0.0,0.0,0.0,0.0,1.0,0.0,0.0,0.0,0.0,0.0,0.0,0.0,0.0,0.0,0.0,1.0,0.0,0.0,0.0,0.0,0.0,1.0,7.332748466897846,3.533102452542094,14.161377611660777,-1.3916626525020812,-3.0583796309880205,1.1781755694872693,0.07787229112009844,0.002926858405758126,0.7266629401900462
2003-05-21,Las Vegas,Vintage Cars,Shipped,42.0,100.0,4431.84,Other,0.0,0.0,0.0,0.0,0.0,0.0,1.0,0.0,0.0,0.0,0.0,0.0,0.0,0.0,0.0,0.0,0.0,1.0,0.0,0.0,0.0,0.0,0.0,1.0,8.396795741154369,4.61512051684126,13.369046010543581,0.6839423679285295,0.7447315744112115,0.7843978201850537,0.4283559937836543,1.0,0.6148686416992699
2003-05-21,Las Vegas,Classic Cars,Shipped,22.0,77.9,1713.8,Other,0.0,0.0,0.0,0.0,0.0,0.0,1.0,0.0,0.0,0.0,0.0,1.0,0.0,0.0,0.0,0.0,0.0,0.0,0.0,0.0,0.0,0.0,0.0,1.0,7.447051734723822,4.368181227851829,8.805943150564206,-1.1686947052207988,-0.12321842383333048,-1.4834006262023,0.10023218703274278,0.6699817817997193,0.055897149245388134
2003-05-28,Madrid,Vintage Cars,Shipped,43.0,53.83,2314.69,Madrid,1.0,0.0,0.0,0.0,0.0,0.0,0.0,0.0,0.0,0.0,0.0,0.0,0.0,0.0,0.0,0.0,0.0,1.0,0.0,0.0,0.0,0.0,0.0,1.0,7.74746297826593,4.004237489415957,13.569968697266269,-0.5826915262497498,-1.4024193498149662,0.8842535917456676,0.17277207395072602,0.31054565003135914,0.6428172163219641
2003-05-28,Madrid,Vintage Cars,Shipped,46.0,73.7,3390.2,Madrid,1.0,0.0,0.0,0.0,0.0,0.0,0.0,0.0,0.0,0.0,0.0,0.0,0.0,0.0,0.0,0.0,0.0,1.0,0.0,0.0,0.0,0.0,0.0,1.0,8.128939120038428,4.3134800921387715,14.161377611660777,0.16144251195897796,-0.315483700211261,1.1781755694872693,0.3026084396402202,0.6072633873906161,0.7266629401900462
2003-05-28,Madrid,Vintage Cars,Shipped,34.0,100.0,3576.12,Madrid,1.0,0.0,0.0,0.0,0.0,0.0,0.0,0.0,0.0,0.0,0.0,0.0,0.0,0.0,0.0,0.0,0.0,1.0,0.0,0.0,0.0,0.0,0.0,1.0,8.182313286361948,4.61512051684126,11.683463549954297,0.2655578931668328,0.7447315744112115,-0.05331314156158311,0.32505284007256463,1.0,0.39128004471771716
2003-05-28,Madrid,Trucks and Buses,Shipped,27.0,100.0,3415.77,Madrid,1.0,0.0,0.0,0.0,0.0,0.0,0.0,0.0,0.0,0.0,0.0,0.0,0.0,0.0,0.0,0.0,1.0,0.0,0.0,0.0,0.0,0.0,0.0,1.0,8.136450939343545,4.61512051684126,10.068010317854855,0.17609559198605,0.7447315744112115,-0.8561708553548468,0.30569526902412214,1.0,0.19564002235885858
2003-05-28,Madrid,Vintage Cars,Shipped,31.0,90.17,2795.27,Madrid,1.0,0.0,0.0,0.0,0.0,0.0,0.0,0.0,0.0,0.0,0.0,0.0,0.0,0.0,0.0,0.0,0.0,1.0,0.0,0.0,0.0,0.0,0.0,1.0,7.936041665215059,4.5127258955968115,11.009728365329204,-0.21483675245568432,0.3848317314454646,-0.388150126800217,0.23078804834711203,0.8532090911805992,0.30743432084963496
2003-05-28,Madrid,Vintage Cars,Shipped,42.0,54.99,2309.58,Madrid,1.0,0.0,0.0,0.0,0.0,0.0,0.0,0.0,0.0,0.0,0.0,0.0,0.0,0.0,0.0,0.0,0.0,1.0,0.0,0.0,0.0,0.0,0.0,1.0,7.7452538542510485,4.025173103360802,13.369046010543581,-0.5870007980339813,-1.3288341938803256,0.7843978201850537,0.17215519095691534,0.3278678732491115,0.6148686416992699
2003-05-28,Madrid,Vintage Cars,Shipped,30.0,97.39,2921.7,Madrid,1.0,0.0,0.0,0.0,0.0,0.0,0.0,0.0,0.0,0.0,0.0,0.0,0.0,0.0,0.0,0.0,0.0,1.0,0.0,0.0,0.0,0.0,0.0,1.0,7.9802631255641385,4.588939172877674,10.779232502977782,-0.12857527955688355,0.652708561223518,-0.5027033539745942,0.24605077181237295,0.9610249977600573,0.2794857462269409
2003-05-28,Madrid,Classic Cars,Shipped,45.0,100.0,4597.2,Madrid,1.0,0.0,0.0,0.0,0.0,0.0,0.0,0.0,0.0,0.0,0.0,1.0,0.0,0.0,0.0,0.0,0.0,0.0,0.0,0.0,0.0,0.0,0.0,1.0,8.433420201549836,4.61512051684126,13.966075138951927,0.7553846014707465,0.7447315744112115,1.0811129658652374,0.44831837575166456,1.0,0.6987143655673522
2003-05-28,Madrid,Classic Cars,Shipped,38.0,100.0,7329.06,Madrid,1.0,0.0,0.0,0.0,0.0,0.0,0.0,0.0,0.0,0.0,0.0,1.0,0.0,0.0,0.0,0.0,0.0,0.0,0.0,0.0,0.0,0.0,0.0,1.0,8.899738980386077,4.61512051684126,12.544675977743431,1.6650186204572297,0.7447315744112115,0.3746974174111126,0.7781105431629407,1.0,0.5030743432084936
2003-05-28,Madrid,Vintage Cars,Shipped,38.0,82.34,3128.92,Madrid,1.0,0.0,0.0,0.0,0.0,0.0,0.0,0.0,0.0,0.0,0.0,0.0,0.0,0.0,0.0,0.0,0.0,1.0,0.0,0.0,0.0,0.0,0.0,1.0,8.048762724102128,4.422928625994308,12.544675977743431,0.005044827427813016,0.06920945719005568,0.3746974174111126,0.2710665240584488,0.7362840844607712,0.5030743432084936
2003-05-28,Madrid,Trucks and Buses,Shipped,35.050383351588174,100.0,7083.0,Madrid,1.0,0.0,0.0,0.0,0.0,0.0,0.0,0.0,0.0,0.0,0.0,0.0,0.0,0.0,0.0,0.0,1.0,0.0,0.0,0.0,0.0,0.0,0.0,1.0,8.865593998902725,4.61512051684126,11.913498472712774,1.5984130318673082,0.7447315744112115,0.06101100506720186,0.748405997280934,1.0,0.42063676220201485
2003-05-28,Madrid,Trucks and Buses,Shipped,43.0,65.02,2795.86,Madrid,1.0,0.0,0.0,0.0,0.0,0.0,0.0,0.0,0.0,0.0,0.0,0.0,0.0,0.0,0.0,0.0,1.0,0.0,0.0,0.0,0.0,0.0,0.0,1.0,7.936252638320347,4.189957726425047,13.569968697266269,-0.21442521356346972,-0.7496440055362578,0.8842535917456676,0.23085927358514502,0.4776453722784696,0.6428172163219641
2003-05-28,Madrid,Trucks and Buses,Shipped,38.0,100.0,3857.0,Madrid,1.0,0.0,0.0,0.0,0.0,0.0,0.0,0.0,0.0,0.0,0.0,0.0,0.0,0.0,0.0,0.0,1.0,0.0,0.0,0.0,0.0,0.0,0.0,1.0,8.257904193465674,4.61512051684126,12.544675977743431,0.41301080252466604,0.7447315744112115,0.3746974174111126,0.3589608822059387,1.0,0.5030743432084936
2003-05-28,Madrid,Trucks and Buses,Shipped,43.0,96.31,4141.33,Madrid,1.0,0.0,0.0,0.0,0.0,0.0,0.0,0.0,0.0,0.0,0.0,0.0,0.0,0.0,0.0,0.0,1.0,0.0,0.0,0.0,0.0,0.0,0.0,1.0,8.329013710438117,4.577901758833898,13.569968697266269,0.5517219989153789,0.6139139103636874,0.8842535917456676,0.3932854109006918,0.944897410626288,0.6428172163219641
2003-05-28,Madrid,Classic Cars,Shipped,22.0,100.0,3347.74,Madrid,1.0,0.0,0.0,0.0,0.0,0.0,0.0,0.0,0.0,0.0,0.0,1.0,0.0,0.0,0.0,0.0,0.0,0.0,0.0,0.0,0.0,0.0,0.0,1.0,8.116339434665484,4.61512051684126,8.805943150564206,0.1368646845929883,0.7447315744112115,-1.4834006262023,0.29748263691669746,1.0,0.055897149245388134
2003-05-28,Madrid,Trucks and Buses,Shipped,26.0,62.7,1630.2,Madrid,1.0,0.0,0.0,0.0,0.0,0.0,0.0,0.0,0.0,0.0,0.0,0.0,0.0,0.0,0.0,0.0,1.0,0.0,0.0,0.0,0.0,0.0,0.0,1.0,7.397071219260245,4.154184562578117,9.823805373555334,-1.26619019374822,-0.8753806496531573,-0.9775373049564378,0.09013993296570325,0.44300092584296513,0.1676914477361645
2003-05-28,Madrid,Trucks and Buses,Shipped,21.0,100.0,2439.57,Madrid,1.0,0.0,0.0,0.0,0.0,0.0,0.0,0.0,0.0,0.0,0.0,0.0,0.0,0.0,0.0,0.0,1.0,0.0,0.0,0.0,0.0,0.0,0.0,1.0,7.799986897562862,4.61512051684126,8.539972716394377,-0.48023469634848615,0.7447315744112115,-1.6155842205467048,0.18784768026522247,1.0,0.027948574622694067
2003-06-03,NYC,Classic Cars,Shipped,20.0,96.99,1939.8,NYC,0.0,0.0,0.0,1.0,0.0,0.0,0.0,0.0,0.0,0.0,0.0,1.0,0.0,0.0,0.0,0.0,0.0,0.0,0.0,0.0,0.0,0.0,0.0,1.0,7.570855538189786,4.584865432647727,8.268807419728406,-0.9271943487616284,0.6383900506296761,-1.7503495890608907,0.12751507482162963,0.9550518173401426,0.0
2003-06-03,NYC,Trucks and Buses,Shipped,45.0,100.0,6295.95,NYC,0.0,0.0,0.0,1.0,0.0,0.0,0.0,0.0,0.0,0.0,0.0,0.0,0.0,0.0,0.0,0.0,1.0,0.0,0.0,0.0,0.0,0.0,0.0,1.0,8.747820668168192,4.61512051684126,13.966075138951927,1.3686761372201837,0.7447315744112115,1.0811129658652374,0.6533927369524235,1.0,0.6987143655673522
2003-06-03,NYC,Trucks and Buses,Shipped,24.0,100.0,2559.6,NYC,0.0,0.0,0.0,1.0,0.0,0.0,0.0,0.0,0.0,0.0,0.0,0.0,0.0,0.0,0.0,0.0,1.0,0.0,0.0,0.0,0.0,0.0,0.0,1.0,7.847996885012079,4.61512051684126,9.323544176118064,-0.38658305756201083,0.7447315744112115,-1.226160139275199,0.2023377909789396,1.0,0.11179429849077627
2003-06-03,NYC,Trucks and Buses,Shipped,46.0,100.0,6176.42,NYC,0.0,0.0,0.0,1.0,0.0,0.0,0.0,0.0,0.0,0.0,0.0,0.0,0.0,0.0,0.0,0.0,1.0,0.0,0.0,0.0,0.0,0.0,0.0,1.0,8.728655987556328,4.61512051684126,14.161377611660777,1.3312921710606653,0.7447315744112115,1.1781755694872693,0.6389629866099207,1.0,0.7266629401900462
2003-06-03,NYC,Classic Cars,Shipped,42.0,100.0,8138.76,NYC,0.0,0.0,0.0,1.0,0.0,0.0,0.0,0.0,0.0,0.0,0.0,1.0,0.0,0.0,0.0,0.0,0.0,0.0,0.0,0.0,0.0,0.0,0.0,1.0,9.00451597453244,4.61512051684126,13.369046010543581,1.8694039521407069,0.7447315744112115,0.7843978201850537,0.8758581283074613,1.0,0.6148686416992699
2003-06-03,NYC,Classic Cars,Shipped,45.0,100.0,7146.9,NYC,0.0,0.0,0.0,1.0,0.0,0.0,0.0,0.0,0.0,0.0,0.0,1.0,0.0,0.0,0.0,0.0,0.0,0.0,0.0,0.0,0.0,0.0,0.0,1.0,8.874573886254206,4.61512051684126,13.966075138951927,1.6159298280854644,0.7447315744112115,1.0811129658652374,0.7561200527221281,1.0,0.6987143655673522
2003-06-03,NYC,Classic Cars,Shipped,25.0,100.0,3447.0,NYC,0.0,0.0,0.0,1.0,0.0,0.0,0.0,0.0,0.0,0.0,0.0,1.0,0.0,0.0,0.0,0.0,0.0,0.0,0.0,0.0,0.0,0.0,0.0,1.0,8.145549631783584,4.61512051684126,9.57572149487329,0.19384413771781306,0.7447315744112115,-1.1008315308182302,0.3094653778101705,1.0,0.13974287311347044
2003-06-03,NYC,Classic Cars,Shipped,39.0,38.19,1489.41,NYC,0.0,0.0,0.0,1.0,0.0,0.0,0.0,0.0,0.0,0.0,0.0,1.0,0.0,0.0,0.0,0.0,0.0,0.0,0.0,0.0,0.0,0.0,0.0,1.0,7.306806528873028,3.66842161221154,12.754015005493859,-1.442266810894983,-2.5827555823475645,0.4787359930181514,0.07314365963916616,0.07699429561269899,0.5310229178311876
2003-06-03,NYC,Classic Cars,Shipped,46.0,100.0,7366.44,NYC,0.0,0.0,0.0,1.0,0.0,0.0,0.0,0.0,0.0,0.0,0.0,1.0,0.0,0.0,0.0,0.0,0.0,0.0,0.0,0.0,0.0,0.0,0.0,1.0,8.904825570703562,4.61512051684126,14.161377611660777,1.6749408792283176,0.7447315744112115,1.1781755694872693,0.7826230845149256,1.0,0.7266629401900462
2003-06-03,NYC,Trains,Shipped,29.0,70.84,2054.36,NYC,0.0,0.0,0.0,1.0,0.0,0.0,0.0,0.0,0.0,0.0,0.0,0.0,0.0,0.0,0.0,1.0,0.0,0.0,0.0,0.0,0.0,0.0,0.0,1.0,7.628206294069428,4.274441423993944,10.54555133395328,-0.8153219538885248,-0.4526980417866197,-0.6188396341166861,0.14134484307426184,0.5645551473882269,0.2515371716042467
2003-06-03,NYC,Classic Cars,Shipped,22.0,100.0,3837.24,NYC,0.0,0.0,0.0,1.0,0.0,0.0,0.0,0.0,0.0,0.0,0.0,1.0,0.0,0.0,0.0,0.0,0.0,0.0,0.0,0.0,0.0,0.0,0.0,1.0,8.252769207181611,4.61512051684126,8.805943150564206,0.40299413919691174,0.7447315744112115,-1.4834006262023,0.3565754403355475,1.0,0.055897149245388134
2003-06-03,NYC,Classic Cars,Shipped,46.0,100.0,9167.099200000002,NYC,0.0,0.0,0.0,1.0,0.0,0.0,0.0,0.0,0.0,0.0,0.0,1.0,0.0,0.0,0.0,0.0,0.0,0.0,0.0,0.0,0.0,0.0,0.0,1.0,9.123485259140311,4.61512051684126,14.161377611660777,2.1014737580444667,0.7447315744112115,1.1781755694872693,1.0,1.0,0.7266629401900462
2003-06-03,NYC,Trains,Shipped,46.0,69.12,3179.52,NYC,0.0,0.0,0.0,1.0,0.0,0.0,0.0,0.0,0.0,0.0,0.0,0.0,0.0,0.0,0.0,1.0,0.0,0.0,0.0,0.0,0.0,0.0,0.0,1.0,8.064799984418535,4.250208060053033,14.161377611660777,0.03632822886309821,-0.5378742333762586,1.1781755694872693,0.2771749936253411,0.5388704715825943,0.7266629401900462
2003-06-03,NYC,Trucks and Buses,Shipped,45.0,51.95,2337.75,NYC,0.0,0.0,0.0,1.0,0.0,0.0,0.0,0.0,0.0,0.0,0.0,0.0,0.0,0.0,0.0,0.0,1.0,0.0,0.0,0.0,0.0,0.0,0.0,1.0,7.757371877588299,3.9693480720474157,13.966075138951927,-0.5633625343167356,-1.5250497739475755,1.0811129658652374,0.17555589427113194,0.28247170205776073,0.6987143655673522
2003-06-03,NYC,Classic Cars,Shipped,20.0,60.69,1213.8,NYC,0.0,0.0,0.0,1.0,0.0,0.0,0.0,0.0,0.0,0.0,0.0,1.0,0.0,0.0,0.0,0.0,0.0,0.0,0.0,0.0,0.0,0.0,0.0,1.0,7.102334733171594,4.122121843221548,8.268807419728406,-1.8411237940030882,-0.9880757064954121,-1.7503495890608907,0.03987181581839136,0.41298569423289433,0.0
2003-06-06,Madrid,Ships,Shipped,32.0,97.0,3104.0,Madrid,1.0,0.0,0.0,0.0,0.0,0.0,0.0,0.0,0.0,0.0,0.0,0.0,0.0,0.0,1.0,0.0,0.0,0.0,0.0,0.0,0.0,0.0,0.0,1.0,8.040768994367578,4.584967478670572,11.237179911736995,-0.010548300782198894,0.6387487252079976,-0.2751098821684491,0.2680581631571255,0.9552011468506405,0.335382895472329
2003-06-06,Madrid,Vintage Cars,Shipped,41.0,100.0,5544.02,Madrid,1.0,0.0,0.0,0.0,0.0,0.0,0.0,0.0,0.0,0.0,0.0,0.0,0.0,0.0,0.0,0.0,0.0,1.0,0.0,0.0,0.0,0.0,0.0,1.0,8.620655506630984,4.61512051684126,13.166125611826143,1.120618880652402,0.7447315744112115,0.6835492136397722,0.562619189098009,1.0,0.5869200670765757
2003-06-06,Madrid,Vintage Cars,Shipped,43.0,92.16,3962.88,Madrid,1.0,0.0,0.0,0.0,0.0,0.0,0.0,0.0,0.0,0.0,0.0,0.0,0.0,0.0,0.0,0.0,0.0,1.0,0.0,0.0,0.0,0.0,0.0,1.0,8.28497862253959,4.53431844501614,13.569968697266269,0.4658240771513779,0.4607259048971575,0.8842535917456676,0.37174279441428976,0.8829256637696741,0.6428172163219641
2003-06-06,Madrid,Trains,Shipped,41.0,100.0,4837.18,Madrid,1.0,0.0,0.0,0.0,0.0,0.0,0.0,0.0,0.0,0.0,0.0,0.0,0.0,0.0,0.0,1.0,0.0,0.0,0.0,0.0,0.0,0.0,0.0,1.0,8.484293895934668,4.61512051684126,13.166125611826143,0.854622387260659,0.7447315744112115,0.6835492136397722,0.47728893951970464,1.0,0.5869200670765757
2003-06-12,London,Vintage Cars,Shipped,50.0,77.99,3899.5,Other,0.0,0.0,0.0,0.0,0.0,0.0,1.0,0.0,0.0,0.0,0.0,0.0,0.0,0.0,0.0,0.0,0.0,1.0,0.0,0.0,0.0,0.0,0.0,1.0,8.268860029028367,4.369321262176328,14.925497315272617,0.4343820214987745,-0.11921139524749004,1.5579323994073224,0.3640915137591586,0.6713257473942,0.8384572386808227
2003-06-12,London,Classic Cars,Shipped,33.0,100.0,4398.24,Other,0.0,0.0,0.0,0.0,0.0,0.0,1.0,0.0,0.0,0.0,0.0,1.0,0.0,0.0,0.0,0.0,0.0,0.0,0.0,0.0,0.0,0.0,0.0,1.0,8.389187077714553,4.61512051684126,11.461717832632248,0.669100376960145,0.7447315744112115,-0.16351766875873364,0.42429977683804976,1.0,0.3633314700950231
2003-06-12,London,Ships,Shipped,30.0,85.41,2562.3,Other,0.0,0.0,0.0,0.0,0.0,0.0,1.0,0.0,0.0,0.0,0.0,0.0,0.0,0.0,1.0,0.0,0.0,0.0,0.0,0.0,0.0,0.0,0.0,1.0,7.849050769845858,4.4591034098533076,10.779232502977782,-0.38452727610861964,0.1963577279873344,-0.5027033539745942,0.20266373698349716,0.7821282441836155,0.2794857462269409
2003-06-12,London,Ships,Shipped,45.0,85.29,3838.05,Other,0.0,0.0,0.0,0.0,0.0,0.0,1.0,0.0,0.0,0.0,0.0,0.0,0.0,0.0,1.0,0.0,0.0,0.0,0.0,0.0,0.0,0.0,0.0,1.0,8.252980219141042,4.4577137165202165,13.966075138951927,0.40340575388073474,0.1914731900470456,1.0811129658652374,0.3566732241369148,0.7803362900576412,0.6987143655673522
2003-06-12,London,Ships,Shipped,42.0,91.15,3828.3,Other,0.0,0.0,0.0,0.0,0.0,0.0,1.0,0.0,0.0,0.0,0.0,0.0,0.0,0.0,1.0,0.0,0.0,0.0,0.0,0.0,0.0,0.0,0.0,1.0,8.250437297846632,4.523417684115833,13.369046010543581,0.39844535378110135,0.4224115668142813,0.7843978201850537,0.355496196898235,0.8678433832093899,0.6148686416992699
2003-06-12,London,Ships,Shipped,32.0,64.97,2079.04,Other,0.0,0.0,0.0,0.0,0.0,0.0,1.0,0.0,0.0,0.0,0.0,0.0,0.0,0.0,1.0,0.0,0.0,0.0,0.0,0.0,0.0,0.0,0.0,1.0,7.640142403279685,4.1892000932347795,11.237179911736995,-0.7920385445883801,-0.7523069585594633,-0.2751098821684491,0.14432423099740221,0.4768987247259804,0.335382895472329
2003-06-12,London,Vintage Cars,Shipped,41.0,94.71,3883.11,Other,0.0,0.0,0.0,0.0,0.0,0.0,1.0,0.0,0.0,0.0,0.0,0.0,0.0,0.0,0.0,0.0,0.0,1.0,0.0,0.0,0.0,0.0,0.0,1.0,8.264649150328403,4.561322786207815,13.166125611826143,0.42616798704604936,0.5556416146889366,0.6835492136397722,0.36211290079075215,0.9210046889466295,0.5869200670765757
2003-06-12,London,Ships,Shipped,45.0,100.0,6027.75,Other,0.0,0.0,0.0,0.0,0.0,0.0,1.0,0.0,0.0,0.0,0.0,0.0,0.0,0.0,1.0,0.0,0.0,0.0,0.0,0.0,0.0,0.0,0.0,1.0,8.704294971383181,4.61512051684126,13.966075138951927,1.2837718693831806,0.7447315744112115,1.0811129658652374,0.6210154338330454,1.0,0.6987143655673522
2003-06-12,London,Ships,Shipped,31.0,60.0,1860.0,Other,0.0,0.0,0.0,0.0,0.0,0.0,1.0,0.0,0.0,0.0,0.0,0.0,0.0,0.0,1.0,0.0,0.0,0.0,0.0,0.0,0.0,0.0,0.0,1.0,7.528869256642251,4.110873864173311,11.009728365329204,-1.009095725587361,-1.0276104578714442,-0.388150126800217,0.11788155957581914,0.4026819580085417,0.30743432084963496
2003-06-16,Brickhaven,Ships,Shipped,40.0,96.34,3853.6,Other,0.0,0.0,0.0,0.0,0.0,0.0,1.0,0.0,0.0,0.0,0.0,0.0,0.0,0.0,1.0,0.0,0.0,0.0,0.0,0.0,0.0,0.0,0.0,1.0,8.257022519264952,4.5782100044053085,12.961139346341028,0.4112909471745543,0.6149973416162018,0.5816739001387327,0.3585504316816811,0.9453453991577816,0.5589714924538818
2003-06-16,Glendale,Ships,Shipped,22.0,85.99,1891.78,Other,0.0,0.0,0.0,0.0,0.0,0.0,1.0,0.0,0.0,0.0,0.0,0.0,0.0,0.0,1.0,0.0,0.0,0.0,0.0,0.0,0.0,0.0,0.0,1.0,7.545801926811578,4.46579316951945,8.805943150564206,-0.9760656750782728,0.21987110617128555,-1.4834006262023,0.12171806477020333,0.7907893557924917,0.055897149245388134
2003-06-16,Glendale,Planes,Shipped,35.0,67.14,2349.9,Other,0.0,0.0,0.0,0.0,0.0,0.0,1.0,0.0,0.0,0.0,0.0,0.0,0.0,1.0,0.0,0.0,0.0,0.0,0.0,0.0,0.0,0.0,0.0,1.0,7.762553512543977,4.22156441223282,11.902530119204657,-0.5532548748280552,-0.6385518297887738,0.05555988642964223,0.1770226512916407,0.5093032285040169,0.41922861934041133
2003-06-16,Glendale,Planes,Shipped,50.0,81.89,4094.5,Other,0.0,0.0,0.0,0.0,0.0,0.0,1.0,0.0,0.0,0.0,0.0,0.0,0.0,1.0,0.0,0.0,0.0,0.0,0.0,0.0,0.0,0.0,0.0,1.0,8.317644088955657,4.417514427603435,14.925497315272617,0.529543620190731,0.05017946199129795,1.5579323994073224,0.3876320585327556,0.7295642564883673,0.8384572386808227
2003-06-16,Glendale,Planes,Shipped,21.0,41.71,883.5186,Other,0.0,0.0,0.0,0.0,0.0,0.0,1.0,0.0,0.0,0.0,0.0,0.0,0.0,1.0,0.0,0.0,0.0,0.0,0.0,0.0,0.0,0.0,0.0,1.0,6.785043542208585,3.754433084853375,8.539972716394377,-2.4600541788033214,-2.280439746605094,-1.6155842205467048,0.0,0.12955828330794739,0.027948574622694067
2003-06-16,Glendale,Vintage Cars,Shipped,29.0,59.18,1716.22,Other,0.0,0.0,0.0,0.0,0.0,0.0,1.0,0.0,0.0,0.0,0.0,0.0,0.0,0.0,0.0,0.0,0.0,1.0,0.0,0.0,0.0,0.0,0.0,1.0,7.448461983149574,4.0973400712018995,10.54555133395328,-1.1659437760249223,-1.0751794600899682,-0.6188396341166861,0.10052433122942026,0.39043693814771674,0.2515371716042467
2003-06-16,Glendale,Planes,Shipped,40.0,100.0,4427.6,Other,0.0,0.0,0.0,0.0,0.0,0.0,1.0,0.0,0.0,0.0,0.0,0.0,0.0,1.0,0.0,0.0,0.0,0.0,0.0,0.0,0.0,0.0,0.0,1.0,8.395838786004061,4.61512051684126,12.961139346341028,0.6820756642938687,0.7447315744112115,0.5816739001387327,0.4278441378357566,1.0,0.5589714924538818
2003-06-16,Glendale,Planes,Shipped,21.0,100.0,2781.66,Other,0.0,0.0,0.0,0.0,0.0,0.0,1.0,0.0,0.0,0.0,0.0,0.0,0.0,1.0,0.0,0.0,0.0,0.0,0.0,0.0,0.0,0.0,0.0,1.0,7.93116258374269,4.61512051684126,8.539972716394377,-0.2243542299627015,0.7447315744112115,-1.6155842205467048,0.22914503904265737,1.0,0.027948574622694067
2003-06-16,Glendale,Planes,Shipped,26.0,85.13,2213.38,Other,0.0,0.0,0.0,0.0,0.0,0.0,1.0,0.0,0.0,0.0,0.0,0.0,0.0,1.0,0.0,0.0,0.0,0.0,0.0,0.0,0.0,0.0,0.0,1.0,7.702727733590656,4.455857782801083,9.823805373555334,-0.6699552227834109,0.184949895698639,-0.9775373049564378,0.16054185553527417,0.7779470178896752,0.1676914477361645
2003-06-16,Brickhaven,Vintage Cars,Shipped,33.0,100.0,3423.75,Other,0.0,0.0,0.0,0.0,0.0,0.0,1.0,0.0,0.0,0.0,0.0,0.0,0.0,0.0,0.0,0.0,0.0,1.0,0.0,0.0,0.0,0.0,0.0,1.0,8.138783755331499,4.61512051684126,11.461717832632248,0.18064614598255416,0.7447315744112115,-0.16351766875873364,0.3066586205487032,1.0,0.3633314700950231
2003-06-27,Madrid,Planes,Shipped,27.0,99.67,2691.09,Madrid,1.0,0.0,0.0,0.0,0.0,0.0,0.0,0.0,0.0,0.0,0.0,0.0,0.0,1.0,0.0,0.0,0.0,0.0,0.0,0.0,0.0,0.0,0.0,1.0,7.898073122598042,4.611847840741332,10.068010317854855,-0.288900846768956,0.7332286692768689,-0.8561708553548468,0.21821136140088981,0.9950721261535704,0.19564002235885858
2003-06-27,Madrid,Motorcycles,Shipped,23.0,100.0,2642.01,Madrid,1.0,0.0,0.0,0.0,0.0,0.0,0.0,0.0,0.0,0.0,0.0,0.0,1.0,0.0,0.0,0.0,0.0,0.0,0.0,0.0,0.0,0.0,0.0,1.0,7.879673698176398,4.61512051684126,9.067037908070397,-0.3247920506905885,0.7447315744112115,-1.353640175122944,0.21228638736248906,1.0,0.0838457238680822
2003-06-27,Madrid,Planes,Shipped,49.0,69.27,3394.23,Madrid,1.0,0.0,0.0,0.0,0.0,0.0,0.0,0.0,0.0,0.0,0.0,0.0,0.0,1.0,0.0,0.0,0.0,0.0,0.0,0.0,0.0,0.0,0.0,1.0,8.130126784384396,4.252344965204106,14.736931873780104,0.16375925308385011,-0.5303633717806319,1.464218006289084,0.3030949442322079,0.541110414240062,0.8105086640581285
2003-06-27,Madrid,Planes,Shipped,46.0,77.52,3565.92,Madrid,1.0,0.0,0.0,0.0,0.0,0.0,0.0,0.0,0.0,0.0,0.0,0.0,0.0,1.0,0.0,0.0,0.0,0.0,0.0,0.0,0.0,0.0,0.0,1.0,8.1794577572969,4.3633533694082605,14.161377611660777,0.2599876984895892,-0.140187532899646,1.1781755694872693,0.3238214884997919,0.6643072604008002,0.7266629401900462
2003-06-27,Madrid,Planes,Shipped,41.0,94.1,3858.1,Madrid,1.0,0.0,0.0,0.0,0.0,0.0,0.0,0.0,0.0,0.0,0.0,0.0,0.0,1.0,0.0,0.0,0.0,0.0,0.0,0.0,0.0,0.0,0.0,1.0,8.25818927465095,4.554928969551344,13.166125611826143,0.41356690181997674,0.5331684263256339,0.6835492136397722,0.35909367502261025,0.9118955888062599,0.5869200670765757
2003-06-27,Madrid,Planes,Shipped,24.0,77.64,1863.36,Madrid,1.0,0.0,0.0,0.0,0.0,0.0,0.0,0.0,0.0,0.0,0.0,0.0,0.0,1.0,0.0,0.0,0.0,0.0,0.0,0.0,0.0,0.0,0.0,1.0,7.530673109644961,4.364880475838911,9.323544176118064,-1.005577003779479,-0.13482001107180544,-1.226160139275199,0.11828718127037957,0.6660992145267748,0.11179429849077627
2003-06-27,Madrid,Vintage Cars,Shipped,49.0,57.1,2797.9,Madrid,1.0,0.0,0.0,0.0,0.0,0.0,0.0,0.0,0.0,0.0,0.0,0.0,0.0,0.0,0.0,0.0,0.0,1.0,0.0,0.0,0.0,0.0,0.0,1.0,7.936981761831854,4.062165663857866,14.736931873780104,-0.21300293425538688,-1.1988115759733726,1.464218006289084,0.23110554389969956,0.35937639996416093,0.8105086640581285
2003-06-27,Madrid,Vintage Cars,Shipped,27.0,50.19,1355.13,Madrid,1.0,0.0,0.0,0.0,0.0,0.0,0.0,0.0,0.0,0.0,0.0,0.0,0.0,0.0,0.0,0.0,0.0,1.0,0.0,0.0,0.0,0.0,0.0,1.0,7.212390334111576,3.935544200469492,10.068010317854855,-1.626441642782743,-1.6438646875111012,-0.8561708553548468,0.05693327834583997,0.2561897082101364,0.19564002235885858
2003-07-01,Paris,Motorcycles,Shipped,35.0,93.54,3273.9,Paris,0.0,0.0,0.0,0.0,0.0,0.0,0.0,1.0,0.0,0.0,0.0,0.0,1.0,0.0,0.0,0.0,0.0,0.0,0.0,0.0,0.0,0.0,0.0,1.0,8.094042613252025,4.5490230253650905,11.902530119204657,0.09337094555986439,0.5124100275019018,0.05555988642964223,0.2885686172957621,0.9035331362183796,0.41922861934041133
2003-07-01,Paris,Motorcycles,Shipped,43.0,83.03,3570.29,Paris,0.0,0.0,0.0,0.0,0.0,0.0,0.0,1.0,0.0,0.0,0.0,0.0,1.0,0.0,0.0,0.0,0.0,0.0,0.0,0.0,0.0,0.0,0.0,1.0,8.180682154042286,4.431173877940127,13.569968697266269,0.2623760924014075,0.09819012867893341,0.8842535917456676,0.3243490381442053,0.7465878206851237,0.6428172163219641
2003-07-01,Paris,Motorcycles,Shipped,41.0,94.74,3884.34,Paris,0.0,0.0,0.0,0.0,0.0,0.0,0.0,1.0,0.0,0.0,0.0,0.0,1.0,0.0,0.0,0.0,0.0,0.0,0.0,0.0,0.0,0.0,0.0,1.0,8.264965775059954,4.561636183964363,13.166125611826143,0.42678561738851717,0.5567431550042051,0.6835492136397722,0.3622613873039395,0.9214526774781231,0.5869200670765757
2003-07-01,Paris,Motorcycles,Shipped,30.0,61.78,1853.4,Paris,0.0,0.0,0.0,0.0,0.0,0.0,0.0,1.0,0.0,0.0,0.0,0.0,1.0,0.0,0.0,0.0,0.0,0.0,0.0,0.0,0.0,0.0,0.0,1.0,7.525316472585487,4.139636551413807,10.779232502977782,-1.016026034609464,-0.9265144579515396,-0.5027033539745942,0.11708480267578972,0.42926261087716155,0.2794857462269409
2003-07-01,Paris,Motorcycles,Shipped,20.0,100.0,2711.2,Paris,0.0,0.0,0.0,0.0,0.0,0.0,0.0,1.0,0.0,0.0,0.0,0.0,1.0,0.0,0.0,0.0,0.0,0.0,0.0,0.0,0.0,0.0,0.0,1.0,7.905515392653845,4.61512051684126,8.268807419728406,-0.27438343437107354,0.7447315744112115,-1.7503495890608907,0.220639055531131,1.0,0.0
2003-07-01,Paris,Motorcycles,Shipped,27.0,100.0,3307.77,Paris,0.0,0.0,0.0,0.0,0.0,0.0,0.0,1.0,0.0,0.0,0.0,0.0,1.0,0.0,0.0,0.0,0.0,0.0,0.0,0.0,0.0,0.0,0.0,1.0,8.10433179810181,4.61512051684126,10.068010317854855,0.113441749035467,0.7447315744112115,-0.8561708553548468,0.2926574288418222,1.0,0.19564002235885858
2003-07-01,Paris,Motorcycles,Shipped,31.0,100.0,7023.98,Paris,0.0,0.0,0.0,0.0,0.0,0.0,0.0,1.0,0.0,0.0,0.0,0.0,1.0,0.0,0.0,0.0,0.0,0.0,0.0,0.0,0.0,0.0,0.0,1.0,8.857227647222805,4.61512051684126,11.009728365329204,1.5820930412337506,0.7447315744112115,-0.388150126800217,0.741281059062792,1.0,0.30743432084963496
2003-07-02,San Rafael,Motorcycles,Shipped,29.0,61.64,1787.56,San Rafael,0.0,0.0,0.0,0.0,0.0,0.0,0.0,0.0,0.0,1.0,0.0,0.0,1.0,0.0,0.0,0.0,0.0,0.0,0.0,0.0,0.0,0.0,0.0,1.0,7.489166105802004,4.137404051682548,10.54555133395328,-1.0865434679994748,-0.9343613183914364,-0.6188396341166861,0.1091365489942839,0.42717199773019143,0.2515371716042467
2003-07-02,San Rafael,Motorcycles,Shipped,30.0,89.8,2694.0,San Rafael,0.0,0.0,0.0,0.0,0.0,0.0,0.0,0.0,0.0,1.0,0.0,0.0,1.0,0.0,0.0,0.0,0.0,0.0,0.0,0.0,0.0,0.0,0.0,1.0,7.899153483343097,4.508659285607248,10.779232502977782,-0.28679341955160853,0.37053828244531756,-0.5027033539745942,0.21856265876135733,0.847683899292178,0.2794857462269409
2003-07-02,San Rafael,Classic Cars,Shipped,24.0,75.01,1800.24,San Rafael,0.0,0.0,0.0,0.0,0.0,0.0,0.0,0.0,0.0,1.0,0.0,1.0,0.0,0.0,0.0,0.0,0.0,0.0,0.0,0.0,0.0,0.0,0.0,1.0,7.496230595598113,4.330864910577949,9.323544176118064,-1.0727629801937704,-0.2543789922665819,-1.226160139275199,0.11066728800827988,0.6268255532658364,0.11179429849077627
2003-07-02,San Rafael,Classic Cars,Shipped,31.0,100.0,4705.18,San Rafael,0.0,0.0,0.0,0.0,0.0,0.0,0.0,0.0,0.0,1.0,0.0,1.0,0.0,0.0,0.0,0.0,0.0,0.0,0.0,0.0,0.0,0.0,0.0,1.0,8.456631817599606,4.61512051684126,11.009728365329204,0.8006628028917052,0.7447315744112115,-0.388150126800217,0.46135380151911587,1.0,0.30743432084963496
2003-07-02,San Rafael,Classic Cars,Shipped,29.0,97.89,2838.81,San Rafael,0.0,0.0,0.0,0.0,0.0,0.0,0.0,0.0,0.0,1.0,0.0,1.0,0.0,0.0,0.0,0.0,0.0,0.0,0.0,0.0,0.0,0.0,0.0,1.0,7.951492427508802,4.5940081212819,10.54555133395328,-0.18469741507635648,0.6705250608844441,-0.6188396341166861,0.23604422947245773,0.9684914732849506,0.2515371716042467
2003-07-02,San Rafael,Classic Cars,Shipped,45.0,78.0,3510.0,San Rafael,0.0,0.0,0.0,0.0,0.0,0.0,0.0,0.0,0.0,1.0,0.0,1.0,0.0,0.0,0.0,0.0,0.0,0.0,0.0,0.0,0.0,0.0,0.0,1.0,8.163656176168432,4.3694478524670215,13.966075138951927,0.22916402935899918,-0.11876645170272301,1.0811129658652374,0.31707078458317883,0.671475076904698,0.6987143655673522
2003-07-02,San Rafael,Classic Cars,Shipped,47.0,100.0,6336.07,San Rafael,0.0,0.0,0.0,0.0,0.0,0.0,0.0,0.0,0.0,1.0,0.0,1.0,0.0,0.0,0.0,0.0,0.0,0.0,0.0,0.0,0.0,0.0,0.0,1.0,8.754171795498896,4.61512051684126,14.35492029635209,1.3810650903164787,0.7447315744112115,1.2743635830212399,0.658236053138663,1.0,0.7546115148127404
2003-07-02,San Rafael,Classic Cars,Shipped,48.0,100.0,6031.68,San Rafael,0.0,0.0,0.0,0.0,0.0,0.0,0.0,0.0,0.0,1.0,0.0,1.0,0.0,0.0,0.0,0.0,0.0,0.0,0.0,0.0,0.0,0.0,0.0,1.0,8.704946635429497,4.61512051684126,14.546755227281093,1.285043050841836,0.7447315744112115,1.3697028667658944,0.6214898663507902,1.0,0.7825600894354343
2003-07-02,San Rafael,Classic Cars,Shipped,20.0,35.87,883.5186,San Rafael,0.0,0.0,0.0,0.0,0.0,0.0,0.0,0.0,0.0,1.0,0.0,1.0,0.0,0.0,0.0,0.0,0.0,0.0,0.0,0.0,0.0,0.0,0.0,1.0,6.785043542208585,3.607398212246053,8.268807419728406,-2.4600541788033214,-2.797242552443228,-1.7503495890608907,0.0,0.04234984917719442,0.0
2003-07-02,San Rafael,Classic Cars,Shipped,48.0,79.31,3806.88,San Rafael,0.0,0.0,0.0,0.0,0.0,0.0,0.0,0.0,0.0,1.0,0.0,1.0,0.0,0.0,0.0,0.0,0.0,0.0,0.0,0.0,0.0,0.0,0.0,1.0,8.244827882809682,4.38589414620037,14.546755227281093,0.38750323655185676,-0.06096049998314714,1.3697028667658944,0.35291035859541214,0.6910372427799183,0.7825600894354343
2003-07-02,San Rafael,Classic Cars,Shipped,23.0,87.31,2008.13,San Rafael,0.0,0.0,0.0,0.0,0.0,0.0,0.0,0.0,0.0,1.0,0.0,1.0,0.0,0.0,0.0,0.0,0.0,0.0,0.0,0.0,0.0,0.0,0.0,1.0,7.605457071531763,4.480853351480711,9.067037908070397,-0.8596981781902722,0.2728051085341037,-1.353640175122944,0.1357639231517829,0.8105008511782099,0.0838457238680822
2003-07-02,San Rafael,Classic Cars,Shipped,42.0,100.0,8008.56,San Rafael,0.0,0.0,0.0,0.0,0.0,0.0,0.0,0.0,0.0,1.0,0.0,1.0,0.0,0.0,0.0,0.0,0.0,0.0,0.0,0.0,0.0,0.0,0.0,1.0,8.988391107217794,4.61512051684126,13.369046010543581,1.8379496583684278,0.7447315744112115,0.7843978201850537,0.8601402876432444,1.0,0.6148686416992699
2003-07-02,San Rafael,Motorcycles,Shipped,44.0,96.0,4224.0,San Rafael,0.0,0.0,0.0,0.0,0.0,0.0,0.0,0.0,0.0,1.0,0.0,0.0,1.0,0.0,0.0,0.0,0.0,0.0,0.0,0.0,0.0,0.0,0.0,1.0,8.348774539791274,4.574710978503383,13.768958087112637,0.5902688544974705,0.6026988550616221,0.9831485417366043,0.4032653946772726,0.9402681958008541,0.670765790944658
2003-07-02,San Rafael,Classic Cars,Shipped,27.0,66.13,1785.51,San Rafael,0.0,0.0,0.0,0.0,0.0,0.0,0.0,0.0,0.0,1.0,0.0,1.0,0.0,0.0,0.0,0.0,0.0,0.0,0.0,0.0,0.0,0.0,0.0,1.0,7.488019274984882,4.20663103795066,10.068010317854855,-1.088780556387549,-0.6910401245231959,-0.8561708553548468,0.10888907147230506,0.4942209479437326,0.19564002235885858
2003-07-02,San Rafael,Classic Cars,Shipped,42.0,100.0,5432.7,San Rafael,0.0,0.0,0.0,0.0,0.0,0.0,0.0,0.0,0.0,1.0,0.0,1.0,0.0,0.0,0.0,0.0,0.0,0.0,0.0,0.0,0.0,0.0,0.0,1.0,8.600375580512333,4.61512051684126,13.369046010543581,1.081059438619862,0.7447315744112115,0.7843978201850537,0.5491805560508457,1.0,0.6148686416992699
2003-07-02,San Rafael,Motorcycles,Shipped,33.0,40.23,1327.59,San Rafael,0.0,0.0,0.0,0.0,0.0,0.0,0.0,0.0,0.0,1.0,0.0,0.0,1.0,0.0,0.0,0.0,0.0,0.0,0.0,0.0,0.0,0.0,0.0,1.0,7.191873508482959,3.7191661467188086,11.461717832632248,-1.6664631975654585,-2.4043970926283,-0.16351766875873364,0.05360862909935346,0.10745751575426332,0.3633314700950231
2003-07-02,San Rafael,Motorcycles,Shipped,45.0,50.36,2266.2,San Rafael,0.0,0.0,0.0,0.0,0.0,0.0,0.0,0.0,0.0,1.0,0.0,0.0,1.0,0.0,0.0,0.0,0.0,0.0,0.0,0.0,0.0,0.0,0.0,1.0,7.726300868936416,3.9388596593817056,13.966075138951927,-0.623971816543178,-1.6322114079993142,1.0811129658652374,0.1669183251503582,0.2587283098886002,0.6987143655673522
2003-07-04,Toulouse,Classic Cars,Shipped,41.0,100.0,8331.61,Other,0.0,0.0,0.0,0.0,0.0,0.0,1.0,0.0,0.0,0.0,0.0,1.0,0.0,0.0,0.0,0.0,0.0,0.0,0.0,0.0,0.0,0.0,0.0,1.0,9.02793201141489,4.61512051684126,13.166125611826143,1.9150809111327418,0.7447315744112115,0.6835492136397722,0.8991391234848367,1.0,0.5869200670765757
2003-07-04,Toulouse,Classic Cars,Shipped,25.0,100.0,3644.75,Other,0.0,0.0,0.0,0.0,0.0,0.0,1.0,0.0,0.0,0.0,0.0,1.0,0.0,0.0,0.0,0.0,0.0,0.0,0.0,0.0,0.0,0.0,0.0,1.0,8.201317384593674,4.61512051684126,9.57572149487329,0.3026286161063634,0.7447315744112115,-1.1008315308182302,0.33333790462544655,1.0,0.13974287311347044
2003-07-04,Toulouse,Classic Cars,Shipped,36.0,100.0,5274.72,Other,0.0,0.0,0.0,0.0,0.0,0.0,1.0,0.0,0.0,0.0,0.0,1.0,0.0,0.0,0.0,0.0,0.0,0.0,0.0,0.0,0.0,0.0,0.0,1.0,8.570870441920956,4.61512051684126,12.119023021201402,1.0235046520324393,0.7447315744112115,0.16315383770961095,0.5301090931619593,1.0,0.4471771939631053
2003-07-10,Reims,Classic Cars,Shipped,44.0,99.55,4380.2,Other,0.0,0.0,0.0,0.0,0.0,0.0,1.0,0.0,0.0,0.0,0.0,1.0,0.0,0.0,0.0,0.0,0.0,0.0,0.0,0.0,0.0,0.0,0.0,1.0,8.38507793844959,4.610655116218661,13.768958087112637,0.6610848025638261,0.7290364435213202,0.9831485417366043,0.42212197464463597,0.9932801720275961,0.670765790944658
2003-07-10,Reims,Classic Cars,Shipped,31.0,100.0,5124.3,Other,0.0,0.0,0.0,0.0,0.0,0.0,1.0,0.0,0.0,0.0,0.0,1.0,0.0,0.0,0.0,0.0,0.0,0.0,0.0,0.0,0.0,0.0,0.0,1.0,8.541944338878777,4.61512051684126,11.009728365329204,0.9670793726783884,0.7447315744112115,-0.388150126800217,0.5119502790858338,1.0,0.30743432084963496
2003-07-10,Reims,Classic Cars,Shipped,35.050383351588174,100.0,4346.76,Other,0.0,0.0,0.0,0.0,0.0,0.0,1.0,0.0,0.0,0.0,0.0,1.0,0.0,0.0,0.0,0.0,0.0,0.0,0.0,0.0,0.0,0.0,0.0,1.0,8.377416048925557,4.61512051684126,11.913498472712774,0.6461389850735451,0.7447315744112115,0.06101100506720186,0.4180850730178203,1.0,0.42063676220201485
2003-07-10,Reims,Classic Cars,Shipped,26.0,49.81,1295.06,Other,0.0,0.0,0.0,0.0,0.0,0.0,1.0,0.0,0.0,0.0,0.0,1.0,0.0,0.0,0.0,0.0,0.0,0.0,0.0,0.0,0.0,0.0,0.0,1.0,7.167084172136875,3.9280931856056407,9.823805373555334,-1.7148190105240748,-1.6700537494642052,-0.9775373049564378,0.04968158334814776,0.25051518681121765,0.1676914477361645
2003-07-16,Chatswood,Vintage Cars,Shipped,46.0,100.0,5545.76,Other,0.0,0.0,0.0,0.0,0.0,0.0,1.0,0.0,0.0,0.0,0.0,0.0,0.0,0.0,0.0,0.0,0.0,1.0,0.0,0.0,0.0,0.0,0.0,1.0,8.620969252488596,4.61512051684126,14.161377611660777,1.1212308952620484,0.7447315744112115,1.1781755694872693,0.562829243189835,1.0,0.7266629401900462
2003-07-16,Chatswood,Vintage Cars,Shipped,20.0,71.2,1424.0,Other,0.0,0.0,0.0,0.0,0.0,0.0,1.0,0.0,0.0,0.0,0.0,0.0,0.0,0.0,0.0,0.0,0.0,1.0,0.0,0.0,0.0,0.0,0.0,1.0,7.261927092702751,4.279440045898781,8.268807419728406,-1.5298117774418962,-0.4351287279229448,-1.7503495890608907,0.06524731587690472,0.5699310097661501,0.0
2003-07-16,Chatswood,Classic Cars,Shipped,29.0,100.0,3276.13,Other,0.0,0.0,0.0,0.0,0.0,0.0,1.0,0.0,0.0,0.0,0.0,1.0,0.0,0.0,0.0,0.0,0.0,0.0,0.0,0.0,0.0,0.0,0.0,1.0,8.094723318342236,4.61512051684126,10.54555133395328,0.09469877650953915,0.7447315744112115,-0.6188396341166861,0.28883782455137813,1.0,0.2515371716042467
2003-07-16,Chatswood,Vintage Cars,Shipped,30.0,100.0,3095.4,Other,0.0,0.0,0.0,0.0,0.0,0.0,1.0,0.0,0.0,0.0,0.0,0.0,0.0,0.0,0.0,0.0,0.0,1.0,0.0,0.0,0.0,0.0,0.0,1.0,8.037995425330559,4.61512051684126,10.779232502977782,-0.0159586184974257,0.7447315744112115,-0.5027033539745942,0.26701996477223866,1.0,0.2794857462269409
2003-07-16,Chatswood,Vintage Cars,Shipped,41.0,100.0,7956.46,Other,0.0,0.0,0.0,0.0,0.0,0.0,1.0,0.0,0.0,0.0,0.0,0.0,0.0,0.0,0.0,0.0,0.0,1.0,0.0,0.0,0.0,0.0,0.0,1.0,8.981865132439246,4.61512051684126,13.166125611826143,1.8252196356135448,0.7447315744112115,0.6835492136397722,0.8538507369627089,1.0,0.5869200670765757
2003-07-16,Chatswood,Vintage Cars,Shipped,20.0,90.06,1801.2,Other,0.0,0.0,0.0,0.0,0.0,0.0,1.0,0.0,0.0,0.0,0.0,0.0,0.0,0.0,0.0,0.0,0.0,1.0,0.0,0.0,0.0,0.0,0.0,1.0,7.496763419800937,4.511518629906636,8.268807419728406,-1.0717236160441266,0.38058839593592786,-1.7503495890608907,0.11078317992101142,0.8515664665651226,0.0
2003-07-16,Chatswood,Vintage Cars,Shipped,49.0,43.13,2113.37,Other,0.0,0.0,0.0,0.0,0.0,0.0,1.0,0.0,0.0,0.0,0.0,0.0,0.0,0.0,0.0,0.0,0.0,1.0,0.0,0.0,0.0,0.0,0.0,1.0,7.656512174767175,3.7871398232814557,14.736931873780104,-0.7601065236107625,-2.1654810712261745,1.464218006289084,0.14846857408497954,0.15076307379864418,0.8105086640581285
2003-07-16,Chatswood,Vintage Cars,Shipped,31.0,100.0,3184.94,Other,0.0,0.0,0.0,0.0,0.0,0.0,1.0,0.0,0.0,0.0,0.0,0.0,0.0,0.0,0.0,0.0,0.0,1.0,0.0,0.0,0.0,0.0,0.0,1.0,8.066502657900948,4.61512051684126,11.009728365329204,0.0396495828233529,0.7447315744112115,-0.388150126800217,0.2778293000493047,1.0,0.30743432084963496
2003-07-24,Burlingame,Classic Cars,Shipped,26.0,100.0,3188.12,Other,0.0,0.0,0.0,0.0,0.0,0.0,1.0,0.0,0.0,0.0,0.0,1.0,0.0,0.0,0.0,0.0,0.0,0.0,0.0,0.0,0.0,0.0,0.0,1.0,8.067500295652986,4.61512051684126,9.823805373555334,0.041595644785823074,0.7447315744112115,-0.9775373049564378,0.2782131920102279,1.0,0.1676914477361645
2003-07-24,Burlingame,Trucks and Buses,Shipped,47.0,100.0,5105.14,Other,0.0,0.0,0.0,0.0,0.0,0.0,1.0,0.0,0.0,0.0,0.0,0.0,0.0,0.0,0.0,0.0,1.0,0.0,0.0,0.0,0.0,0.0,0.0,1.0,8.538199016148614,4.61512051684126,14.35492029635209,0.9597734842560053,0.7447315744112115,1.2743635830212399,0.5096372696609,1.0,0.7546115148127404
2003-07-24,Burlingame,Trucks and Buses,Shipped,46.0,61.99,2851.54,Other,0.0,0.0,0.0,0.0,0.0,0.0,1.0,0.0,0.0,0.0,0.0,0.0,0.0,0.0,0.0,0.0,1.0,0.0,0.0,0.0,0.0,0.0,0.0,1.0,7.9559651044249415,4.142975983633837,14.161377611660777,-0.17597269871599497,-0.9147769163016289,1.1781755694872693,0.23758100452357517,0.4323985305976167,0.7266629401900462
2003-07-24,Burlingame,Trucks and Buses,Shipped,38.0,100.0,4829.8,Other,0.0,0.0,0.0,0.0,0.0,0.0,1.0,0.0,0.0,0.0,0.0,0.0,0.0,0.0,0.0,0.0,1.0,0.0,0.0,0.0,0.0,0.0,0.0,1.0,8.48276736440122,4.61512051684126,12.544675977743431,0.8516446281034022,0.7447315744112115,0.3746974174111126,0.4763980204405809,1.0,0.5030743432084936
2003-07-24,Burlingame,Trucks and Buses,Shipped,26.0,100.0,2829.58,Other,0.0,0.0,0.0,0.0,0.0,0.0,1.0,0.0,0.0,0.0,0.0,0.0,0.0,0.0,0.0,0.0,1.0,0.0,0.0,0.0,0.0,0.0,0.0,1.0,7.948236916634983,4.61512051684126,9.823805373555334,-0.19104784223993024,0.7447315744112115,-0.9775373049564378,0.2349299770198408,1.0,0.1676914477361645
2003-07-24,Burlingame,Trucks and Buses,Shipped,32.0,100.0,4181.44,Other,0.0,0.0,0.0,0.0,0.0,0.0,1.0,0.0,0.0,0.0,0.0,0.0,0.0,0.0,0.0,0.0,1.0,0.0,0.0,0.0,0.0,0.0,0.0,1.0,8.338650087270933,4.61512051684126,11.237179911736995,0.5705193894231734,0.7447315744112115,-0.2751098821684491,0.398127519879507,1.0,0.335382895472329
2003-07-24,Burlingame,Classic Cars,Shipped,36.0,100.0,4114.8,Other,0.0,0.0,0.0,0.0,0.0,0.0,1.0,0.0,0.0,0.0,0.0,1.0,0.0,0.0,0.0,0.0,0.0,0.0,0.0,0.0,0.0,0.0,0.0,1.0,8.322588504908449,4.61512051684126,12.119023021201402,0.5391885437040059,0.7447315744112115,0.16315383770961095,0.39008268960405834,1.0,0.4471771939631053
2003-07-24,Burlingame,Trucks and Buses,Shipped,40.0,100.0,4601.2,Other,0.0,0.0,0.0,0.0,0.0,0.0,1.0,0.0,0.0,0.0,0.0,0.0,0.0,0.0,0.0,0.0,1.0,0.0,0.0,0.0,0.0,0.0,0.0,1.0,8.434289729016474,4.61512051684126,12.961139346341028,0.7570807625519501,0.7447315744112115,0.5816739001387327,0.4488012587213793,1.0,0.5589714924538818
2003-07-24,Burlingame,Trucks and Buses,Shipped,28.0,60.76,1701.28,Other,0.0,0.0,0.0,0.0,0.0,0.0,1.0,0.0,0.0,0.0,0.0,0.0,0.0,0.0,0.0,0.0,1.0,0.0,0.0,0.0,0.0,0.0,0.0,1.0,7.439723807941074,4.123255905716521,10.308532382015233,-1.1829890716344038,-0.9840896678842648,-0.7366347457903012,0.09872076333753543,0.41403100080637933,0.22358859698155265
2003-07-24,Burlingame,Vintage Cars,Shipped,29.0,43.27,1254.83,Other,0.0,0.0,0.0,0.0,0.0,0.0,1.0,0.0,0.0,0.0,0.0,0.0,0.0,0.0,0.0,0.0,0.0,1.0,0.0,0.0,0.0,0.0,0.0,1.0,7.1355519875489914,3.7903072467440495,10.54555133395328,-1.7763278947806387,-2.154348111379855,-0.6188396341166861,0.04482498788024103,0.1528536869456143,0.2515371716042467
2003-07-24,Burlingame,Classic Cars,Shipped,37.0,100.0,7374.1,Other,0.0,0.0,0.0,0.0,0.0,0.0,1.0,0.0,0.0,0.0,0.0,1.0,0.0,0.0,0.0,0.0,0.0,0.0,0.0,0.0,0.0,0.0,0.0,1.0,8.905864740438128,4.61512051684126,12.33304085962557,1.6769679563801787,0.7447315744112115,0.26951771693185156,0.7835478054019295,1.0,0.47512576858579947
2003-08-01,Espoo,Trucks and Buses,Shipped,24.0,45.99,1103.76,Other,0.0,0.0,0.0,0.0,0.0,0.0,1.0,0.0,0.0,0.0,0.0,0.0,0.0,0.0,0.0,0.0,1.0,0.0,0.0,0.0,0.0,0.0,0.0,1.0,7.007383395791561,3.849934813114724,9.323544176118064,-2.0263425125043897,-1.9447672612099636,-1.226160139275199,0.026587705321536925,0.19347131380103344,0.11179429849077627
2003-08-01,Espoo,Classic Cars,Shipped,34.0,100.0,4836.5,Other,0.0,0.0,0.0,0.0,0.0,0.0,1.0,0.0,0.0,0.0,0.0,1.0,0.0,0.0,0.0,0.0,0.0,0.0,0.0,0.0,0.0,0.0,0.0,1.0,8.484153337338038,4.61512051684126,11.683463549954297,0.8543482038330152,0.7447315744112115,-0.05331314156158311,0.47720684941485314,1.0,0.39128004471771716
2003-08-01,Espoo,Classic Cars,Shipped,40.0,94.62,3784.8,Other,0.0,0.0,0.0,0.0,0.0,0.0,1.0,0.0,0.0,0.0,0.0,1.0,0.0,0.0,0.0,0.0,0.0,0.0,0.0,0.0,0.0,0.0,0.0,1.0,8.23901250417212,4.560382003197957,12.961139346341028,0.3761593523205258,0.5523349209056339,0.5816739001387327,0.35024484460258637,0.919660723352149,0.5589714924538818
2003-08-01,Espoo,Trucks and Buses,Shipped,47.0,100.0,6287.66,Other,0.0,0.0,0.0,0.0,0.0,0.0,1.0,0.0,0.0,0.0,0.0,0.0,0.0,0.0,0.0,0.0,1.0,0.0,0.0,0.0,0.0,0.0,0.0,1.0,8.746503290432996,4.61512051684126,14.35492029635209,1.3661063680876162,0.7447315744112115,1.2743635830212399,0.6523919619976896,1.0,0.7546115148127404
2003-08-01,Espoo,Trucks and Buses,Shipped,21.0,100.0,2140.11,Other,0.0,0.0,0.0,0.0,0.0,0.0,1.0,0.0,0.0,0.0,0.0,0.0,0.0,0.0,0.0,0.0,1.0,0.0,0.0,0.0,0.0,0.0,0.0,1.0,7.669079665130698,4.61512051684126,8.539972716394377,-0.7355914980814995,0.7447315744112115,-1.6155842205467048,0.1516966467375231,1.0,0.027948574622694067
2003-08-01,Espoo,Classic Cars,Shipped,20.0,54.33,1086.6,Other,0.0,0.0,0.0,0.0,0.0,0.0,1.0,0.0,0.0,0.0,0.0,1.0,0.0,0.0,0.0,0.0,0.0,0.0,0.0,0.0,0.0,0.0,0.0,1.0,6.991728712758316,4.013315256910018,8.268807419728406,-2.0568796319380707,-1.3705125264302451,-1.7503495890608907,0.024516137381460357,0.31801212555625236,0.0
2003-08-01,Espoo,Trucks and Buses,Shipped,44.0,100.0,5500.44,Other,0.0,0.0,0.0,0.0,0.0,0.0,1.0,0.0,0.0,0.0,0.0,0.0,0.0,0.0,0.0,0.0,1.0,0.0,0.0,0.0,0.0,0.0,0.0,1.0,8.612765155133982,4.61512051684126,13.768958087112637,1.1052274092616383,0.7447315744112115,0.9831485417366043,0.557358179142966,1.0,0.670765790944658
2003-08-01,Espoo,Classic Cars,Shipped,39.0,100.0,5938.53,Other,0.0,0.0,0.0,0.0,0.0,0.0,1.0,0.0,0.0,0.0,0.0,1.0,0.0,0.0,0.0,0.0,0.0,0.0,0.0,0.0,0.0,0.0,0.0,1.0,8.68938528464705,4.61512051684126,12.754015005493859,1.2546879918231508,0.7447315744112115,0.4787359930181514,0.6102447291935565,1.0,0.5310229178311876
2003-08-01,Espoo,Classic Cars,Shipped,21.0,42.43,891.03,Other,0.0,0.0,0.0,0.0,0.0,0.0,1.0,0.0,0.0,0.0,0.0,1.0,0.0,0.0,0.0,0.0,0.0,0.0,0.0,0.0,0.0,0.0,0.0,1.0,6.793499764301452,3.7711504465467307,8.539972716394377,-2.4435588806577613,-2.221681036673673,-1.6155842205467048,0.0009067817846789561,0.14031000806379357,0.027948574622694067
2003-08-08,San Rafael,Classic Cars,Shipped,33.0,100.0,4985.64,San Rafael,0.0,0.0,0.0,0.0,0.0,0.0,0.0,0.0,0.0,1.0,0.0,1.0,0.0,0.0,0.0,0.0,0.0,0.0,0.0,0.0,0.0,0.0,0.0,1.0,8.514517615252478,4.61512051684126,11.461717832632248,0.9135788876623587,0.7447315744112115,-0.16351766875873364,0.49521114094066987,1.0,0.3633314700950231
2003-08-08,San Rafael,Trains,Shipped,42.0,74.57,3131.94,San Rafael,0.0,0.0,0.0,0.0,0.0,0.0,0.0,0.0,0.0,1.0,0.0,0.0,0.0,0.0,0.0,1.0,0.0,0.0,0.0,0.0,0.0,0.0,0.0,1.0,8.049727139795301,4.325059379032629,13.369046010543581,0.0069260841190933705,-0.274784457574231,0.7843978201850537,0.27143110070058346,0.6202550548039303,0.6148686416992699
2003-08-08,San Rafael,Classic Cars,Shipped,24.0,100.0,3791.52,San Rafael,0.0,0.0,0.0,0.0,0.0,0.0,0.0,0.0,0.0,1.0,0.0,1.0,0.0,0.0,0.0,0.0,0.0,0.0,0.0,0.0,0.0,0.0,0.0,1.0,8.240785984775032,4.61512051684126,9.323544176118064,0.3796188276014646,0.7447315744112115,-1.226160139275199,0.35105608799170723,1.0,0.11179429849077627
2003-08-08,San Rafael,Trains,Shipped,42.0,49.79,2091.18,San Rafael,0.0,0.0,0.0,0.0,0.0,0.0,0.0,0.0,0.0,1.0,0.0,0.0,0.0,0.0,0.0,1.0,0.0,0.0,0.0,0.0,0.0,0.0,0.0,1.0,7.645961863548417,3.9276994848131537,13.369046010543581,-0.7806866984418682,-1.6714375414219225,0.7843978201850537,0.14578978081048666,0.25021652779022185,0.6148686416992699
2003-08-08,San Rafael,Ships,Shipped,33.0,100.0,3366.0,San Rafael,0.0,0.0,0.0,0.0,0.0,0.0,0.0,0.0,0.0,1.0,0.0,0.0,0.0,0.0,1.0,0.0,0.0,0.0,0.0,0.0,0.0,0.0,0.0,1.0,8.121777419161074,4.61512051684126,11.461717832632248,0.14747239742036833,0.7447315744112115,-0.16351766875873364,0.29968699767344564,1.0,0.3633314700950231
2003-08-08,San Rafael,Vintage Cars,Shipped,49.0,98.25,4814.25,San Rafael,0.0,0.0,0.0,0.0,0.0,0.0,0.0,0.0,0.0,1.0,0.0,0.0,0.0,0.0,0.0,0.0,0.0,1.0,0.0,0.0,0.0,0.0,0.0,1.0,8.479543243964331,4.5976419195673,14.736931873780104,0.8453554333211928,0.6832972496614561,1.464218006289084,0.4745208128958145,0.9738673356628738,0.8105086640581285
2003-08-08,San Rafael,Ships,Shipped,21.0,100.0,2334.99,San Rafael,0.0,0.0,0.0,0.0,0.0,0.0,0.0,0.0,0.0,1.0,0.0,0.0,0.0,0.0,1.0,0.0,0.0,0.0,0.0,0.0,0.0,0.0,0.0,1.0,7.756191063117037,4.61512051684126,8.539972716394377,-0.5656659135970034,0.7447315744112115,-1.6155842205467048,0.1752227050220287,1.0,0.027948574622694067
2003-08-08,San Rafael,Ships,Shipped,43.0,84.01,3612.43,San Rafael,0.0,0.0,0.0,0.0,0.0,0.0,0.0,0.0,0.0,1.0,0.0,0.0,0.0,0.0,1.0,0.0,0.0,0.0,0.0,0.0,0.0,0.0,0.0,1.0,8.192412738735205,4.442768896629268,13.569968697266269,0.28525859120600583,0.13894466592600488,0.8842535917456676,0.32943621023015085,0.7612221127139145,0.6428172163219641
2003-08-08,San Rafael,Vintage Cars,Shipped,24.0,70.22,1685.28,San Rafael,0.0,0.0,0.0,0.0,0.0,0.0,0.0,0.0,0.0,1.0,0.0,0.0,0.0,0.0,0.0,0.0,0.0,1.0,0.0,0.0,0.0,0.0,0.0,1.0,7.430280198319973,4.265773677849632,9.323544176118064,-1.201410436939099,-0.48316370920442053,-1.226160139275199,0.09678923145867618,0.5552967177373593,0.11179429849077627
2003-08-08,San Rafael,Classic Cars,Shipped,33.0,100.0,8023.29,San Rafael,0.0,0.0,0.0,0.0,0.0,0.0,0.0,0.0,0.0,1.0,0.0,1.0,0.0,0.0,0.0,0.0,0.0,0.0,0.0,0.0,0.0,0.0,0.0,1.0,8.990228470563954,4.61512051684126,11.461717832632248,1.8415337477955733,0.7447315744112115,-0.16351766875873364,0.861918504179219,1.0,0.3633314700950231
2003-08-08,San Rafael,Ships,Shipped,38.0,85.41,3245.58,San Rafael,0.0,0.0,0.0,0.0,0.0,0.0,0.0,0.0,0.0,1.0,0.0,0.0,0.0,0.0,1.0,0.0,0.0,0.0,0.0,0.0,0.0,0.0,0.0,1.0,8.085357413567005,4.4591034098533076,12.544675977743431,0.07642898771098351,0.1963577279873344,0.3746974174111126,0.28514980587018124,0.7821282441836155,0.5030743432084936
2003-08-08,San Rafael,Ships,Shipped,39.0,44.23,1724.97,San Rafael,0.0,0.0,0.0,0.0,0.0,0.0,0.0,0.0,0.0,1.0,0.0,0.0,0.0,0.0,1.0,0.0,0.0,0.0,0.0,0.0,0.0,0.0,0.0,1.0,7.453544490264044,3.8117605834897517,12.754015005493859,-1.1560294822351658,-2.0789432470224107,0.4787359930181514,0.10158063772567141,0.16718931995340913,0.5310229178311876
2003-08-08,San Rafael,Ships,Shipped,41.0,64.0,2624.0,San Rafael,0.0,0.0,0.0,0.0,0.0,0.0,0.0,0.0,0.0,1.0,0.0,0.0,0.0,0.0,1.0,0.0,0.0,0.0,0.0,0.0,0.0,0.0,0.0,1.0,7.872836175025724,4.174387269895637,13.166125611826143,-0.33812980148626204,-0.8043715370387343,0.6835492136397722,0.21011220679134812,0.4624137622076875,0.5869200670765757
2003-08-08,San Rafael,Trains,Shipped,22.0,97.81,2151.82,San Rafael,0.0,0.0,0.0,0.0,0.0,0.0,0.0,0.0,0.0,1.0,0.0,0.0,0.0,0.0,0.0,1.0,0.0,0.0,0.0,0.0,0.0,0.0,0.0,1.0,7.674533889596224,4.593198814206872,8.805943150564206,-0.7249521064331251,0.6676804828619495,-1.4834006262023,0.15311028663136322,0.9672968372009676,0.055897149245388134
2003-08-08,San Rafael,Classic Cars,Shipped,46.0,100.0,9167.099200000002,San Rafael,0.0,0.0,0.0,0.0,0.0,0.0,0.0,0.0,0.0,1.0,0.0,1.0,0.0,0.0,0.0,0.0,0.0,0.0,0.0,0.0,0.0,0.0,0.0,1.0,9.123485259140311,4.61512051684126,14.161377611660777,2.1014737580444667,0.7447315744112115,1.1781755694872693,1.0,1.0,0.7266629401900462
2003-08-08,San Rafael,Vintage Cars,Shipped,47.0,100.0,6034.33,San Rafael,0.0,0.0,0.0,0.0,0.0,0.0,0.0,0.0,0.0,1.0,0.0,0.0,0.0,0.0,0.0,0.0,0.0,1.0,0.0,0.0,0.0,0.0,0.0,1.0,8.70538581306402,4.61512051684126,14.35492029635209,1.2858997414467832,0.7447315744112115,1.2743635830212399,0.6218097763182262,1.0,0.7546115148127404
2003-08-10,New Bedford,Planes,Shipped,26.0,82.77,2152.02,New Bedford,0.0,0.0,0.0,0.0,0.0,1.0,0.0,0.0,0.0,0.0,0.0,0.0,0.0,1.0,0.0,0.0,0.0,0.0,0.0,0.0,0.0,0.0,0.0,1.0,7.674626786684896,4.428074948165718,9.823805373555334,-0.7247708948758038,0.0872979126072599,-0.9775373049564378,0.15313443077984895,0.7427052534121792,0.1676914477361645
2003-08-10,New Bedford,Planes,Shipped,32.0,100.0,5248.0,New Bedford,0.0,0.0,0.0,0.0,0.0,1.0,0.0,0.0,0.0,0.0,0.0,0.0,0.0,1.0,0.0,0.0,0.0,0.0,0.0,0.0,0.0,0.0,0.0,1.0,8.5657928612523,4.61512051684126,11.237179911736995,1.0135999681123868,0.7447315744112115,-0.2751098821684491,0.5268834349242644,1.0,0.335382895472329
2003-08-10,New Bedford,Ships,Shipped,46.0,74.84,3442.64,New Bedford,0.0,0.0,0.0,0.0,0.0,1.0,0.0,0.0,0.0,0.0,0.0,0.0,0.0,0.0,1.0,0.0,0.0,0.0,0.0,0.0,0.0,0.0,0.0,1.0,8.144284330467295,4.328625857946767,14.161377611660777,0.1913759524895932,-0.2622488850457232,1.1781755694872693,0.3089390353731814,0.6242869515873728,0.7266629401900462
2003-08-10,New Bedford,Ships,Shipped,26.0,100.0,2612.48,New Bedford,0.0,0.0,0.0,0.0,0.0,1.0,0.0,0.0,0.0,0.0,0.0,0.0,0.0,0.0,1.0,0.0,0.0,0.0,0.0,0.0,0.0,0.0,0.0,1.0,7.868437945550518,4.61512051684126,9.823805373555334,-0.34670929546233775,0.7447315744112115,-0.9775373049564378,0.20872150383856947,1.0,0.1676914477361645
2003-08-10,New Bedford,Classic Cars,Shipped,31.0,85.29,2643.99,New Bedford,0.0,0.0,0.0,0.0,0.0,1.0,0.0,0.0,0.0,0.0,0.0,1.0,0.0,0.0,0.0,0.0,0.0,0.0,0.0,0.0,0.0,0.0,0.0,1.0,7.880422563566916,4.4577137165202165,11.009728365329204,-0.32333126149278507,0.1914731900470456,-0.388150126800217,0.21252541443249784,0.7803362900576412,0.30743432084963496
2003-08-10,New Bedford,Vintage Cars,Shipped,34.0,100.0,3455.76,New Bedford,0.0,0.0,0.0,0.0,0.0,1.0,0.0,0.0,0.0,0.0,0.0,0.0,0.0,0.0,0.0,0.0,0.0,1.0,0.0,0.0,0.0,0.0,0.0,1.0,8.148087013155264,4.61512051684126,11.683463549954297,0.19879373125676997,0.7447315744112115,-0.05331314156158311,0.310522891513846,1.0,0.39128004471771716
2003-08-10,New Bedford,Planes,Shipped,28.0,96.0,2688.0,New Bedford,0.0,0.0,0.0,0.0,0.0,1.0,0.0,0.0,0.0,0.0,0.0,0.0,0.0,1.0,0.0,0.0,0.0,0.0,0.0,0.0,0.0,0.0,0.0,1.0,7.896924656268864,4.574710978503383,10.308532382015233,-0.29114112550121646,0.6026988550616221,-0.7366347457903012,0.21783833430678512,0.9402681958008541,0.22358859698155265
2003-08-10,New Bedford,Classic Cars,Shipped,49.0,100.0,5597.76,New Bedford,0.0,0.0,0.0,0.0,0.0,1.0,0.0,0.0,0.0,0.0,0.0,1.0,0.0,0.0,0.0,0.0,0.0,0.0,0.0,0.0,0.0,0.0,0.0,1.0,8.630300423632887,4.61512051684126,14.736931873780104,1.13943293021122,0.7447315744112115,1.464218006289084,0.5691067217961275,1.0,0.8105086640581285
2003-08-10,New Bedford,Planes,Shipped,34.0,85.87,2919.58,New Bedford,0.0,0.0,0.0,0.0,0.0,1.0,0.0,0.0,0.0,0.0,0.0,0.0,0.0,1.0,0.0,0.0,0.0,0.0,0.0,0.0,0.0,0.0,0.0,1.0,7.97953750567496,4.464412748271829,11.683463549954297,-0.12999072445424975,0.21501915804932992,-0.05331314156158311,0.2457948438384241,0.7889974016665173,0.39128004471771716
2003-08-10,New Bedford,Planes,Shipped,36.0,100.0,3945.96,New Bedford,0.0,0.0,0.0,0.0,0.0,1.0,0.0,0.0,0.0,0.0,0.0,0.0,0.0,1.0,0.0,0.0,0.0,0.0,0.0,0.0,0.0,0.0,0.0,1.0,8.280700941332295,4.61512051684126,12.119023021201402,0.45747973305645295,0.7447315744112115,0.16315383770961095,0.3697001994523961,1.0,0.4471771939631053
2003-08-10,New Bedford,Planes,Shipped,28.0,66.19,1853.32,New Bedford,0.0,0.0,0.0,0.0,0.0,1.0,0.0,0.0,0.0,0.0,0.0,0.0,0.0,1.0,0.0,0.0,0.0,0.0,0.0,0.0,0.0,0.0,0.0,1.0,7.525273331016422,4.207524426932059,10.308532382015233,-1.0161101895709101,-0.6879000127653221,-0.7366347457903012,0.1170751450163954,0.4951169250067198,0.22358859698155265
2003-08-10,New Bedford,Vintage Cars,Shipped,33.0,77.59,2560.47,New Bedford,0.0,0.0,0.0,0.0,0.0,1.0,0.0,0.0,0.0,0.0,0.0,0.0,0.0,0.0,0.0,0.0,0.0,1.0,0.0,0.0,0.0,0.0,0.0,1.0,7.848336591423107,4.364244464878084,11.461717832632248,-0.38592040248148884,-0.13705548244856527,-0.16351766875873364,0.2024428180248526,0.6653525669742855,0.3633314700950231
2003-08-10,New Bedford,Vintage Cars,Shipped,23.0,80.51,1851.73,New Bedford,0.0,0.0,0.0,0.0,0.0,1.0,0.0,0.0,0.0,0.0,0.0,0.0,0.0,0.0,0.0,0.0,0.0,1.0,0.0,0.0,0.0,0.0,0.0,1.0,7.5244155060086655,4.400725712106366,9.067037908070397,-1.0177835230174843,-0.008830044538999864,-1.353640175122944,0.11688319903593378,0.708956784039662,0.0838457238680822
2003-08-10,New Bedford,Planes,Shipped,37.0,50.65,1874.05,New Bedford,0.0,0.0,0.0,0.0,0.0,1.0,0.0,0.0,0.0,0.0,0.0,0.0,0.0,1.0,0.0,0.0,0.0,0.0,0.0,0.0,0.0,0.0,0.0,1.0,7.536390604715629,3.9444901955656477,12.33304085962557,-0.9944240580785869,-1.6124210219049508,0.26951771693185156,0.11957768600694241,0.26305886569303827,0.47512576858579947
2003-08-10,New Bedford,Planes,Shipped,27.0,60.97,1646.19,New Bedford,0.0,0.0,0.0,0.0,0.0,1.0,0.0,0.0,0.0,0.0,0.0,0.0,0.0,1.0,0.0,0.0,0.0,0.0,0.0,0.0,0.0,0.0,0.0,1.0,7.406826084786944,4.126650396974016,10.068010317854855,-1.2471616709083964,-0.9721586029936138,-0.8561708553548468,0.09207025763713819,0.41716692052683446,0.19564002235885858
2003-08-10,New Bedford,Vintage Cars,Shipped,34.0,36.66,1246.44,New Bedford,0.0,0.0,0.0,0.0,0.0,1.0,0.0,0.0,0.0,0.0,0.0,0.0,0.0,0.0,0.0,0.0,0.0,1.0,0.0,0.0,0.0,0.0,0.0,1.0,7.12884873027663,3.628598523229006,11.683463549954297,-1.7894037371650602,-2.7227270310138882,-0.05331314156158311,0.04381214085126425,0.05414688050652572,0.39128004471771716
2003-08-13,Charleroi,Vintage Cars,Shipped,20.0,81.86,1637.2,Other,0.0,0.0,0.0,0.0,0.0,0.0,1.0,0.0,0.0,0.0,0.0,0.0,0.0,0.0,0.0,0.0,0.0,1.0,0.0,0.0,0.0,0.0,0.0,1.0,7.4013533570815015,4.417152436649256,8.268807419728406,-1.2578371562704576,0.04890712477298822,-1.7503495890608907,0.09098497816270415,0.7291162679568737,0.0
2003-08-25,Pasadena,Motorcycles,Shipped,33.0,100.0,5176.38,Other,0.0,0.0,0.0,0.0,0.0,0.0,1.0,0.0,0.0,0.0,0.0,0.0,1.0,0.0,0.0,0.0,0.0,0.0,0.0,0.0,0.0,0.0,0.0,1.0,8.552054415792066,4.61512051684126,11.461717832632248,0.9868007956883058,0.7447315744112115,-0.16351766875873364,0.5182374153515207,1.0,0.3633314700950231
2003-08-25,Pasadena,Motorcycles,Shipped,27.0,100.0,3251.34,Other,0.0,0.0,0.0,0.0,0.0,0.0,1.0,0.0,0.0,0.0,0.0,0.0,1.0,0.0,0.0,0.0,0.0,0.0,0.0,0.0,0.0,0.0,0.0,1.0,8.087130016248132,4.61512051684126,10.068010317854855,0.07988675045629666,0.7447315744112115,-0.8561708553548468,0.28584515734657057,1.0,0.19564002235885858
2003-08-25,Pasadena,Motorcycles,Shipped,38.0,81.36,3091.68,Other,0.0,0.0,0.0,0.0,0.0,0.0,1.0,0.0,0.0,0.0,0.0,0.0,1.0,0.0,0.0,0.0,0.0,0.0,0.0,0.0,0.0,0.0,0.0,1.0,8.036793307908267,4.411099882159589,12.544675977743431,-0.018303552803656538,0.027633415432607278,0.3746974174111126,0.2665708836104038,0.7216497924319805,0.5030743432084936
2003-08-25,Pasadena,Planes,Shipped,33.0,84.77,2797.41,Other,0.0,0.0,0.0,0.0,0.0,0.0,1.0,0.0,0.0,0.0,0.0,0.0,0.0,1.0,0.0,0.0,0.0,0.0,0.0,0.0,0.0,0.0,0.0,1.0,7.936806677728508,4.45166929500233,11.461717832632248,-0.21334446555074843,0.17022806673228855,-0.16351766875873364,0.23104639073590943,0.7725711555117523,0.3633314700950231
2003-08-25,Pasadena,Motorcycles,Shipped,43.0,95.8,4119.4,Other,0.0,0.0,0.0,0.0,0.0,0.0,1.0,0.0,0.0,0.0,0.0,0.0,1.0,0.0,0.0,0.0,0.0,0.0,0.0,0.0,0.0,0.0,0.0,1.0,8.323705525009538,4.572646994282532,13.569968697266269,0.5413674812247691,0.5954442982505299,0.8842535917456676,0.3906380050192303,0.9372816055908968,0.6428172163219641
2003-08-25,Pasadena,Motorcycles,Shipped,37.0,100.0,5192.95,Other,0.0,0.0,0.0,0.0,0.0,0.0,1.0,0.0,0.0,0.0,0.0,0.0,1.0,0.0,0.0,0.0,0.0,0.0,0.0,0.0,0.0,0.0,0.0,1.0,8.555249765684252,4.61512051684126,12.33304085962557,0.9930338686341372,0.7447315744112115,0.26951771693185156,0.5202377580535642,1.0,0.47512576858579947
2003-08-25,Pasadena,Motorcycles,Shipped,33.0,93.9,3098.7,Other,0.0,0.0,0.0,0.0,0.0,0.0,1.0,0.0,0.0,0.0,0.0,0.0,1.0,0.0,0.0,0.0,0.0,0.0,0.0,0.0,0.0,0.0,0.0,1.0,8.039060611596765,4.552823705615882,11.461717832632248,-0.013880791679649325,0.525768778272193,-0.16351766875873364,0.26741834322225333,0.9089089985963026,0.3633314700950231
2003-08-25,Pasadena,Motorcycles,Shipped,45.0,83.26,3746.7,Other,0.0,0.0,0.0,0.0,0.0,0.0,1.0,0.0,0.0,0.0,0.0,0.0,1.0,0.0,0.0,0.0,0.0,0.0,0.0,0.0,0.0,0.0,0.0,1.0,8.228897597465291,4.433907256550871,13.966075138951927,0.3564285079775901,0.10779749399575118,1.0811129658652374,0.34564538431605274,0.7500223994265747,0.6987143655673522
2003-08-25,Pasadena,Planes,Shipped,40.0,87.54,3501.6,Other,0.0,0.0,0.0,0.0,0.0,0.0,1.0,0.0,0.0,0.0,0.0,0.0,0.0,1.0,0.0,0.0,0.0,0.0,0.0,0.0,0.0,0.0,0.0,1.0,8.161260828838564,4.483454427303995,12.961139346341028,0.224491497354232,0.2819474518424213,0.5816739001387327,0.3160567303467777,0.8139354299196608,0.5589714924538818
2003-08-25,Pasadena,Planes,Shipped,20.0,100.0,2752.6,Other,0.0,0.0,0.0,0.0,0.0,0.0,1.0,0.0,0.0,0.0,0.0,0.0,0.0,1.0,0.0,0.0,0.0,0.0,0.0,0.0,0.0,0.0,0.0,1.0,7.920664425457275,4.61512051684126,8.268807419728406,-0.24483267163504926,0.7447315744112115,-1.7503495890608907,0.2256368942676793,1.0,0.0
2003-08-25,Pasadena,Motorcycles,Shipped,31.0,35.8,1109.8,Other,0.0,0.0,0.0,0.0,0.0,0.0,1.0,0.0,0.0,0.0,0.0,0.0,1.0,0.0,0.0,0.0,0.0,0.0,0.0,0.0,0.0,0.0,0.0,1.0,7.012835755432644,3.6054978451748854,11.009728365329204,-2.015706758512977,-2.803922022538222,-0.388150126800217,0.027316858605806266,0.041304542603709304,0.30743432084963496
2003-08-25,Pasadena,Motorcycles,Shipped,30.0,49.67,1490.1,Other,0.0,0.0,0.0,0.0,0.0,0.0,1.0,0.0,0.0,0.0,0.0,0.0,1.0,0.0,0.0,0.0,0.0,0.0,0.0,0.0,0.0,0.0,0.0,1.0,7.3072693815968615,3.9253340194878183,10.779232502977782,-1.441363938005261,-1.6797517535239106,-0.5027033539745942,0.07322695695144196,0.24842457366424753,0.2794857462269409
2003-08-25,Pasadena,Motorcycles,Shipped,49.0,100.0,8339.8,Other,0.0,0.0,0.0,0.0,0.0,0.0,1.0,0.0,0.0,0.0,0.0,0.0,1.0,0.0,0.0,0.0,0.0,0.0,0.0,0.0,0.0,0.0,0.0,1.0,9.028914414013842,4.61512051684126,14.736931873780104,1.916997254340231,0.7447315744112115,1.464218006289084,0.9001278263653276,1.0,0.8105086640581285
2003-08-25,Pasadena,Motorcycles,Shipped,47.0,83.03,3902.41,Other,0.0,0.0,0.0,0.0,0.0,0.0,1.0,0.0,0.0,0.0,0.0,0.0,1.0,0.0,0.0,0.0,0.0,0.0,0.0,0.0,0.0,0.0,0.0,1.0,8.26960580906296,4.431173877940127,14.35492029635209,0.43583679218555366,0.09819012867893341,1.2743635830212399,0.36444281111962606,0.7465878206851237,0.7546115148127404
2003-08-25,Pasadena,Planes,Shipped,30.0,85.32,2559.6,Other,0.0,0.0,0.0,0.0,0.0,0.0,1.0,0.0,0.0,0.0,0.0,0.0,0.0,1.0,0.0,0.0,0.0,0.0,0.0,0.0,0.0,0.0,0.0,1.0,7.847996885012079,4.458061320949879,10.779232502977782,-0.38658305756201083,0.19269496105541764,-0.5027033539745942,0.2023377909789396,0.7807842785891346,0.2794857462269409
2003-08-25,Pasadena,Motorcycles,Shipped,27.0,60.95,1645.65,Other,0.0,0.0,0.0,0.0,0.0,0.0,1.0,0.0,0.0,0.0,0.0,0.0,1.0,0.0,0.0,0.0,0.0,0.0,0.0,0.0,0.0,0.0,0.0,1.0,7.406498200005147,4.126327608075152,10.068010317854855,-1.2478012658922728,-0.9732931515919719,-0.8561708553548468,0.09200506843622672,0.4168682615058388,0.19564002235885858
2003-09-03,Glendale,Motorcycles,Shipped,47.0,67.14,3155.58,Other,0.0,0.0,0.0,0.0,0.0,0.0,1.0,0.0,0.0,0.0,0.0,0.0,1.0,0.0,0.0,0.0,0.0,0.0,0.0,0.0,0.0,0.0,0.0,1.0,8.05724444201368,4.22156441223282,14.35492029635209,0.021589859500184768,-0.6385518297887738,1.2743635830212399,0.27428493905159795,0.5093032285040169,0.7546115148127404
2003-09-03,Glendale,Classic Cars,Shipped,29.0,100.0,4444.54,Other,0.0,0.0,0.0,0.0,0.0,0.0,1.0,0.0,0.0,0.0,0.0,1.0,0.0,0.0,0.0,0.0,0.0,0.0,0.0,0.0,0.0,0.0,0.0,1.0,8.39965662538372,4.61512051684126,10.54555133395328,0.6895230087637415,0.7447315744112115,-0.6188396341166861,0.4298891472124987,1.0,0.2515371716042467
2003-09-05,Brickhaven,Classic Cars,Shipped,48.0,100.0,9167.099200000002,Other,0.0,0.0,0.0,0.0,0.0,0.0,1.0,0.0,0.0,0.0,0.0,1.0,0.0,0.0,0.0,0.0,0.0,0.0,0.0,0.0,0.0,0.0,0.0,1.0,9.123485259140311,4.61512051684126,14.546755227281093,2.1014737580444667,0.7447315744112115,1.3697028667658944,1.0,1.0,0.7825600894354343
2003-09-05,Brickhaven,Classic Cars,Shipped,26.0,82.39,2142.14,Other,0.0,0.0,0.0,0.0,0.0,0.0,1.0,0.0,0.0,0.0,0.0,1.0,0.0,0.0,0.0,0.0,0.0,0.0,0.0,0.0,0.0,0.0,0.0,1.0,7.6700273223178,4.423528398098894,9.823805373555334,-0.7337429317040604,0.07131755509239254,-0.9775373049564378,0.15194170984465333,0.7370307320132605,0.1676914477361645
2003-09-05,Brickhaven,Classic Cars,Shipped,31.0,100.0,3494.94,Other,0.0,0.0,0.0,0.0,0.0,0.0,1.0,0.0,0.0,0.0,0.0,1.0,0.0,0.0,0.0,0.0,0.0,0.0,0.0,0.0,0.0,0.0,0.0,1.0,8.159357574156754,4.61512051684126,11.009728365329204,0.2207788756800834,0.7447315744112115,-0.388150126800217,0.31525273020220257,1.0,0.30743432084963496
2003-09-05,Brickhaven,Classic Cars,Shipped,31.0,64.67,2004.77,Other,0.0,0.0,0.0,0.0,0.0,0.0,1.0,0.0,0.0,0.0,0.0,1.0,0.0,0.0,0.0,0.0,0.0,0.0,0.0,0.0,0.0,0.0,0.0,1.0,7.603783305916472,4.184642200202881,11.009728365329204,-0.8629631424434351,-0.7683271846855874,-0.388150126800217,0.13535830145722244,0.47241883941104446,0.30743432084963496
2003-09-05,Brickhaven,Classic Cars,Shipped,37.0,100.0,4405.22,Other,0.0,0.0,0.0,0.0,0.0,0.0,1.0,0.0,0.0,0.0,0.0,1.0,0.0,0.0,0.0,0.0,0.0,0.0,0.0,0.0,0.0,0.0,0.0,1.0,8.390772458026763,4.61512051684126,12.33304085962557,0.6721929306604637,0.7447315744112115,0.26951771693185156,0.42514240762020217,1.0,0.47512576858579947
2003-09-05,Brickhaven,Classic Cars,Shipped,35.050383351588174,42.67,1066.75,Other,0.0,0.0,0.0,0.0,0.0,0.0,1.0,0.0,0.0,0.0,0.0,1.0,0.0,0.0,0.0,0.0,0.0,0.0,0.0,0.0,0.0,0.0,0.0,1.0,6.973308909721576,3.7766613674974696,11.913498472712774,-2.092810587811356,-2.2023110779721056,0.06101100506720186,0.022119830644250632,0.14389391631574233,0.42063676220201485
2003-09-05,Brickhaven,Classic Cars,Shipped,21.0,63.84,1340.64,Other,0.0,0.0,0.0,0.0,0.0,0.0,1.0,0.0,0.0,0.0,0.0,1.0,0.0,0.0,0.0,0.0,0.0,0.0,0.0,0.0,0.0,0.0,0.0,1.0,7.2016480252106305,4.171922696867475,8.539972716394377,-1.6473963417188384,-0.813034096019205,-1.6155842205467048,0.055184034788048064,0.4600244900397217,0.027948574622694067
2003-09-05,Brickhaven,Classic Cars,Shipped,30.0,68.58,2057.4,Other,0.0,0.0,0.0,0.0,0.0,0.0,1.0,0.0,0.0,0.0,0.0,1.0,0.0,0.0,0.0,0.0,0.0,0.0,0.0,0.0,0.0,0.0,0.0,1.0,7.629684260967535,4.242477169723796,10.779232502977782,-0.8124389283050193,-0.5650470104387924,-0.5027033539745942,0.1417118341312451,0.5308066780157095,0.2794857462269409
2003-09-05,Brickhaven,Classic Cars,Shipped,36.0,86.04,3097.44,Other,0.0,0.0,0.0,0.0,0.0,0.0,1.0,0.0,0.0,0.0,0.0,1.0,0.0,0.0,0.0,0.0,0.0,0.0,0.0,0.0,0.0,0.0,0.0,1.0,8.038654038006186,4.466367783107633,12.119023021201402,-0.014673882556528564,0.2218907761269898,0.16315383770961095,0.2672662350867932,0.7915360033449812,0.4471771939631053
2003-09-05,Brickhaven,Classic Cars,Shipped,23.0,100.0,2906.97,Other,0.0,0.0,0.0,0.0,0.0,0.0,1.0,0.0,0.0,0.0,0.0,1.0,0.0,0.0,0.0,0.0,0.0,0.0,0.0,0.0,0.0,0.0,0.0,1.0,7.975210522231557,4.61512051684126,9.067037908070397,-0.1384312409385598,0.7447315744112115,-1.353640175122944,0.24427255527639813,1.0,0.0838457238680822
2003-09-05,Brickhaven,Classic Cars,Shipped,33.0,97.89,3230.37,Other,0.0,0.0,0.0,0.0,0.0,0.0,1.0,0.0,0.0,0.0,0.0,1.0,0.0,0.0,0.0,0.0,0.0,0.0,0.0,0.0,0.0,0.0,0.0,1.0,8.08066147489792,4.5940081212819,11.461717832632248,0.06726876136295923,0.6705250608844441,-0.16351766875873364,0.28331364337784065,0.9684914732849506,0.3633314700950231
2003-09-11,North Sydney,Classic Cars,Shipped,25.0,60.26,1506.5,Other,0.0,0.0,0.0,0.0,0.0,0.0,1.0,0.0,0.0,0.0,0.0,1.0,0.0,0.0,0.0,0.0,0.0,0.0,0.0,0.0,0.0,0.0,0.0,1.0,7.318207928601341,4.115127101404629,9.57572149487329,-1.420026443301769,-1.0126610455581462,-1.1008315308182302,0.0752067771272727,0.4065645252814861,0.13974287311347044
2003-09-11,North Sydney,Vintage Cars,Shipped,34.0,100.0,3598.22,Other,0.0,0.0,0.0,0.0,0.0,0.0,1.0,0.0,0.0,0.0,0.0,0.0,0.0,0.0,0.0,0.0,0.0,1.0,0.0,0.0,0.0,0.0,0.0,1.0,8.188472434301922,4.61512051684126,11.683463549954297,0.27757235783873013,0.7447315744112115,-0.05331314156158311,0.32772076848023896,1.0,0.39128004471771716
2003-09-11,North Sydney,Classic Cars,Shipped,27.0,100.0,3528.36,Other,0.0,0.0,0.0,0.0,0.0,0.0,1.0,0.0,0.0,0.0,0.0,1.0,0.0,0.0,0.0,0.0,0.0,0.0,0.0,0.0,0.0,0.0,0.0,1.0,8.1688718303738,4.61512051684126,10.068010317854855,0.23933804917503962,0.7447315744112115,-0.8561708553548468,0.3192872174141698,1.0,0.19564002235885858
2003-09-11,North Sydney,Classic Cars,Shipped,32.0,100.0,5418.88,Other,0.0,0.0,0.0,0.0,0.0,0.0,1.0,0.0,0.0,0.0,0.0,1.0,0.0,0.0,0.0,0.0,0.0,0.0,0.0,0.0,0.0,0.0,0.0,1.0,8.597828953967191,4.61512051684126,11.237179911736995,1.076091810799048,0.7447315744112115,-0.2751098821684491,0.5475121953904811,1.0,0.335382895472329
2003-09-11,North Sydney,Classic Cars,Shipped,23.0,100.0,2702.04,Other,0.0,0.0,0.0,0.0,0.0,0.0,1.0,0.0,0.0,0.0,0.0,1.0,0.0,0.0,0.0,0.0,0.0,0.0,0.0,0.0,0.0,0.0,0.0,1.0,7.902132344539131,4.61512051684126,9.067037908070397,-0.28098264459522826,0.7447315744112115,-1.353640175122944,0.21953325353048408,1.0,0.0838457238680822
2003-09-11,North Sydney,Classic Cars,Shipped,34.0,100.0,4392.12,Other,0.0,0.0,0.0,0.0,0.0,0.0,1.0,0.0,0.0,0.0,0.0,1.0,0.0,0.0,0.0,0.0,0.0,0.0,0.0,0.0,0.0,0.0,0.0,1.0,8.38779495978754,4.61512051684126,11.683463549954297,0.6663848143829476,0.7447315744112115,-0.05331314156158311,0.4235609658943862,1.0,0.39128004471771716
2003-09-11,North Sydney,Classic Cars,Shipped,47.0,100.0,5848.68,Other,0.0,0.0,0.0,0.0,0.0,0.0,1.0,0.0,0.0,0.0,0.0,1.0,0.0,0.0,0.0,0.0,0.0,0.0,0.0,0.0,0.0,0.0,0.0,1.0,8.674142237875055,4.61512051684126,14.35492029635209,1.2249538388657832,0.7447315744112115,1.2743635830212399,0.5993979704863376,1.0,0.7546115148127404
2003-09-11,North Sydney,Classic Cars,Shipped,21.0,73.6,1545.6,Other,0.0,0.0,0.0,0.0,0.0,0.0,1.0,0.0,0.0,0.0,0.0,1.0,0.0,0.0,0.0,0.0,0.0,0.0,0.0,0.0,0.0,0.0,0.0,1.0,7.343814252174935,4.312140507209715,8.539972716394377,-1.370076957926451,-0.32019211555327,-1.6155842205467048,0.07992695815623496,0.6057700922856375,0.027948574622694067
2003-09-11,North Sydney,Classic Cars,Shipped,31.0,73.62,2282.22,Other,0.0,0.0,0.0,0.0,0.0,0.0,1.0,0.0,0.0,0.0,0.0,1.0,0.0,0.0,0.0,0.0,0.0,0.0,0.0,0.0,0.0,0.0,0.0,1.0,7.7333420063198055,4.312408567793012,11.009728365329204,-0.6102368815867253,-0.31924992776389877,-0.388150126800217,0.16885227144406606,0.6060687513066332,0.30743432084963496
2003-09-11,North Sydney,Classic Cars,Shipped,47.0,56.85,2671.95,Other,0.0,0.0,0.0,0.0,0.0,0.0,1.0,0.0,0.0,0.0,0.0,1.0,0.0,0.0,0.0,0.0,0.0,0.0,0.0,0.0,0.0,0.0,0.0,1.0,7.890938010389706,4.0578534536396855,14.35492029635209,-0.3028190955904715,-1.2139682684001492,1.2743635830212399,0.2159007663908044,0.3556431622017143,0.7546115148127404
2003-09-11,North Sydney,Classic Cars,Shipped,29.0,81.25,2356.25,Other,0.0,0.0,0.0,0.0,0.0,0.0,1.0,0.0,0.0,0.0,0.0,1.0,0.0,0.0,0.0,0.0,0.0,0.0,0.0,0.0,0.0,0.0,0.0,1.0,7.765250964345786,4.409763389645481,10.54555133395328,-0.5479930367145955,0.02293586940815313,-0.6188396341166861,0.17778922800606295,0.7200071678165039,0.2515371716042467
2003-09-11,North Sydney,Classic Cars,Shipped,25.0,100.0,4232.0,Other,0.0,0.0,0.0,0.0,0.0,0.0,1.0,0.0,0.0,0.0,0.0,1.0,0.0,0.0,0.0,0.0,0.0,0.0,0.0,0.0,0.0,0.0,0.0,1.0,8.350666240520924,4.61512051684126,9.57572149487329,0.5939589382245859,0.7447315744112115,-1.1008315308182302,0.4042311606167023,1.0,0.13974287311347044
2003-09-11,North Sydney,Classic Cars,Shipped,28.0,100.0,3639.44,Other,0.0,0.0,0.0,0.0,0.0,0.0,1.0,0.0,0.0,0.0,0.0,1.0,0.0,0.0,0.0,0.0,0.0,0.0,0.0,0.0,0.0,0.0,0.0,1.0,8.199859832446373,4.61512051684126,10.308532382015233,0.2997854129633542,0.7447315744112115,-0.7366347457903012,0.33269687748315013,1.0,0.22358859698155265
2003-09-11,North Sydney,Classic Cars,Shipped,27.0,100.0,3469.5,Other,0.0,0.0,0.0,0.0,0.0,0.0,1.0,0.0,0.0,0.0,0.0,1.0,0.0,0.0,0.0,0.0,0.0,0.0,0.0,0.0,0.0,0.0,0.0,1.0,8.152053954779639,4.61512051684126,10.068010317854855,0.2065319249916876,0.7447315744112115,-0.8561708553548468,0.31218159451481636,1.0,0.19564002235885858
2003-09-12,Brisbane,Vintage Cars,Shipped,50.0,100.0,5907.5,Other,0.0,0.0,0.0,0.0,0.0,0.0,1.0,0.0,0.0,0.0,0.0,0.0,0.0,0.0,0.0,0.0,0.0,1.0,0.0,0.0,0.0,0.0,0.0,1.0,8.68414727107907,4.61512051684126,14.925497315272617,1.2444703562708384,0.7447315744112115,1.5579323994073224,0.6064987645559938,1.0,0.8384572386808227
2003-09-12,Brisbane,Vintage Cars,Shipped,20.0,90.57,1811.4,Other,0.0,0.0,0.0,0.0,0.0,0.0,1.0,0.0,0.0,0.0,0.0,0.0,0.0,0.0,0.0,0.0,0.0,1.0,0.0,0.0,0.0,0.0,0.0,1.0,7.502407212792983,4.517103707119641,8.268807419728406,-1.0607144387716716,0.4002190014060467,-1.7503495890608907,0.11201453149378421,0.8591822716005135,0.0
2003-09-12,Brisbane,Vintage Cars,Shipped,26.0,38.98,1013.48,Other,0.0,0.0,0.0,0.0,0.0,0.0,1.0,0.0,0.0,0.0,0.0,0.0,0.0,0.0,0.0,0.0,0.0,1.0,0.0,0.0,0.0,0.0,0.0,1.0,6.922131444926644,3.6883793290722537,9.823805373555334,-2.1926409294054285,-2.512607569914586,-0.9775373049564378,0.015689036695073627,0.08879132694203029,0.1676914477361645
2003-09-12,Brisbane,Vintage Cars,Shipped,23.0,100.0,4230.62,Other,0.0,0.0,0.0,0.0,0.0,0.0,1.0,0.0,0.0,0.0,0.0,0.0,0.0,0.0,0.0,0.0,0.0,1.0,0.0,0.0,0.0,0.0,0.0,1.0,8.350340177446096,4.61512051684126,9.067037908070397,0.5933228967897131,0.7447315744112115,-1.353640175122944,0.4040645659921507,1.0,0.0838457238680822
2003-09-12,Brisbane,Vintage Cars,Shipped,36.0,33.19,1194.84,Other,0.0,0.0,0.0,0.0,0.0,0.0,1.0,0.0,0.0,0.0,0.0,0.0,0.0,0.0,0.0,0.0,0.0,1.0,0.0,0.0,0.0,0.0,0.0,1.0,7.086604146297119,3.5319332036512097,12.119023021201402,-1.8718089767773156,-3.0624893438528447,0.16315383770961095,0.03758295054194316,0.0023295403637667023,0.4471771939631053
2003-09-12,Brisbane,Vintage Cars,Shipped,30.0,58.22,1746.6,Other,0.0,0.0,0.0,0.0,0.0,0.0,1.0,0.0,0.0,0.0,0.0,0.0,0.0,0.0,0.0,0.0,0.0,1.0,0.0,0.0,0.0,0.0,0.0,1.0,7.465998697077281,4.0812593226734455,10.779232502977782,-1.1317354355208435,-1.1317005819987622,-0.5027033539745942,0.10419182738440425,0.3761013051399218,0.2794857462269409
2003-09-12,Brisbane,Vintage Cars,Shipped,24.0,62.36,1496.64,Other,0.0,0.0,0.0,0.0,0.0,0.0,1.0,0.0,0.0,0.0,0.0,0.0,0.0,0.0,0.0,0.0,0.0,1.0,0.0,0.0,0.0,0.0,0.0,1.0,7.311645814768347,4.14883274750617,9.323544176118064,-1.4328269614234053,-0.8941913779957835,-1.226160139275199,0.0740164706069257,0.4379237224860377,0.11179429849077627
2003-09-12,Brisbane,Vintage Cars,Shipped,34.0,100.0,5375.4,Other,0.0,0.0,0.0,0.0,0.0,0.0,1.0,0.0,0.0,0.0,0.0,0.0,0.0,0.0,0.0,0.0,0.0,1.0,0.0,0.0,0.0,0.0,0.0,1.0,8.589774284196993,4.61512051684126,11.683463549954297,1.0603798086940521,0.7447315744112115,-0.05331314156158311,0.5422632575096811,1.0,0.39128004471771716
2003-09-12,Brisbane,Vintage Cars,Shipped,33.0,100.0,4950.33,Other,0.0,0.0,0.0,0.0,0.0,0.0,1.0,0.0,0.0,0.0,0.0,0.0,0.0,0.0,0.0,0.0,0.0,1.0,0.0,0.0,0.0,0.0,0.0,1.0,8.50741150634157,4.61512051684126,11.461717832632248,0.8997172147009656,0.7447315744112115,-0.16351766875873364,0.49094849152551234,1.0,0.3633314700950231
2003-09-12,Brisbane,Vintage Cars,Shipped,35.050383351588174,49.28,2414.72,Other,0.0,0.0,0.0,0.0,0.0,0.0,1.0,0.0,0.0,0.0,0.0,0.0,0.0,0.0,0.0,0.0,0.0,1.0,0.0,0.0,0.0,0.0,0.0,1.0,7.789752658298737,3.917607383722047,11.913498472712774,-0.5001983191224344,-1.7069095765126399,0.06101100506720186,0.18484776981586915,0.2426007227548308,0.42063676220201485
2003-09-12,Brisbane,Vintage Cars,Shipped,42.0,94.25,3958.5,Other,0.0,0.0,0.0,0.0,0.0,0.0,1.0,0.0,0.0,0.0,0.0,0.0,0.0,0.0,0.0,0.0,0.0,1.0,0.0,0.0,0.0,0.0,0.0,1.0,8.283873033650467,4.55650501400681,13.369046010543581,0.4636674381520442,0.5387079570659754,0.7843978201850537,0.371214037562452,0.9141355314637278,0.6148686416992699
2003-09-19,Singapore,Vintage Cars,Shipped,26.0,100.0,2804.36,Singapore,0.0,0.0,0.0,0.0,0.0,0.0,0.0,0.0,0.0,0.0,1.0,0.0,0.0,0.0,0.0,0.0,0.0,1.0,0.0,0.0,0.0,0.0,0.0,1.0,7.9392871519676245,4.61512051684126,9.823805373555334,-0.2085058790440006,0.7447315744112115,-0.9775373049564378,0.231885399895789,1.0,0.1676914477361645
2003-09-19,Singapore,Classic Cars,Shipped,47.0,91.18,4285.46,Singapore,0.0,0.0,0.0,0.0,0.0,0.0,0.0,0.0,0.0,0.0,1.0,1.0,0.0,0.0,0.0,0.0,0.0,0.0,0.0,0.0,0.0,0.0,0.0,1.0,8.363216496452734,4.523743187292363,14.35492029635209,0.6184403450661713,0.42355565564135256,1.2743635830212399,0.41068489150694076,0.8682913717408836,0.7546115148127404
2003-09-19,Singapore,Classic Cars,Shipped,45.0,100.0,9167.099200000002,Singapore,0.0,0.0,0.0,0.0,0.0,0.0,0.0,0.0,0.0,0.0,1.0,1.0,0.0,0.0,0.0,0.0,0.0,0.0,0.0,0.0,0.0,0.0,0.0,1.0,9.123485259140311,4.61512051684126,13.966075138951927,2.1014737580444667,0.7447315744112115,1.0811129658652374,1.0,1.0,0.6987143655673522
2003-09-19,Singapore,Classic Cars,Shipped,20.0,100.0,2104.0,Singapore,0.0,0.0,0.0,0.0,0.0,0.0,0.0,0.0,0.0,0.0,1.0,1.0,0.0,0.0,0.0,0.0,0.0,0.0,0.0,0.0,0.0,0.0,0.0,1.0,7.652070746116482,4.61512051684126,8.268807419728406,-0.768770284919399,0.7447315744112115,-1.7503495890608907,0.14733742072842265,1.0,0.0
2003-09-19,Singapore,Vintage Cars,Shipped,30.0,49.97,1499.1,Singapore,0.0,0.0,0.0,0.0,0.0,0.0,0.0,0.0,0.0,0.0,1.0,0.0,0.0,0.0,0.0,0.0,0.0,1.0,0.0,0.0,0.0,0.0,0.0,1.0,7.313287051534845,3.93123722435195,10.779232502977782,-1.4296254502173948,-1.6590029829559363,-0.5027033539745942,0.07431344363330028,0.25290445897918346,0.2794857462269409
2003-09-19,Singapore,Vintage Cars,Shipped,30.0,42.76,1282.8,Singapore,0.0,0.0,0.0,0.0,0.0,0.0,0.0,0.0,0.0,0.0,1.0,0.0,0.0,0.0,0.0,0.0,0.0,1.0,0.0,0.0,0.0,0.0,0.0,1.0,7.157579708877678,3.7787201581137255,10.779232502977782,-1.733359081190647,-2.1950747758061846,-0.5027033539745942,0.048201547045971876,0.14523788191022313,0.2794857462269409
2003-09-19,Singapore,Trucks and Buses,Shipped,49.0,58.18,2850.82,Singapore,0.0,0.0,0.0,0.0,0.0,0.0,0.0,0.0,0.0,0.0,1.0,0.0,0.0,0.0,0.0,0.0,1.0,0.0,0.0,0.0,0.0,0.0,0.0,1.0,7.955712665937951,4.080583646972063,14.736931873780104,-0.17646512288137176,-1.1340754682561436,1.464218006289084,0.23749408558902652,0.3755039870979303,0.8105086640581285
2003-09-19,Singapore,Trucks and Buses,Shipped,34.0,100.0,4641.0,Singapore,0.0,0.0,0.0,0.0,0.0,0.0,0.0,0.0,0.0,0.0,1.0,0.0,0.0,0.0,0.0,0.0,1.0,0.0,0.0,0.0,0.0,0.0,0.0,1.0,8.442900586834382,4.61512051684126,11.683463549954297,0.7738777039562243,0.7447315744112115,-0.05331314156158311,0.45360594427004175,1.0,0.39128004471771716
2003-09-19,Singapore,Classic Cars,Shipped,20.0,100.0,3191.2,Singapore,0.0,0.0,0.0,0.0,0.0,0.0,0.0,0.0,0.0,0.0,1.0,1.0,0.0,0.0,0.0,0.0,0.0,0.0,0.0,0.0,0.0,0.0,0.0,1.0,8.068465613248458,4.61512051684126,8.268807419728406,0.04347866079079583,0.7447315744112115,-1.7503495890608907,0.2785850118969083,1.0,0.0
2003-09-19,Singapore,Trucks and Buses,Shipped,49.0,100.0,6467.02,Singapore,0.0,0.0,0.0,0.0,0.0,0.0,0.0,0.0,0.0,0.0,1.0,0.0,0.0,0.0,0.0,0.0,1.0,0.0,0.0,0.0,0.0,0.0,0.0,1.0,8.774625312838166,4.61512051684126,14.736931873780104,1.4209631515229382,0.7447315744112115,1.464218006289084,0.6740444343597017,1.0,0.8105086640581285
2003-09-19,Singapore,Trucks and Buses,Shipped,30.0,100.0,4100.1,Singapore,0.0,0.0,0.0,0.0,0.0,0.0,0.0,0.0,0.0,0.0,1.0,0.0,0.0,0.0,0.0,0.0,1.0,0.0,0.0,0.0,0.0,0.0,0.0,1.0,8.31901050939128,4.61512051684126,10.779232502977782,0.5322090554442352,0.7447315744112115,-0.5027033539745942,0.38830809469035643,1.0,0.2794857462269409
2003-09-21,Oulu,Trucks and Buses,Shipped,27.0,100.0,3068.55,Other,0.0,0.0,0.0,0.0,0.0,0.0,1.0,0.0,0.0,0.0,0.0,0.0,0.0,0.0,0.0,0.0,1.0,0.0,0.0,0.0,0.0,0.0,0.0,1.0,8.029286250032813,4.61512051684126,10.068010317854855,-0.03294734485306815,0.7447315744112115,-0.8561708553548468,0.263778612838028,1.0,0.19564002235885858
2003-09-21,Oulu,Trucks and Buses,Shipped,35.050383351588174,63.85,2617.85,Other,0.0,0.0,0.0,0.0,0.0,0.0,1.0,0.0,0.0,0.0,0.0,0.0,0.0,0.0,0.0,0.0,1.0,0.0,0.0,0.0,0.0,0.0,0.0,1.0,7.870490569098893,4.172076910762453,11.913498472712774,-0.3427053044319229,-0.8124920601592056,0.06101100506720186,0.2093697742254116,0.4601738195502195,0.42063676220201485
2003-09-21,Oulu,Classic Cars,Shipped,21.0,100.0,3734.01,Other,0.0,0.0,0.0,0.0,0.0,0.0,1.0,0.0,0.0,0.0,0.0,1.0,0.0,0.0,0.0,0.0,0.0,0.0,0.0,0.0,0.0,0.0,0.0,1.0,8.225505774939505,4.61512051684126,8.539972716394377,0.34981218177361423,0.7447315744112115,-1.6155842205467048,0.3441134380946326,1.0,0.027948574622694067
2003-09-21,Oulu,Trucks and Buses,Shipped,39.0,69.28,2701.92,Other,0.0,0.0,0.0,0.0,0.0,0.0,1.0,0.0,0.0,0.0,0.0,0.0,0.0,0.0,0.0,0.0,1.0,0.0,0.0,0.0,0.0,0.0,0.0,1.0,7.902087949094097,4.252487263318897,12.754015005493859,-0.2810692454548199,-0.5298632178805035,0.4787359930181514,0.21951876704139267,0.54125974375056,0.5310229178311876
2003-09-21,Oulu,Trucks and Buses,Shipped,49.0,100.0,5412.54,Other,0.0,0.0,0.0,0.0,0.0,0.0,1.0,0.0,0.0,0.0,0.0,0.0,0.0,0.0,0.0,0.0,1.0,0.0,0.0,0.0,0.0,0.0,0.0,1.0,8.596658501658725,4.61512051684126,14.736931873780104,1.0738086446781396,0.7447315744112115,1.464218006289084,0.5467468258834831,1.0,0.8105086640581285
2003-09-21,Oulu,Trucks and Buses,Shipped,42.0,100.0,5098.8,Other,0.0,0.0,0.0,0.0,0.0,0.0,1.0,0.0,0.0,0.0,0.0,0.0,0.0,0.0,0.0,0.0,1.0,0.0,0.0,0.0,0.0,0.0,0.0,1.0,8.536956602257188,4.61512051684126,13.369046010543581,0.9573499448392087,0.7447315744112115,0.7843978201850537,0.5088719001539019,1.0,0.6148686416992699
2003-09-21,Oulu,Classic Cars,Shipped,30.0,40.31,1209.3,Other,0.0,0.0,0.0,0.0,0.0,0.0,1.0,0.0,0.0,0.0,0.0,1.0,0.0,0.0,0.0,0.0,0.0,0.0,0.0,0.0,0.0,0.0,0.0,1.0,7.0986235417445585,3.721104601408673,10.779232502977782,-1.8483631035188384,-2.397583750970315,-0.5027033539745942,0.039328572477462215,0.10865215183824628,0.2794857462269409
2003-09-21,Oulu,Classic Cars,Shipped,43.0,100.0,7110.91,Other,0.0,0.0,0.0,0.0,0.0,0.0,1.0,0.0,0.0,0.0,0.0,1.0,0.0,0.0,0.0,0.0,0.0,0.0,0.0,0.0,0.0,0.0,0.0,1.0,8.869526122445503,4.61512051684126,13.569968697266269,1.6060833070174863,0.7447315744112115,0.8842535917456676,0.7517753132021191,1.0,0.6428172163219641
2003-09-21,Oulu,Trucks and Buses,Shipped,26.0,100.0,3220.1,Other,0.0,0.0,0.0,0.0,0.0,0.0,1.0,0.0,0.0,0.0,0.0,0.0,0.0,0.0,0.0,0.0,1.0,0.0,0.0,0.0,0.0,0.0,0.0,1.0,8.077478195108199,4.61512051684126,9.823805373555334,0.061059233203042435,0.7447315744112115,-0.9775373049564378,0.2820738413530979,1.0,0.1676914477361645
2003-09-21,Oulu,Trucks and Buses,Shipped,24.0,100.0,3327.6,Other,0.0,0.0,0.0,0.0,0.0,0.0,1.0,0.0,0.0,0.0,0.0,0.0,0.0,0.0,0.0,0.0,1.0,0.0,0.0,0.0,0.0,0.0,0.0,1.0,8.110307074152626,4.61512051684126,9.323544176118064,0.12509754034248108,0.7447315744112115,-1.226160139275199,0.2950513211641834,1.0,0.11179429849077627
2003-09-25,South Brisbane,Classic Cars,Shipped,35.0,100.0,4524.1,Other,0.0,0.0,0.0,0.0,0.0,0.0,1.0,0.0,0.0,0.0,0.0,1.0,0.0,0.0,0.0,0.0,0.0,0.0,0.0,0.0,0.0,0.0,0.0,1.0,8.41739495533735,4.61512051684126,11.902530119204657,0.7241246355866993,0.7447315744112115,0.05555988642964223,0.43949368948012646,1.0,0.41922861934041133
2003-09-25,South Brisbane,Trains,Shipped,33.0,50.95,1681.35,Other,0.0,0.0,0.0,0.0,0.0,0.0,1.0,0.0,0.0,0.0,0.0,0.0,0.0,0.0,0.0,1.0,0.0,0.0,0.0,0.0,0.0,0.0,0.0,1.0,7.427946904498452,3.9502817175452365,11.461717832632248,-1.2059619230311738,-1.5920647978606173,-0.16351766875873364,0.09631479894093137,0.2675387510079743,0.3633314700950231
2003-09-25,South Brisbane,Classic Cars,Shipped,23.0,100.0,2802.09,Other,0.0,0.0,0.0,0.0,0.0,0.0,1.0,0.0,0.0,0.0,0.0,1.0,0.0,0.0,0.0,0.0,0.0,0.0,0.0,0.0,0.0,0.0,0.0,1.0,7.938477659104549,4.61512051684126,9.067037908070397,-0.21008493242936396,0.7447315744112115,-1.353640175122944,0.2316113638104758,1.0,0.0838457238680822
2003-09-25,South Brisbane,Classic Cars,Shipped,25.0,65.31,1632.75,Other,0.0,0.0,0.0,0.0,0.0,0.0,1.0,0.0,0.0,0.0,0.0,1.0,0.0,0.0,0.0,0.0,0.0,0.0,0.0,0.0,0.0,0.0,0.0,1.0,7.398633264938431,4.194340715380776,9.57572149487329,-1.2631431582167856,-0.7342385377712881,-1.1008315308182302,0.09044777085889644,0.4819759280829078,0.13974287311347044
2003-09-28,Madrid,Ships,Shipped,20.0,100.0,2204.6,Madrid,1.0,0.0,0.0,0.0,0.0,0.0,0.0,0.0,0.0,0.0,0.0,0.0,0.0,0.0,1.0,0.0,0.0,0.0,0.0,0.0,0.0,0.0,0.0,1.0,7.698754859709587,4.61512051684126,8.268807419728406,-0.6777049883930697,0.7447315744112115,-1.7503495890608907,0.15948192741675016,1.0,0.0
2003-09-28,Madrid,Classic Cars,Shipped,35.050383351588174,100.0,4904.0,Madrid,1.0,0.0,0.0,0.0,0.0,0.0,0.0,0.0,0.0,0.0,0.0,1.0,0.0,0.0,0.0,0.0,0.0,0.0,0.0,0.0,0.0,0.0,0.0,1.0,8.498010371999463,4.61512051684126,11.913498472712774,0.8813787046457093,0.7447315744112115,0.06101100506720186,0.48535549952879053,1.0,0.42063676220201485
2003-09-28,Madrid,Vintage Cars,Shipped,31.0,100.0,3641.57,Madrid,1.0,0.0,0.0,0.0,0.0,0.0,0.0,0.0,0.0,0.0,0.0,0.0,0.0,0.0,0.0,0.0,0.0,1.0,0.0,0.0,0.0,0.0,0.0,1.0,8.200444755455054,4.61512051684126,11.009728365329204,0.3009264046868957,0.7447315744112115,-0.388150126800217,0.3329540126645233,1.0,0.30743432084963496
2003-09-28,Madrid,Ships,Shipped,50.0,88.15,4407.5,Madrid,1.0,0.0,0.0,0.0,0.0,0.0,0.0,0.0,0.0,0.0,0.0,0.0,0.0,0.0,1.0,0.0,0.0,0.0,0.0,0.0,0.0,0.0,0.0,1.0,8.391289774527081,4.49032034430915,14.925497315272617,0.6732020444011682,0.30607999339528197,1.5579323994073224,0.4254176509129396,0.8230445300600304,0.8384572386808227
2003-09-28,Madrid,Ships,Shipped,43.0,64.67,2780.81,Madrid,1.0,0.0,0.0,0.0,0.0,0.0,0.0,0.0,0.0,0.0,0.0,0.0,0.0,0.0,1.0,0.0,0.0,0.0,0.0,0.0,0.0,0.0,0.0,1.0,7.930857073961306,4.184642200202881,13.569968697266269,-0.22495017870612063,-0.7683271846855874,0.8842535917456676,0.229042426411593,0.47241883941104446,0.6428172163219641
2003-09-28,Madrid,Ships,Shipped,31.0,87.48,2711.88,Madrid,1.0,0.0,0.0,0.0,0.0,0.0,0.0,0.0,0.0,0.0,0.0,0.0,0.0,0.0,1.0,0.0,0.0,0.0,0.0,0.0,0.0,0.0,0.0,1.0,7.905766080202622,4.482776537774025,11.009728365329204,-0.27389442570821576,0.279564784350523,-0.388150126800217,0.22072114563598255,0.8130394528566736,0.30743432084963496
2003-09-28,Madrid,Ships,Shipped,40.0,100.0,5456.4,Madrid,1.0,0.0,0.0,0.0,0.0,0.0,0.0,0.0,0.0,0.0,0.0,0.0,0.0,0.0,1.0,0.0,0.0,0.0,0.0,0.0,0.0,0.0,0.0,1.0,8.60472776484807,4.61512051684126,12.961139346341028,1.08954911372702,0.7447315744112115,0.5816739001387327,0.552041637646406,1.0,0.5589714924538818
2003-09-28,Madrid,Ships,Shipped,50.0,60.06,3003.0,Madrid,1.0,0.0,0.0,0.0,0.0,0.0,0.0,0.0,0.0,0.0,0.0,0.0,0.0,0.0,1.0,0.0,0.0,0.0,0.0,0.0,0.0,0.0,0.0,1.0,8.007700012884026,4.111856987306732,14.925497315272617,-0.07505496852940713,-1.0241549456869776,1.5579323994073224,0.2558653681718265,0.40357793507152884,0.8384572386808227
2003-09-28,Madrid,Classic Cars,Shipped,35.050383351588174,100.0,7036.89,Madrid,1.0,0.0,0.0,0.0,0.0,0.0,0.0,0.0,0.0,0.0,0.0,1.0,0.0,0.0,0.0,0.0,0.0,0.0,0.0,0.0,0.0,0.0,0.0,1.0,8.859063688319207,4.61512051684126,11.913498472712774,1.585674551388054,0.7447315744112115,0.06101100506720186,0.7428395638475466,1.0,0.42063676220201485
2003-09-28,Madrid,Classic Cars,Shipped,42.0,100.0,5393.64,Madrid,1.0,0.0,0.0,0.0,0.0,0.0,0.0,0.0,0.0,0.0,0.0,1.0,0.0,0.0,0.0,0.0,0.0,0.0,0.0,0.0,0.0,0.0,0.0,1.0,8.593161147013522,4.61512051684126,13.369046010543581,1.0669864601423236,0.7447315744112115,0.7843978201850537,0.5444652038515807,1.0,0.6148686416992699
2003-09-28,Madrid,Trains,Shipped,29.0,88.74,2573.46,Madrid,1.0,0.0,0.0,0.0,0.0,0.0,0.0,0.0,0.0,0.0,0.0,0.0,0.0,0.0,0.0,1.0,0.0,0.0,0.0,0.0,0.0,0.0,0.0,1.0,7.853395082368021,4.496916600547837,10.54555133395328,-0.37605295631148417,0.32926472278451313,-0.6188396341166861,0.20401098046900146,0.8318549711794043,0.2515371716042467
2003-09-28,Madrid,Trains,Shipped,31.0,57.41,1779.71,Madrid,1.0,0.0,0.0,0.0,0.0,0.0,0.0,0.0,0.0,0.0,0.0,0.0,0.0,0.0,0.0,1.0,0.0,0.0,0.0,0.0,0.0,0.0,0.0,1.0,7.48476744016058,4.067487108052218,11.009728365329204,-1.0951238127918754,-1.1801075961488263,-0.388150126800217,0.1081888911662186,0.3640056147895947,0.30743432084963496
2003-09-28,Madrid,Vintage Cars,Shipped,22.0,83.38,1834.36,Madrid,1.0,0.0,0.0,0.0,0.0,0.0,0.0,0.0,0.0,0.0,0.0,0.0,0.0,0.0,0.0,0.0,0.0,1.0,0.0,0.0,0.0,0.0,0.0,1.0,7.514995926532958,4.435330406696193,8.805943150564206,-1.0361580134401822,0.11279962699446867,-1.4834006262023,0.1147862797399472,0.751814353552549,0.055897149245388134
2003-10-02,Glendale,Vintage Cars,Shipped,31.0,91.17,2826.27,Other,0.0,0.0,0.0,0.0,0.0,0.0,1.0,0.0,0.0,0.0,0.0,0.0,0.0,0.0,0.0,0.0,0.0,1.0,0.0,0.0,0.0,0.0,0.0,1.0,7.947066860738264,4.523634698005573,11.009728365329204,-0.1933302350923627,0.4231743340757804,-0.388150126800217,0.23453039136240184,0.8681420422303856,0.30743432084963496
2003-10-02,Glendale,Ships,Shipped,36.0,64.33,2315.88,Other,0.0,0.0,0.0,0.0,0.0,0.0,1.0,0.0,0.0,0.0,0.0,0.0,0.0,0.0,1.0,0.0,0.0,0.0,0.0,0.0,0.0,0.0,0.0,1.0,7.747976731981978,4.179451348852659,12.119023021201402,-0.5816893623251833,-0.7865721526643598,0.16315383770961095,0.1729157316342162,0.46734163605411694,0.4471771939631053
2003-10-04,Frankfurt,Classic Cars,Shipped,41.0,92.4,3788.4,Other,0.0,0.0,0.0,0.0,0.0,0.0,1.0,0.0,0.0,0.0,0.0,1.0,0.0,0.0,0.0,0.0,0.0,0.0,0.0,0.0,0.0,0.0,0.0,1.0,8.239962974198262,4.536891345234797,13.166125611826143,0.3780134056184938,0.46976921570203345,0.6835492136397722,0.3506794392753297,0.886509572021623,0.5869200670765757
2003-10-04,Frankfurt,Classic Cars,Shipped,23.0,100.0,2807.61,Other,0.0,0.0,0.0,0.0,0.0,0.0,1.0,0.0,0.0,0.0,0.0,1.0,0.0,0.0,0.0,0.0,0.0,0.0,0.0,0.0,0.0,0.0,0.0,1.0,7.940444978020514,4.61512051684126,9.067037908070397,-0.20624734258015648,0.7447315744112115,-1.353640175122944,0.23227774230868226,1.0,0.0838457238680822
2003-10-04,Frankfurt,Classic Cars,Shipped,23.0,100.0,3786.49,Other,0.0,0.0,0.0,0.0,0.0,0.0,1.0,0.0,0.0,0.0,0.0,1.0,0.0,0.0,0.0,0.0,0.0,0.0,0.0,0.0,0.0,0.0,0.0,1.0,8.239458809550113,4.61512051684126,9.067037908070397,0.3770299468003202,0.7447315744112115,-1.353640175122944,0.35044886265729086,1.0,0.0838457238680822
2003-10-04,Frankfurt,Classic Cars,Shipped,29.0,100.0,3984.6,Other,0.0,0.0,0.0,0.0,0.0,0.0,1.0,0.0,0.0,0.0,0.0,1.0,0.0,0.0,0.0,0.0,0.0,0.0,0.0,0.0,0.0,0.0,0.0,1.0,8.290443144507917,4.61512051684126,10.54555133395328,0.47648355582880453,0.7447315744112115,-0.6188396341166861,0.3743648489398412,1.0,0.2515371716042467
2003-10-04,Frankfurt,Classic Cars,Shipped,31.0,58.78,1822.18,Other,0.0,0.0,0.0,0.0,0.0,0.0,1.0,0.0,0.0,0.0,0.0,1.0,0.0,0.0,0.0,0.0,0.0,0.0,0.0,0.0,0.0,0.0,0.0,1.0,7.5083375081477435,4.090671156855792,11.009728365329204,-1.0491463899558167,-1.0986195704858674,-0.388150126800217,0.1133159010971656,0.38446375772780217,0.30743432084963496
2003-10-04,Frankfurt,Classic Cars,Shipped,22.0,76.61,1685.42,Other,0.0,0.0,0.0,0.0,0.0,0.0,1.0,0.0,0.0,0.0,0.0,1.0,0.0,0.0,0.0,0.0,0.0,0.0,0.0,0.0,0.0,0.0,0.0,1.0,7.430363217859262,4.351696284866048,8.805943150564206,-1.2012484932203265,-0.18116022116385794,-1.4834006262023,0.0968061323626162,0.6507182749454947,0.055897149245388134
2003-10-04,Frankfurt,Classic Cars,Shipped,33.0,100.0,5521.89,Other,0.0,0.0,0.0,0.0,0.0,0.0,1.0,0.0,0.0,0.0,0.0,1.0,0.0,0.0,0.0,0.0,0.0,0.0,0.0,0.0,0.0,0.0,0.0,1.0,8.616656552990916,4.61512051684126,11.461717832632248,1.1128182420411212,0.7447315744112115,-0.16351766875873364,0.5599476390680618,1.0,0.3633314700950231
2003-10-04,Frankfurt,Classic Cars,Shipped,49.0,78.8,3861.2,Other,0.0,0.0,0.0,0.0,0.0,0.0,1.0,0.0,0.0,0.0,0.0,1.0,0.0,0.0,0.0,0.0,0.0,0.0,0.0,0.0,0.0,0.0,0.0,1.0,8.258992248286624,4.379523504455763,14.736931873780104,0.4151332383444908,-0.08335223243559259,1.464218006289084,0.35946790932413925,0.6834214377445271,0.8105086640581285
2003-10-05,Oslo,Classic Cars,Shipped,27.0,72.02,1944.54,Other,0.0,0.0,0.0,0.0,0.0,0.0,1.0,0.0,0.0,0.0,0.0,1.0,0.0,0.0,0.0,0.0,0.0,0.0,0.0,0.0,0.0,0.0,0.0,1.0,7.573294852480532,4.29073337622749,10.068010317854855,-0.9224360517284269,-0.3954345744365064,-0.8561708553548468,0.1280872911407417,0.5821760296269749,0.19564002235885858
2003-10-05,Oslo,Classic Cars,Shipped,48.0,34.36,1649.28,Other,0.0,0.0,0.0,0.0,0.0,0.0,1.0,0.0,0.0,0.0,0.0,1.0,0.0,0.0,0.0,0.0,0.0,0.0,0.0,0.0,0.0,0.0,0.0,1.0,7.4087002494674215,3.5655812377694427,14.546755227281093,-1.2435057942250691,-2.9442221727057594,1.3697028667658944,0.09244328473124289,0.01980109309201683,0.7825600894354343
2003-10-05,Oslo,Classic Cars,Shipped,22.0,51.32,1129.04,Other,0.0,0.0,0.0,0.0,0.0,0.0,1.0,0.0,0.0,0.0,0.0,1.0,0.0,0.0,0.0,0.0,0.0,0.0,0.0,0.0,0.0,0.0,0.0,1.0,7.030008309309972,3.9573787071489432,8.805943150564206,-1.982208774068347,-1.567120075053294,-1.4834006262023,0.029639525690134505,0.27306394289639524,0.055897149245388134
2003-10-05,Oslo,Classic Cars,Shipped,50.0,100.0,7723.5,Other,0.0,0.0,0.0,0.0,0.0,0.0,1.0,0.0,0.0,0.0,0.0,1.0,0.0,0.0,0.0,0.0,0.0,0.0,0.0,0.0,0.0,0.0,0.0,1.0,8.952152374752105,4.61512051684126,14.925497315272617,1.767259852699425,0.7447315744112115,1.5579323994073224,0.8257276328065182,1.0,0.8384572386808227
2003-10-05,Oslo,Classic Cars,Shipped,22.0,96.37,2120.14,Other,0.0,0.0,0.0,0.0,0.0,0.0,1.0,0.0,0.0,0.0,0.0,1.0,0.0,0.0,0.0,0.0,0.0,0.0,0.0,0.0,0.0,0.0,0.0,1.0,7.659708958987003,4.578518154990665,8.805943150564206,-0.753870652765133,0.6160804390087369,-1.4834006262023,0.14928585351122187,0.9457933876892752,0.055897149245388134
2003-10-05,Oslo,Classic Cars,Shipped,32.0,100.0,3424.64,Other,0.0,0.0,0.0,0.0,0.0,0.0,1.0,0.0,0.0,0.0,0.0,1.0,0.0,0.0,0.0,0.0,0.0,0.0,0.0,0.0,0.0,0.0,0.0,1.0,8.139043594553794,4.61512051684126,11.237179911736995,0.18115300653973865,0.7447315744112115,-0.2751098821684491,0.3067660620094647,1.0,0.335382895472329
2003-10-05,Oslo,Classic Cars,Shipped,39.0,100.0,6446.7,Other,0.0,0.0,0.0,0.0,0.0,0.0,1.0,0.0,0.0,0.0,0.0,1.0,0.0,0.0,0.0,0.0,0.0,0.0,0.0,0.0,0.0,0.0,0.0,1.0,8.771478757049502,4.61512051684126,12.754015005493859,1.414825259767537,0.7447315744112115,0.4787359930181514,0.6715913888735504,1.0,0.5310229178311876
2003-10-05,Oslo,Classic Cars,Shipped,23.0,100.0,4011.66,Other,0.0,0.0,0.0,0.0,0.0,0.0,1.0,0.0,0.0,0.0,0.0,1.0,0.0,0.0,0.0,0.0,0.0,0.0,0.0,0.0,0.0,0.0,0.0,1.0,8.297209642032676,4.61512051684126,9.067037908070397,0.4896827590718524,0.7447315744112115,-1.353640175122944,0.37763155222996186,1.0,0.0838457238680822
2003-10-05,Oslo,Classic Cars,Shipped,37.0,100.0,5917.78,Other,0.0,0.0,0.0,0.0,0.0,0.0,1.0,0.0,0.0,0.0,0.0,1.0,0.0,0.0,0.0,0.0,0.0,0.0,0.0,0.0,0.0,0.0,0.0,1.0,8.685885625559347,4.61512051684126,12.33304085962557,1.2478613120806479,0.7447315744112115,0.26951771693185156,0.6077397737881609,1.0,0.47512576858579947
2003-10-05,Oslo,Classic Cars,Shipped,47.0,100.0,7488.04,Other,0.0,0.0,0.0,0.0,0.0,0.0,1.0,0.0,0.0,0.0,0.0,1.0,0.0,0.0,0.0,0.0,0.0,0.0,0.0,0.0,0.0,0.0,0.0,1.0,8.921195897402148,4.61512051684126,14.35492029635209,1.7068739832395252,0.7447315744112115,1.2743635830212399,0.7973027267942558,1.0,0.7546115148127404
2003-10-05,Oslo,Classic Cars,Shipped,22.0,100.0,3223.44,Other,0.0,0.0,0.0,0.0,0.0,0.0,1.0,0.0,0.0,0.0,0.0,1.0,0.0,0.0,0.0,0.0,0.0,0.0,0.0,0.0,0.0,0.0,0.0,1.0,8.078514570741257,4.61512051684126,8.805943150564206,0.06308085998511397,0.7447315744112115,-1.4834006262023,0.28247704863280976,1.0,0.055897149245388134
2003-10-06,Liverpool,Classic Cars,Shipped,48.0,74.48,3575.04,Other,0.0,0.0,0.0,0.0,0.0,0.0,1.0,0.0,0.0,0.0,0.0,1.0,0.0,0.0,0.0,0.0,0.0,0.0,0.0,0.0,0.0,0.0,0.0,1.0,8.182011321913173,4.32386772050035,14.546755227281093,0.26496886019712035,-0.2789729365531423,1.3697028667658944,0.3249224616707416,0.6189110892094496,0.7825600894354343
2003-10-06,Liverpool,Vintage Cars,Shipped,38.0,89.27,3392.26,Other,0.0,0.0,0.0,0.0,0.0,0.0,1.0,0.0,0.0,0.0,0.0,0.0,0.0,0.0,0.0,0.0,0.0,1.0,0.0,0.0,0.0,0.0,0.0,1.0,8.129546390200918,4.502805179310063,12.544675977743431,0.16262709560344343,0.34996208506838966,0.3746974174111126,0.30285712436962337,0.8397694352357912,0.5030743432084936
2003-10-06,Helsinki,Planes,Shipped,44.0,85.87,3778.28,Other,0.0,0.0,0.0,0.0,0.0,0.0,1.0,0.0,0.0,0.0,0.0,0.0,0.0,1.0,0.0,0.0,0.0,0.0,0.0,0.0,0.0,0.0,0.0,1.0,8.237288794280264,4.464412748271829,13.768958087112637,0.3727969632689666,0.21501915804932992,0.9831485417366043,0.34945774536195123,0.7889974016665173,0.670765790944658
2003-10-06,Helsinki,Planes,Shipped,44.0,77.11,3392.84,Other,0.0,0.0,0.0,0.0,0.0,0.0,1.0,0.0,0.0,0.0,0.0,0.0,0.0,1.0,0.0,0.0,0.0,0.0,0.0,0.0,0.0,0.0,0.0,1.0,8.12971730266763,4.358118089622206,13.768958087112637,0.1629604894126713,-0.15858865934538668,0.9831485417366043,0.302927142400232,0.6581847504703879,0.670765790944658
2003-10-06,Helsinki,Planes,Shipped,34.0,49.16,1671.44,Other,0.0,0.0,0.0,0.0,0.0,0.0,1.0,0.0,0.0,0.0,0.0,0.0,0.0,1.0,0.0,0.0,0.0,0.0,0.0,0.0,0.0,0.0,0.0,1.0,7.422038916919418,3.9152178963246653,11.683463549954297,-1.2174864567397456,-1.715308222150805,-0.05331314156158311,0.09511845638346295,0.24080876862885636,0.39128004471771716
2003-10-06,Liverpool,Classic Cars,Shipped,23.0,72.7,1672.1,Other,0.0,0.0,0.0,0.0,0.0,0.0,1.0,0.0,0.0,0.0,0.0,1.0,0.0,0.0,0.0,0.0,0.0,0.0,0.0,0.0,0.0,0.0,0.0,1.0,7.422433472063617,4.300002799195291,9.067037908070397,-1.2167168098848082,-0.36285411435032255,-1.353640175122944,0.09519813207346586,0.5923304363408297,0.0838457238680822
2003-10-06,Helsinki,Vintage Cars,Shipped,37.0,67.93,2513.41,Other,0.0,0.0,0.0,0.0,0.0,0.0,1.0,0.0,0.0,0.0,0.0,0.0,0.0,0.0,0.0,0.0,0.0,1.0,0.0,0.0,0.0,0.0,0.0,1.0,7.8297934625674,4.23309149689756,12.33304085962557,-0.4220919263212443,-0.5980360691924349,0.26951771693185156,0.19676169988615783,0.5211002598333483,0.47512576858579947
2003-10-06,Liverpool,Classic Cars,Shipped,49.0,100.0,5298.86,Other,0.0,0.0,0.0,0.0,0.0,0.0,1.0,0.0,0.0,0.0,0.0,1.0,0.0,0.0,0.0,0.0,0.0,0.0,0.0,0.0,0.0,0.0,0.0,1.0,8.57543568409699,4.61512051684126,14.736931873780104,1.0324099326617022,0.7447315744112115,1.464218006289084,0.5330232918841882,1.0,0.8105086640581285
2003-10-06,Helsinki,Planes,Shipped,43.0,86.4,3715.2,Other,0.0,0.0,0.0,0.0,0.0,0.0,1.0,0.0,0.0,0.0,0.0,0.0,0.0,1.0,0.0,0.0,0.0,0.0,0.0,0.0,0.0,0.0,0.0,1.0,8.220456919798654,4.470495282661489,13.569968697266269,0.3399635318768327,0.23639824168739085,0.8842535917456676,0.3418426809295486,0.7969118657229042,0.6428172163219641
2003-10-06,Helsinki,Ships,Shipped,44.0,79.14,3482.16,Other,0.0,0.0,0.0,0.0,0.0,0.0,1.0,0.0,0.0,0.0,0.0,0.0,0.0,0.0,1.0,0.0,0.0,0.0,0.0,0.0,0.0,0.0,0.0,1.0,8.15569520672119,4.383775105207999,13.768958087112637,0.21363480565628526,-0.06840857207056557,0.9831485417366043,0.31370991911396373,0.6884986411014544,0.670765790944658
2003-10-06,Helsinki,Planes,Shipped,23.0,72.62,1670.26,Other,0.0,0.0,0.0,0.0,0.0,0.0,1.0,0.0,0.0,0.0,0.0,0.0,0.0,1.0,0.0,0.0,0.0,0.0,0.0,0.0,0.0,0.0,0.0,1.0,7.421333111943502,4.298916727950875,9.067037908070397,-1.2188632492816749,-0.36667147180098364,-1.353640175122944,0.09497600590739708,0.5911358002568468,0.0838457238680822
2003-10-06,Helsinki,Vintage Cars,Shipped,29.0,100.0,3622.97,Other,0.0,0.0,0.0,0.0,0.0,0.0,1.0,0.0,0.0,0.0,0.0,0.0,0.0,0.0,0.0,0.0,0.0,1.0,0.0,0.0,0.0,0.0,0.0,1.0,8.19532538898291,4.61512051684126,10.54555133395328,0.2909402104565403,0.7447315744112115,-0.6188396341166861,0.33070860685534936,1.0,0.2515371716042467
2003-10-06,Helsinki,Vintage Cars,Shipped,34.0,55.89,1900.26,Other,0.0,0.0,0.0,0.0,0.0,0.0,1.0,0.0,0.0,0.0,0.0,0.0,0.0,0.0,0.0,0.0,0.0,1.0,0.0,0.0,0.0,0.0,0.0,1.0,7.550272103257238,4.041119578762556,11.683463549954297,-0.967345836310483,-1.2727850193905126,-0.05331314156158311,0.12274177666599873,0.34130752919391927,0.39128004471771716
2003-10-06,Helsinki,Planes,Shipped,38.0,100.0,6531.44,Other,0.0,0.0,0.0,0.0,0.0,0.0,1.0,0.0,0.0,0.0,0.0,0.0,0.0,1.0,0.0,0.0,0.0,0.0,0.0,0.0,0.0,0.0,0.0,1.0,8.784535812507581,4.61512051684126,12.544675977743431,1.4402952652048104,0.7447315744112115,0.3746974174111126,0.6818212645869587,1.0,0.5030743432084936
2003-10-06,Helsinki,Planes,Shipped,35.050383351588174,100.0,2353.4,Other,0.0,0.0,0.0,0.0,0.0,0.0,1.0,0.0,0.0,0.0,0.0,0.0,0.0,1.0,0.0,0.0,0.0,0.0,0.0,0.0,0.0,0.0,0.0,1.0,7.764041196919263,4.61512051684126,11.913498472712774,-0.5503528936540347,0.7447315744112115,0.06101100506720186,0.17744517389014114,1.0,0.42063676220201485
2003-10-06,Helsinki,Ships,Shipped,32.0,91.43,2925.76,Other,0.0,0.0,0.0,0.0,0.0,0.0,1.0,0.0,0.0,0.0,0.0,0.0,0.0,0.0,1.0,0.0,0.0,0.0,0.0,0.0,0.0,0.0,0.0,1.0,7.981651288113149,4.526451601276686,11.237179911736995,-0.12586743261661248,0.4330752745021634,-0.2751098821684491,0.24654089802663348,0.8720246095033302,0.335382895472329
2003-10-06,Helsinki,Classic Cars,Shipped,32.0,100.0,4526.08,Other,0.0,0.0,0.0,0.0,0.0,0.0,1.0,0.0,0.0,0.0,0.0,1.0,0.0,0.0,0.0,0.0,0.0,0.0,0.0,0.0,0.0,0.0,0.0,1.0,8.417832419027109,4.61512051684126,11.237179911736995,0.7249779828511365,0.7447315744112115,-0.2751098821684491,0.43973271655013524,1.0,0.335382895472329
2003-10-06,Liverpool,Classic Cars,Shipped,45.0,100.0,5548.95,Other,0.0,0.0,0.0,0.0,0.0,0.0,1.0,0.0,0.0,0.0,0.0,1.0,0.0,0.0,0.0,0.0,0.0,0.0,0.0,0.0,0.0,0.0,0.0,1.0,8.62154419769089,4.61512051684126,13.966075138951927,1.1223524235787175,0.7447315744112115,1.0811129658652374,0.5632143423581825,1.0,0.6987143655673522
2003-10-06,Liverpool,Vintage Cars,Shipped,43.0,100.0,7310.0,Other,0.0,0.0,0.0,0.0,0.0,0.0,1.0,0.0,0.0,0.0,0.0,0.0,0.0,0.0,0.0,0.0,0.0,1.0,0.0,0.0,0.0,0.0,0.0,1.0,8.897135342293316,4.61512051684126,13.569968697266269,1.6599397819248949,0.7447315744112115,0.8842535917456676,0.7758096058122496,1.0,0.6428172163219641
2003-10-08,Madrid,Planes,Shipped,48.0,100.0,4954.08,Madrid,1.0,0.0,0.0,0.0,0.0,0.0,0.0,0.0,0.0,0.0,0.0,0.0,0.0,1.0,0.0,0.0,0.0,0.0,0.0,0.0,0.0,0.0,0.0,1.0,8.508168591941525,4.61512051684126,14.546755227281093,0.9011940388141216,0.7447315744112115,1.3697028667658944,0.49140119430962004,1.0,0.7825600894354343
2003-10-08,Madrid,Vintage Cars,Shipped,20.0,41.02,883.5186,Madrid,1.0,0.0,0.0,0.0,0.0,0.0,0.0,0.0,0.0,0.0,0.0,0.0,0.0,0.0,0.0,0.0,0.0,1.0,0.0,0.0,0.0,0.0,0.0,1.0,6.785043542208585,3.7381456954168546,8.268807419728406,-2.4600541788033214,-2.33768717649237,-1.7503495890608907,0.0,0.11925454708359473,0.0
2003-10-10,San Francisco,Motorcycles,Shipped,27.0,80.34,2169.18,San Francisco,0.0,0.0,0.0,0.0,0.0,0.0,0.0,0.0,1.0,0.0,0.0,0.0,1.0,0.0,0.0,0.0,0.0,0.0,0.0,0.0,0.0,0.0,0.0,1.0,7.682565392403157,4.398637900479079,10.068010317854855,-0.7092852954267042,-0.016168350669446052,-0.8561708553548468,0.15520599871992546,0.7064181823611984,0.19564002235885858
2003-10-10,San Francisco,Classic Cars,Shipped,21.0,81.21,1705.41,San Francisco,0.0,0.0,0.0,0.0,0.0,0.0,0.0,0.0,1.0,0.0,0.0,1.0,0.0,0.0,0.0,0.0,0.0,0.0,0.0,0.0,0.0,0.0,0.0,1.0,7.44214702743064,4.409276949164042,8.539972716394377,-1.1782621702458695,0.021226113067883627,-1.6155842205467048,0.09921934000376598,0.7194098497745123,0.027948574622694067
2003-10-10,San Francisco,Classic Cars,Shipped,41.0,100.0,8296.35,San Francisco,0.0,0.0,0.0,0.0,0.0,0.0,0.0,0.0,1.0,0.0,0.0,1.0,0.0,0.0,0.0,0.0,0.0,0.0,0.0,0.0,0.0,0.0,0.0,1.0,9.023691465696468,4.61512051684126,13.166125611826143,1.9068090061192418,0.7447315744112115,0.6835492136397722,0.8948825101068008,1.0,0.5869200670765757
2003-10-10,San Francisco,Motorcycles,Shipped,44.0,100.0,5355.68,San Francisco,0.0,0.0,0.0,0.0,0.0,0.0,0.0,0.0,1.0,0.0,0.0,0.0,1.0,0.0,0.0,0.0,0.0,0.0,0.0,0.0,0.0,0.0,0.0,1.0,8.586099659170493,4.61512051684126,13.768958087112637,1.0532118281562206,0.7447315744112115,0.9831485417366043,0.5398826444689871,1.0,0.670765790944658
2003-10-10,San Francisco,Classic Cars,Shipped,50.0,69.8,3490.0,San Francisco,0.0,0.0,0.0,0.0,0.0,0.0,0.0,0.0,1.0,0.0,0.0,1.0,0.0,0.0,0.0,0.0,0.0,0.0,0.0,0.0,0.0,0.0,0.0,1.0,8.157943507105037,4.259859000699674,14.925497315272617,0.21802049760536746,-0.503952802924306,1.5579323994073224,0.31465636973460476,0.5490248782964489,0.8384572386808227
2003-10-10,San Francisco,Classic Cars,Shipped,23.0,67.1,1543.3,San Francisco,0.0,0.0,0.0,0.0,0.0,0.0,0.0,0.0,1.0,0.0,0.0,1.0,0.0,0.0,0.0,0.0,0.0,0.0,0.0,0.0,0.0,0.0,0.0,1.0,7.3423260122289555,4.220977213155467,9.067037908070397,-1.3729800228355165,-0.6406157356185977,-1.353640175122944,0.07964930044864896,0.5087059104620255,0.0838457238680822
2003-10-10,San Francisco,Motorcycles,Shipped,31.0,71.6,2219.6,San Francisco,0.0,0.0,0.0,0.0,0.0,0.0,0.0,0.0,1.0,0.0,0.0,0.0,1.0,0.0,0.0,0.0,0.0,0.0,0.0,0.0,0.0,0.0,0.0,1.0,7.705532708620165,4.28496492183075,11.009728365329204,-0.6644836423430596,-0.41570971981338845,-0.388150126800217,0.16129273855318066,0.5759041901860644,0.30743432084963496
2003-10-10,San Francisco,Motorcycles,Shipped,49.0,100.0,5205.27,San Francisco,0.0,0.0,0.0,0.0,0.0,0.0,0.0,0.0,1.0,0.0,0.0,0.0,1.0,0.0,0.0,0.0,0.0,0.0,0.0,0.0,0.0,0.0,0.0,1.0,8.55761894744439,4.61512051684126,14.736931873780104,0.9976553602488683,0.7447315744112115,1.464218006289084,0.5217250376002859,1.0,0.8105086640581285
2003-10-10,San Francisco,Motorcycles,Shipped,35.0,35.4,1239.0,San Francisco,0.0,0.0,0.0,0.0,0.0,0.0,0.0,0.0,1.0,0.0,0.0,0.0,1.0,0.0,0.0,0.0,0.0,0.0,0.0,0.0,0.0,0.0,0.0,1.0,7.122866658599083,3.594568774642695,11.902530119204657,-1.801072784496785,-2.842335864207763,0.05555988642964223,0.04291397852759468,0.035331362183794734,0.41922861934041133
2003-10-10,San Francisco,Motorcycles,Shipped,38.0,100.0,6238.84,San Francisco,0.0,0.0,0.0,0.0,0.0,0.0,0.0,0.0,1.0,0.0,0.0,0.0,1.0,0.0,0.0,0.0,0.0,0.0,0.0,0.0,0.0,0.0,0.0,1.0,8.738709820009095,4.61512051684126,12.544675977743431,1.3509038796927961,0.7447315744112115,0.3746974174111126,0.6464983753523202,1.0,0.5030743432084936
2003-10-10,San Francisco,Motorcycles,Shipped,42.0,51.48,2162.16,San Francisco,0.0,0.0,0.0,0.0,0.0,0.0,0.0,0.0,1.0,0.0,0.0,0.0,1.0,0.0,0.0,0.0,0.0,0.0,0.0,0.0,0.0,0.0,0.0,1.0,7.6793253945534214,3.9604321446358335,13.369046010543581,-0.7156054618006984,-1.5563877567080362,0.7843978201850537,0.15435853910807595,0.27545321506436093,0.6148686416992699
2003-10-10,San Francisco,Motorcycles,Shipped,21.0,64.66,1357.86,San Francisco,0.0,0.0,0.0,0.0,0.0,0.0,0.0,0.0,1.0,0.0,0.0,0.0,1.0,0.0,0.0,0.0,0.0,0.0,0.0,0.0,0.0,0.0,0.0,1.0,7.214401391920327,4.184489912073446,8.539972716394377,-1.622518732790669,-0.7688624518041436,-1.6155842205467048,0.057262845972670284,0.4722695099005465,0.027948574622694067
2003-10-10,San Francisco,Classic Cars,Shipped,24.0,73.42,1762.08,San Francisco,0.0,0.0,0.0,0.0,0.0,0.0,0.0,0.0,1.0,0.0,0.0,1.0,0.0,0.0,0.0,0.0,0.0,0.0,0.0,0.0,0.0,0.0,0.0,1.0,7.474817558566314,4.309724722918476,9.323544176118064,-1.114532747610282,-0.3286831903430331,-1.226160139275199,0.10606058447720054,0.6030821610966759,0.11179429849077627
2003-10-10,San Francisco,Classic Cars,Shipped,25.0,100.0,3638.0,San Francisco,0.0,0.0,0.0,0.0,0.0,0.0,0.0,0.0,1.0,0.0,0.0,1.0,0.0,0.0,0.0,0.0,0.0,0.0,0.0,0.0,0.0,0.0,0.0,1.0,8.19946419761216,4.61512051684126,9.57572149487329,0.29901365998957463,0.7447315744112115,-1.1008315308182302,0.3325230396140528,1.0,0.13974287311347044
2003-10-10,San Francisco,Motorcycles,Shipped,23.0,100.0,2347.15,San Francisco,0.0,0.0,0.0,0.0,0.0,0.0,0.0,0.0,1.0,0.0,0.0,0.0,1.0,0.0,0.0,0.0,0.0,0.0,0.0,0.0,0.0,0.0,0.0,1.0,7.76138306306421,4.61512051684126,9.067037908070397,-0.5555380354311036,0.7447315744112115,-1.353640175122944,0.17669066924996174,1.0,0.0838457238680822
2003-10-10,Stavern,Motorcycles,Shipped,22.0,67.03,1474.66,Other,0.0,0.0,0.0,0.0,0.0,0.0,1.0,0.0,0.0,0.0,0.0,0.0,1.0,0.0,0.0,0.0,0.0,0.0,0.0,0.0,0.0,0.0,0.0,1.0,7.2968606263217275,4.219948784356969,8.805943150564206,-1.4616679839139328,-0.644230489583039,-1.4834006262023,0.0713630286883428,0.5076606038885405,0.055897149245388134
2003-10-10,San Francisco,Motorcycles,Shipped,22.0,100.0,4132.7,San Francisco,0.0,0.0,0.0,0.0,0.0,0.0,0.0,0.0,1.0,0.0,0.0,0.0,1.0,0.0,0.0,0.0,0.0,0.0,0.0,0.0,0.0,0.0,0.0,1.0,8.326928168667967,4.61512051684126,8.805943150564206,0.5476537952996465,0.7447315744112115,-1.4834006262023,0.39224359089353206,1.0,0.055897149245388134
2003-10-10,San Francisco,Classic Cars,Shipped,32.0,100.0,4618.88,San Francisco,0.0,0.0,0.0,0.0,0.0,0.0,0.0,0.0,1.0,0.0,0.0,1.0,0.0,0.0,0.0,0.0,0.0,0.0,0.0,0.0,0.0,0.0,0.0,1.0,8.43812400971248,4.61512051684126,11.237179911736995,0.7645601786032075,0.7447315744112115,-0.2751098821684491,0.4509356014475189,1.0,0.335382895472329
2003-10-10,San Francisco,Motorcycles,Shipped,37.0,100.0,5016.83,San Francisco,0.0,0.0,0.0,0.0,0.0,0.0,0.0,0.0,1.0,0.0,0.0,0.0,1.0,0.0,0.0,0.0,0.0,0.0,0.0,0.0,0.0,0.0,0.0,1.0,8.520752848313434,4.61512051684126,12.33304085962557,0.925741769291765,0.7447315744112115,0.26951771693185156,0.4989764208970211,1.0,0.47512576858579947
2003-10-11,Los Angeles,Classic Cars,Shipped,38.0,88.55,3364.9,Other,0.0,0.0,0.0,0.0,0.0,0.0,1.0,0.0,0.0,0.0,0.0,1.0,0.0,0.0,0.0,0.0,0.0,0.0,0.0,0.0,0.0,0.0,0.0,1.0,8.121450665456196,4.494797128506721,12.544675977743431,0.14683500879422687,0.32181513563337866,0.3746974174111126,0.29955420485677403,0.829017710479945,0.5030743432084936
2003-10-11,Los Angeles,Classic Cars,Shipped,46.0,100.0,5294.14,Other,0.0,0.0,0.0,0.0,0.0,0.0,1.0,0.0,0.0,0.0,0.0,1.0,0.0,0.0,0.0,0.0,0.0,0.0,0.0,0.0,0.0,0.0,0.0,1.0,8.574544697723747,4.61512051684126,14.161377611660777,1.030671912336684,0.7447315744112115,1.1781755694872693,0.5324534899799247,1.0,0.7266629401900462
2003-10-11,Los Angeles,Classic Cars,Shipped,42.0,37.0,1554.0,Other,0.0,0.0,0.0,0.0,0.0,0.0,1.0,0.0,0.0,0.0,0.0,1.0,0.0,0.0,0.0,0.0,0.0,0.0,0.0,0.0,0.0,0.0,0.0,1.0,7.349230824613334,3.6375861597263857,13.369046010543581,-1.3595110129551404,-2.69113700289788,0.7843978201850537,0.08094101239263607,0.059224083863453125,0.6148686416992699
2003-10-11,Los Angeles,Classic Cars,Shipped,35.0,100.0,4767.7,Other,0.0,0.0,0.0,0.0,0.0,0.0,1.0,0.0,0.0,0.0,0.0,1.0,0.0,0.0,0.0,0.0,0.0,0.0,0.0,0.0,0.0,0.0,0.0,1.0,8.469829010049883,4.61512051684126,11.902530119204657,0.8264061693455361,0.7447315744112115,0.05555988642964223,0.46890126233575835,1.0,0.41922861934041133
2003-10-11,Los Angeles,Classic Cars,Shipped,20.0,100.0,3996.4,Other,0.0,0.0,0.0,0.0,0.0,0.0,1.0,0.0,0.0,0.0,0.0,1.0,0.0,0.0,0.0,0.0,0.0,0.0,0.0,0.0,0.0,0.0,0.0,1.0,8.293399428760441,4.61512051684126,8.268807419728406,0.48225029062040287,0.7447315744112115,-1.7503495890608907,0.3757893537004999,1.0,0.0
2003-10-11,Los Angeles,Classic Cars,Shipped,50.0,100.0,5182.0,Other,0.0,0.0,0.0,0.0,0.0,0.0,1.0,0.0,0.0,0.0,0.0,1.0,0.0,0.0,0.0,0.0,0.0,0.0,0.0,0.0,0.0,0.0,0.0,1.0,8.553139318189707,4.61512051684126,14.925497315272617,0.9889170821707796,0.7447315744112115,1.5579323994073224,0.51891586592397,1.0,0.8384572386808227
2003-10-17,Aaarhus,Classic Cars,Shipped,28.0,100.0,3764.88,Other,0.0,0.0,0.0,0.0,0.0,0.0,1.0,0.0,0.0,0.0,0.0,1.0,0.0,0.0,0.0,0.0,0.0,0.0,0.0,0.0,0.0,0.0,0.0,1.0,8.233736844662694,4.61512051684126,10.308532382015233,0.3658682819623051,0.7447315744112115,-0.7366347457903012,0.3478400874134066,1.0,0.22358859698155265
2003-10-17,Aaarhus,Classic Cars,Shipped,23.0,53.33,1226.59,Other,0.0,0.0,0.0,0.0,0.0,0.0,1.0,0.0,0.0,0.0,0.0,1.0,0.0,0.0,0.0,0.0,0.0,0.0,0.0,0.0,0.0,0.0,0.0,1.0,7.1128081767365146,3.9950765605634317,9.067037908070397,-1.8206935625928005,-1.4346184713642647,-1.353640175122944,0.04141583411405447,0.30307917450646593,0.0838457238680822
2003-10-17,Aaarhus,Classic Cars,Shipped,30.0,100.0,3148.2,Other,0.0,0.0,0.0,0.0,0.0,0.0,1.0,0.0,0.0,0.0,0.0,1.0,0.0,0.0,0.0,0.0,0.0,0.0,0.0,0.0,0.0,0.0,0.0,1.0,8.054903731310311,4.61512051684126,10.779232502977782,0.017023905519726736,0.7447315744112115,-0.5027033539745942,0.2733940199724741,1.0,0.2794857462269409
2003-10-17,Aaarhus,Classic Cars,Shipped,25.0,80.54,2013.5,Other,0.0,0.0,0.0,0.0,0.0,0.0,1.0,0.0,0.0,0.0,0.0,1.0,0.0,0.0,0.0,0.0,0.0,0.0,0.0,0.0,0.0,0.0,0.0,1.0,7.608126304631402,4.401093697391107,9.57572149487329,-0.8544913854505588,-0.007536638258647408,-1.1008315308182302,0.13641219353862502,0.7094047725711556,0.13974287311347044
2003-10-17,Aaarhus,Classic Cars,Shipped,37.0,72.76,2692.12,Other,0.0,0.0,0.0,0.0,0.0,0.0,1.0,0.0,0.0,0.0,0.0,1.0,0.0,0.0,0.0,0.0,0.0,0.0,0.0,0.0,0.0,0.0,0.0,1.0,7.898455651789126,4.300816579248338,12.33304085962557,-0.28815465857912215,-0.35999381456366597,0.26951771693185156,0.21833570376559136,0.593226413403817,0.47512576858579947
2003-10-17,Aaarhus,Classic Cars,Shipped,36.0,100.0,5544.0,Other,0.0,0.0,0.0,0.0,0.0,0.0,1.0,0.0,0.0,0.0,0.0,1.0,0.0,0.0,0.0,0.0,0.0,0.0,0.0,0.0,0.0,0.0,0.0,1.0,8.620651899784468,4.61512051684126,12.119023021201402,1.120611844885367,0.7447315744112115,0.16315383770961095,0.5626167746831604,1.0,0.4471771939631053
2003-10-17,Aaarhus,Classic Cars,Shipped,48.0,100.0,6145.44,Other,0.0,0.0,0.0,0.0,0.0,0.0,1.0,0.0,0.0,0.0,0.0,1.0,0.0,0.0,0.0,0.0,0.0,0.0,0.0,0.0,0.0,0.0,0.0,1.0,8.723628331406777,4.61512051684126,14.546755227281093,1.3214848733987283,0.7447315744112115,1.3697028667658944,0.6352230580094794,1.0,0.7825600894354343
2003-10-17,Aaarhus,Classic Cars,Shipped,23.0,100.0,3187.8,Other,0.0,0.0,0.0,0.0,0.0,0.0,1.0,0.0,0.0,0.0,0.0,1.0,0.0,0.0,0.0,0.0,0.0,0.0,0.0,0.0,0.0,0.0,0.0,1.0,8.06739994945853,4.61512051684126,9.067037908070397,0.04139990248185498,0.7447315744112115,-1.353640175122944,0.2781745613726508,1.0,0.0838457238680822
2003-10-17,Aaarhus,Classic Cars,Shipped,43.0,100.0,6153.73,Other,0.0,0.0,0.0,0.0,0.0,0.0,1.0,0.0,0.0,0.0,0.0,1.0,0.0,0.0,0.0,0.0,0.0,0.0,0.0,0.0,0.0,0.0,0.0,1.0,8.7249761708814,4.61512051684126,13.569968697266269,1.3241140633303647,0.7447315744112115,0.8842535917456676,0.6362238329642134,1.0,0.6428172163219641
2003-10-17,Aaarhus,Classic Cars,Shipped,20.0,77.05,1541.0,Other,0.0,0.0,0.0,0.0,0.0,0.0,1.0,0.0,0.0,0.0,0.0,1.0,0.0,0.0,0.0,0.0,0.0,0.0,0.0,0.0,0.0,0.0,0.0,1.0,7.340835554123275,4.357349646961441,8.268807419728406,-1.3758874146420077,-0.16128960583628874,-1.7503495890608907,0.07937164274106295,0.6572887734074007,0.0
2003-10-17,Aaarhus,Classic Cars,Shipped,25.0,100.0,2759.75,Other,0.0,0.0,0.0,0.0,0.0,0.0,1.0,0.0,0.0,0.0,0.0,1.0,0.0,0.0,0.0,0.0,0.0,0.0,0.0,0.0,0.0,0.0,0.0,1.0,7.9232576609272405,4.61512051684126,9.57572149487329,-0.23977412518618046,0.7447315744112115,-1.1008315308182302,0.22650004757604453,1.0,0.13974287311347044
2003-10-17,Aaarhus,Classic Cars,Shipped,20.0,100.0,2144.6,Other,0.0,0.0,0.0,0.0,0.0,0.0,1.0,0.0,0.0,0.0,0.0,1.0,0.0,0.0,0.0,0.0,0.0,0.0,0.0,0.0,0.0,0.0,0.0,1.0,7.671174512527414,4.61512051684126,8.268807419728406,-0.7315051422598582,0.7447315744112115,-1.7503495890608907,0.15223868287102799,1.0,0.0
2003-10-18,San Francisco,Vintage Cars,Shipped,37.0,33.034,1007.14,San Francisco,0.0,0.0,0.0,0.0,0.0,0.0,0.0,0.0,1.0,0.0,0.0,0.0,0.0,0.0,0.0,0.0,0.0,1.0,0.0,0.0,0.0,0.0,0.0,1.0,6.915862327876034,3.5273600249492447,12.33304085962557,-2.2048699075145137,-3.0785632965340333,0.26951771693185156,0.01492366718807564,0.0,0.47512576858579947
2003-10-18,San Francisco,Vintage Cars,Shipped,48.0,100.0,7209.12,San Francisco,0.0,0.0,0.0,0.0,0.0,0.0,0.0,0.0,1.0,0.0,0.0,0.0,0.0,0.0,0.0,0.0,0.0,1.0,0.0,0.0,0.0,0.0,0.0,1.0,8.883240873691117,4.61512051684126,14.546755227281093,1.6328362598496267,0.7447315744112115,1.3697028667658944,0.7636312973160421,1.0,0.7825600894354343
2003-10-18,San Francisco,Vintage Cars,Shipped,43.0,36.29,1560.47,San Francisco,0.0,0.0,0.0,0.0,0.0,0.0,0.0,0.0,1.0,0.0,0.0,0.0,0.0,0.0,0.0,0.0,0.0,1.0,0.0,0.0,0.0,0.0,0.0,1.0,7.353382964242705,3.6187251941907292,13.569968697266269,-1.3514115590410534,-2.7574301191960484,0.8842535917456676,0.0817220755961498,0.048621688618104675,0.6428172163219641
2003-10-18,San Francisco,Vintage Cars,Shipped,48.0,91.44,4389.12,San Francisco,0.0,0.0,0.0,0.0,0.0,0.0,0.0,0.0,1.0,0.0,0.0,0.0,0.0,0.0,0.0,0.0,0.0,1.0,0.0,0.0,0.0,0.0,0.0,1.0,8.387111840547563,4.52655978540618,14.546755227281093,0.6650522742239224,0.4334555234912512,1.3697028667658944,0.42319880366710005,0.8721739390138279,0.7825600894354343
2003-10-18,San Francisco,Vintage Cars,Shipped,27.0,69.62,1879.74,San Francisco,0.0,0.0,0.0,0.0,0.0,0.0,0.0,0.0,1.0,0.0,0.0,0.0,0.0,0.0,0.0,0.0,0.0,1.0,0.0,0.0,0.0,0.0,0.0,1.0,7.539420595398414,4.25731339050024,10.068010317854855,-0.9885135463699398,-0.5129001939092387,-0.8561708553548468,0.12026458703136175,0.5463369471074875,0.19564002235885858
2003-10-18,San Francisco,Vintage Cars,Shipped,39.0,100.0,3912.09,San Francisco,0.0,0.0,0.0,0.0,0.0,0.0,0.0,0.0,1.0,0.0,0.0,0.0,0.0,0.0,0.0,0.0,0.0,1.0,0.0,0.0,0.0,0.0,0.0,1.0,8.272082622201468,4.61512051684126,12.754015005493859,0.44066823709344094,0.7447315744112115,0.4787359930181514,0.36561138790633596,1.0,0.5310229178311876
2003-10-18,San Francisco,Vintage Cars,Shipped,29.0,100.0,5176.5,San Francisco,0.0,0.0,0.0,0.0,0.0,0.0,0.0,0.0,1.0,0.0,0.0,0.0,0.0,0.0,0.0,0.0,0.0,1.0,0.0,0.0,0.0,0.0,0.0,1.0,8.55207759326974,4.61512051684126,10.54555133395328,0.9868460072970238,0.7447315744112115,-0.6188396341166861,0.5182519018406121,1.0,0.2515371716042467
2003-10-18,San Francisco,Vintage Cars,Shipped,37.0,38.98,1442.26,San Francisco,0.0,0.0,0.0,0.0,0.0,0.0,0.0,0.0,1.0,0.0,0.0,0.0,0.0,0.0,0.0,0.0,0.0,1.0,0.0,0.0,0.0,0.0,0.0,1.0,7.274659722723552,3.6883793290722537,12.33304085962557,-1.504974618949173,-2.512607569914586,0.26951771693185156,0.06745167663365281,0.08879132694203029,0.47512576858579947
2003-10-18,San Francisco,Vintage Cars,Shipped,38.0,100.0,4299.7,San Francisco,0.0,0.0,0.0,0.0,0.0,0.0,0.0,0.0,1.0,0.0,0.0,0.0,0.0,0.0,0.0,0.0,0.0,1.0,0.0,0.0,0.0,0.0,0.0,1.0,8.36653307913036,4.61512051684126,12.544675977743431,0.624909903160911,0.7447315744112115,0.3746974174111126,0.4124039548791254,1.0,0.5030743432084936
2003-10-18,San Francisco,Vintage Cars,Shipped,45.0,51.21,2304.45,San Francisco,0.0,0.0,0.0,0.0,0.0,0.0,0.0,0.0,1.0,0.0,0.0,0.0,0.0,0.0,0.0,0.0,0.0,1.0,0.0,0.0,0.0,0.0,0.0,1.0,7.743031164142015,3.955274047422461,13.966075138951927,-0.5913365327901229,-1.574517599413964,1.0811129658652374,0.1715358935482561,0.27142131828091876,0.6987143655673522
2003-10-20,NYC,Vintage Cars,Shipped,31.0,100.0,3329.09,NYC,0.0,0.0,0.0,1.0,0.0,0.0,0.0,0.0,0.0,0.0,0.0,0.0,0.0,0.0,0.0,0.0,0.0,1.0,0.0,0.0,0.0,0.0,0.0,1.0,8.110754609636293,4.61512051684126,11.009728365329204,0.1259705343524231,0.7447315744112115,-0.388150126800217,0.2952311950704022,1.0,0.30743432084963496
2003-10-20,NYC,Vintage Cars,Shipped,48.0,69.96,3358.08,NYC,0.0,0.0,0.0,1.0,0.0,0.0,0.0,0.0,0.0,0.0,0.0,0.0,0.0,0.0,0.0,0.0,0.0,1.0,0.0,0.0,0.0,0.0,0.0,1.0,8.11942240594077,4.262116338001324,14.546755227281093,0.14287854395022065,-0.4960186426089411,1.3697028667658944,0.2987308893934103,0.5514141504644148,0.7825600894354343
2003-10-20,NYC,Vintage Cars,Shipped,35.050383351588174,91.55,3845.1,NYC,0.0,0.0,0.0,1.0,0.0,0.0,0.0,0.0,0.0,0.0,0.0,0.0,0.0,0.0,0.0,0.0,0.0,1.0,0.0,0.0,0.0,0.0,0.0,1.0,8.254814926850745,4.527749039019507,11.913498472712774,0.40698466303770153,0.4376355495852097,0.06101100506720186,0.35752430537103713,0.8738165636293043,0.42063676220201485
2003-10-20,NYC,Vintage Cars,Shipped,40.0,100.0,4900.8,NYC,0.0,0.0,0.0,1.0,0.0,0.0,0.0,0.0,0.0,0.0,0.0,0.0,0.0,0.0,0.0,0.0,0.0,1.0,0.0,0.0,0.0,0.0,0.0,1.0,8.497357763582126,4.61512051684126,12.961139346341028,0.8801056810309027,0.7447315744112115,0.5816739001387327,0.4849691931530188,1.0,0.5589714924538818
2003-10-20,NYC,Vintage Cars,Shipped,43.0,100.0,4991.44,NYC,0.0,0.0,0.0,1.0,0.0,0.0,0.0,0.0,0.0,0.0,0.0,0.0,0.0,0.0,0.0,0.0,0.0,1.0,0.0,0.0,0.0,0.0,0.0,1.0,8.515680047190713,4.61512051684126,13.569968697266269,0.9158464086882416,0.7447315744112115,0.8842535917456676,0.4959113212467563,1.0,0.6428172163219641
2003-10-20,NYC,Classic Cars,Shipped,21.0,100.0,4860.24,NYC,0.0,0.0,0.0,1.0,0.0,0.0,0.0,0.0,0.0,0.0,0.0,1.0,0.0,0.0,0.0,0.0,0.0,0.0,0.0,0.0,0.0,0.0,0.0,1.0,8.489048828383758,4.61512051684126,8.539972716394377,0.8638976910013096,0.7447315744112115,-1.6155842205467048,0.48007275984011055,1.0,0.027948574622694067
2003-10-21,Graz,Trucks and Buses,Resolved,45.0,100.0,5012.55,Other,0.0,0.0,0.0,0.0,0.0,0.0,1.0,0.0,0.0,0.0,0.0,0.0,0.0,0.0,0.0,0.0,1.0,0.0,0.0,0.0,0.0,0.0,1.0,0.0,8.519899525986952,4.61512051684126,13.966075138951927,0.9240772190901514,0.7447315744112115,1.0811129658652374,0.4984597361194263,1.0,0.6987143655673522
2003-10-21,New Bedford,Vintage Cars,Shipped,43.0,100.0,6930.74,New Bedford,0.0,0.0,0.0,0.0,0.0,1.0,0.0,0.0,0.0,0.0,0.0,0.0,0.0,0.0,0.0,0.0,0.0,1.0,0.0,0.0,0.0,0.0,0.0,1.0,8.843866142919158,4.61512051684126,13.569968697266269,1.55602915658865,0.7447315744112115,0.8842535917456676,0.7300250570387398,1.0,0.6428172163219641
2003-10-21,Graz,Trucks and Buses,Resolved,49.0,54.94,2692.06,Other,0.0,0.0,0.0,0.0,0.0,0.0,1.0,0.0,0.0,0.0,0.0,0.0,0.0,0.0,0.0,0.0,1.0,0.0,0.0,0.0,0.0,0.0,1.0,0.0,7.89843337254855,4.024279687773814,14.736931873780104,-0.28819811802374423,-1.331974399152365,1.464218006289084,0.2183284605210456,0.32712122569662216,0.8105086640581285
2003-10-21,Graz,Trucks and Buses,Resolved,24.0,100.0,2634.96,Other,0.0,0.0,0.0,0.0,0.0,0.0,1.0,0.0,0.0,0.0,0.0,0.0,0.0,0.0,0.0,0.0,1.0,0.0,0.0,0.0,0.0,0.0,1.0,0.0,7.877002721000435,4.61512051684126,9.323544176118064,-0.3300022455475389,0.7447315744112115,-1.226160139275199,0.2114353061283667,1.0,0.11179429849077627
2003-10-21,New Bedford,Ships,Shipped,29.0,100.0,3013.97,New Bedford,0.0,0.0,0.0,0.0,0.0,1.0,0.0,0.0,0.0,0.0,0.0,0.0,0.0,0.0,1.0,0.0,0.0,0.0,0.0,0.0,0.0,0.0,0.0,1.0,8.011345158863026,4.61512051684126,10.54555133395328,-0.06794449188305551,0.7447315744112115,-0.6188396341166861,0.25718967471626936,1.0,0.2515371716042467
2003-10-21,Graz,Trucks and Buses,Resolved,49.0,100.0,6563.06,Other,0.0,0.0,0.0,0.0,0.0,0.0,1.0,0.0,0.0,0.0,0.0,0.0,0.0,0.0,0.0,0.0,1.0,0.0,0.0,0.0,0.0,0.0,1.0,0.0,8.78936459293603,4.61512051684126,14.736931873780104,1.4497146219780783,0.7447315744112115,1.464218006289084,0.6856384544625543,1.0,0.8105086640581285
2003-10-21,Graz,Trucks and Buses,Resolved,36.0,99.17,3570.12,Other,0.0,0.0,0.0,0.0,0.0,0.0,1.0,0.0,0.0,0.0,0.0,0.0,0.0,0.0,0.0,0.0,1.0,0.0,0.0,0.0,0.0,0.0,1.0,0.0,8.18063455106233,4.606868742623673,12.119023021201402,0.26228323469989856,0.7157279782358977,0.16315383770961095,0.3243285156179924,0.9876056506286772,0.4471771939631053
2003-10-21,Graz,Classic Cars,Resolved,39.0,81.93,3195.27,Other,0.0,0.0,0.0,0.0,0.0,0.0,1.0,0.0,0.0,0.0,0.0,1.0,0.0,0.0,0.0,0.0,0.0,0.0,0.0,0.0,0.0,0.0,1.0,0.0,8.069739783918632,4.4179968784631125,12.754015005493859,0.04596414720092319,0.05187519548321731,0.4787359930181514,0.27907634531859316,0.7301615745303587,0.5310229178311876
2003-10-21,New Bedford,Vintage Cars,Shipped,26.0,73.73,1916.98,New Bedford,0.0,0.0,0.0,0.0,0.0,1.0,0.0,0.0,0.0,0.0,0.0,0.0,0.0,0.0,0.0,0.0,0.0,1.0,0.0,0.0,0.0,0.0,0.0,1.0,7.559027827860341,4.313881617942199,9.823805373555334,-0.9502663076246866,-0.3140724046583893,-0.9775373049564378,0.12476022747940663,0.6077113759221098,0.1676914477361645
2003-10-21,Graz,Vintage Cars,Resolved,25.0,53.83,1345.75,Other,0.0,0.0,0.0,0.0,0.0,0.0,1.0,0.0,0.0,0.0,0.0,0.0,0.0,0.0,0.0,0.0,0.0,1.0,0.0,0.0,0.0,0.0,1.0,0.0,7.205449561560643,4.004237489415957,9.57572149487329,-1.6399807990786406,-1.4024193498149662,-1.1008315308182302,0.05580091778185872,0.31054565003135914,0.13974287311347044
2003-10-21,Graz,Classic Cars,Resolved,21.0,100.0,3536.82,Other,0.0,0.0,0.0,0.0,0.0,0.0,1.0,0.0,0.0,0.0,0.0,1.0,0.0,0.0,0.0,0.0,0.0,0.0,0.0,0.0,0.0,0.0,1.0,0.0,8.17126599722425,4.61512051684126,8.539972716394377,0.24400827845410616,0.7447315744112115,-1.6155842205467048,0.32030851489511664,1.0,0.027948574622694067
2003-10-22,Singapore,Classic Cars,Shipped,44.0,100.0,8594.52,Singapore,0.0,0.0,0.0,0.0,0.0,0.0,0.0,0.0,0.0,0.0,1.0,1.0,0.0,0.0,0.0,0.0,0.0,0.0,0.0,0.0,0.0,0.0,0.0,1.0,9.058996416277747,4.61512051684126,13.768958087112637,1.9756773115465174,0.7447315744112115,0.9831485417366043,0.930877813876767,1.0,0.670765790944658
2003-10-22,Singapore,Trucks and Buses,Shipped,48.0,45.99,2207.52,Singapore,0.0,0.0,0.0,0.0,0.0,0.0,0.0,0.0,0.0,0.0,1.0,0.0,0.0,0.0,0.0,0.0,1.0,0.0,0.0,0.0,0.0,0.0,0.0,1.0,7.700077886915884,3.849934813114724,14.546755227281093,-0.6751241990071141,-1.9447672612099636,1.3697028667658944,0.15983443198464198,0.19347131380103344,0.7825600894354343
2003-10-22,Singapore,Classic Cars,Shipped,28.0,100.0,3337.6,Singapore,0.0,0.0,0.0,0.0,0.0,0.0,0.0,0.0,0.0,0.0,1.0,1.0,0.0,0.0,0.0,0.0,0.0,0.0,0.0,0.0,0.0,0.0,0.0,1.0,8.113306836421287,4.61512051684126,10.308532382015233,0.13094908639270955,0.7447315744112115,-0.7366347457903012,0.29625852858847046,1.0,0.22358859698155265
2003-10-22,Singapore,Classic Cars,Shipped,29.0,100.0,5032.95,Singapore,0.0,0.0,0.0,0.0,0.0,0.0,0.0,0.0,0.0,0.0,1.0,1.0,0.0,0.0,0.0,0.0,0.0,0.0,0.0,0.0,0.0,0.0,0.0,1.0,8.523960243186657,4.61512051684126,10.54555133395328,0.931998338019896,0.7447315744112115,-0.6188396341166861,0.5009224392649718,1.0,0.2515371716042467
2003-10-22,Singapore,Trucks and Buses,Shipped,32.0,100.0,4661.76,Singapore,0.0,0.0,0.0,0.0,0.0,0.0,0.0,0.0,0.0,0.0,1.0,0.0,0.0,0.0,0.0,0.0,1.0,0.0,0.0,0.0,0.0,0.0,0.0,1.0,8.44736282647238,4.61512051684126,11.237179911736995,0.7825820606319799,0.7447315744112115,-0.2751098821684491,0.45611210688286163,1.0,0.335382895472329
2003-10-22,Singapore,Classic Cars,Shipped,27.0,100.0,5559.03,Singapore,0.0,0.0,0.0,0.0,0.0,0.0,0.0,0.0,0.0,0.0,1.0,1.0,0.0,0.0,0.0,0.0,0.0,0.0,0.0,0.0,0.0,0.0,0.0,1.0,8.623358782913524,4.61512051684126,10.068010317854855,1.125892080405272,0.7447315744112115,-0.8561708553548468,0.5644312074418638,1.0,0.19564002235885858
2003-10-22,Singapore,Classic Cars,Shipped,27.0,33.034,883.5186,Singapore,0.0,0.0,0.0,0.0,0.0,0.0,0.0,0.0,0.0,0.0,1.0,1.0,0.0,0.0,0.0,0.0,0.0,0.0,0.0,0.0,0.0,0.0,0.0,1.0,6.785043542208585,3.5273600249492447,10.068010317854855,-2.4600541788033214,-3.0785632965340333,-0.8561708553548468,0.0,0.0,0.19564002235885858
2003-10-22,Singapore,Trucks and Buses,Shipped,31.0,71.1,2204.1,Singapore,0.0,0.0,0.0,0.0,0.0,0.0,0.0,0.0,0.0,0.0,1.0,0.0,0.0,0.0,0.0,0.0,1.0,0.0,0.0,0.0,0.0,0.0,0.0,1.0,7.698528138326522,4.278054044290903,11.009728365329204,-0.67814724697717,-0.4400002900710633,-0.388150126800217,0.15942156704553578,0.5684377146611712,0.30743432084963496
2003-10-22,Singapore,Classic Cars,Shipped,25.0,69.36,1734.0,Singapore,0.0,0.0,0.0,0.0,0.0,0.0,0.0,0.0,0.0,0.0,1.0,1.0,0.0,0.0,0.0,0.0,0.0,0.0,0.0,0.0,0.0,0.0,0.0,1.0,7.45876269238096,4.253624919869357,9.57572149487329,-1.1458504922846873,-0.5258645467698199,-1.1008315308182302,0.10267074602980258,0.5424543798345429,0.13974287311347044
2003-10-22,Singapore,Trains,Shipped,44.0,53.44,2351.36,Singapore,0.0,0.0,0.0,0.0,0.0,0.0,0.0,0.0,0.0,0.0,1.0,0.0,0.0,0.0,0.0,1.0,0.0,0.0,0.0,0.0,0.0,0.0,0.0,1.0,7.763174358530334,3.9970991777832654,13.768958087112637,-0.5520438092322176,-1.4275093125925344,0.9831485417366043,0.1771989035755866,0.3047217991219424,0.670765790944658
2003-10-22,Singapore,Trucks and Buses,Shipped,48.0,94.92,4556.16,Singapore,0.0,0.0,0.0,0.0,0.0,0.0,0.0,0.0,0.0,0.0,1.0,0.0,0.0,0.0,0.0,0.0,1.0,0.0,0.0,0.0,0.0,0.0,0.0,1.0,8.424454901466033,4.5635145107192585,14.546755227281093,0.73789626019699,0.5633451571006967,1.3697028667658944,0.44336399648239055,0.9241406086670847,0.7825600894354343
2003-10-22,Singapore,Classic Cars,Shipped,34.0,100.0,4880.02,Singapore,0.0,0.0,0.0,0.0,0.0,0.0,0.0,0.0,0.0,0.0,1.0,1.0,0.0,0.0,0.0,0.0,0.0,0.0,0.0,0.0,0.0,0.0,0.0,1.0,8.493109493399752,4.61512051684126,11.683463549954297,0.8718187081378573,0.7447315744112115,-0.05331314156158311,0.4824606161253503,1.0,0.39128004471771716
2003-10-22,Singapore,Classic Cars,Shipped,35.050383351588174,99.36,2384.64,Singapore,0.0,0.0,0.0,0.0,0.0,0.0,0.0,0.0,0.0,0.0,1.0,1.0,0.0,0.0,0.0,0.0,0.0,0.0,0.0,0.0,0.0,0.0,0.0,1.0,7.777222711140193,4.608763721498222,11.913498472712774,-0.5246401102507249,0.7223885097275402,0.06101100506720186,0.18121648988361377,0.9904429113281366,0.42063676220201485
2003-10-22,Singapore,Trains,Shipped,50.0,100.0,5344.5,Singapore,0.0,0.0,0.0,0.0,0.0,0.0,0.0,0.0,0.0,0.0,1.0,0.0,0.0,0.0,0.0,1.0,0.0,0.0,0.0,0.0,0.0,0.0,0.0,1.0,8.584010364453555,4.61512051684126,14.925497315272617,1.0491363037800436,0.7447315744112115,1.5579323994073224,0.5385329865686341,1.0,0.8384572386808227
2003-10-22,Singapore,Trucks and Buses,Shipped,46.0,100.0,5984.14,Singapore,0.0,0.0,0.0,0.0,0.0,0.0,0.0,0.0,0.0,0.0,1.0,0.0,0.0,0.0,0.0,0.0,1.0,0.0,0.0,0.0,0.0,0.0,0.0,1.0,8.697035009531355,4.61512051684126,14.161377611660777,1.2696100801165204,0.7447315744112115,1.1781755694872693,0.6157508022557296,1.0,0.7266629401900462
2003-10-22,Singapore,Classic Cars,Shipped,47.0,100.0,8754.69,Singapore,0.0,0.0,0.0,0.0,0.0,0.0,0.0,0.0,0.0,0.0,1.0,1.0,0.0,0.0,0.0,0.0,0.0,0.0,0.0,0.0,0.0,0.0,0.0,1.0,9.077459053721809,4.61512051684126,14.35492029635209,2.011691823210071,0.7447315744112115,1.2743635830212399,0.9502136551915723,1.0,0.7546115148127404
2003-10-22,Singapore,Trains,Shipped,38.0,66.78,2537.64,Singapore,0.0,0.0,0.0,0.0,0.0,0.0,0.0,0.0,0.0,0.0,1.0,0.0,0.0,0.0,0.0,1.0,0.0,0.0,0.0,0.0,0.0,0.0,0.0,1.0,7.839383783546241,4.2162671661789055,12.544675977743431,-0.40338437558283174,-0.6571707572264118,0.3746974174111126,0.1996867634752053,0.5039273661260939,0.5030743432084936
2003-10-22,Singapore,Trucks and Buses,Shipped,48.0,100.0,6825.6,Singapore,0.0,0.0,0.0,0.0,0.0,0.0,0.0,0.0,0.0,0.0,1.0,0.0,0.0,0.0,0.0,0.0,1.0,0.0,0.0,0.0,0.0,0.0,0.0,1.0,8.82858202481265,4.61512051684126,14.546755227281093,1.5262148870141268,0.7447315744112115,1.3697028667658944,0.717332478179786,1.0,0.7825600894354343
2003-10-23,Boras,Vintage Cars,Cancelled,29.0,83.86,2431.94,Other,0.0,0.0,0.0,0.0,0.0,0.0,1.0,0.0,0.0,0.0,0.0,0.0,0.0,0.0,0.0,0.0,0.0,1.0,1.0,0.0,0.0,0.0,0.0,0.0,7.796855681566983,4.441002839774179,10.54555133395328,-0.48634266523139097,0.13273727361291088,-0.6188396341166861,0.18692658100049148,0.7589821700564465,0.2515371716042467
2003-10-23,Boras,Ships,Cancelled,33.0,100.0,3812.16,Other,0.0,0.0,0.0,0.0,0.0,0.0,1.0,0.0,0.0,0.0,0.0,0.0,0.0,0.0,1.0,0.0,0.0,0.0,1.0,0.0,0.0,0.0,0.0,0.0,8.246213520687135,4.61512051684126,11.461717832632248,0.39020615869124187,0.7447315744112115,-0.16351766875873364,0.35354776411543565,1.0,0.3633314700950231
2003-10-23,Boras,Planes,Cancelled,40.0,41.71,1668.4,Other,0.0,0.0,0.0,0.0,0.0,0.0,1.0,0.0,0.0,0.0,0.0,0.0,0.0,1.0,0.0,0.0,0.0,0.0,1.0,0.0,0.0,0.0,0.0,0.0,7.420219559416636,3.754433084853375,12.961139346341028,-1.2210354227096756,-2.280439746605094,0.5816739001387327,0.09475146532647968,0.12955828330794739,0.5589714924538818
2003-10-23,Boras,Vintage Cars,Cancelled,32.0,63.12,2019.84,Other,0.0,0.0,0.0,0.0,0.0,0.0,1.0,0.0,0.0,0.0,0.0,0.0,0.0,0.0,0.0,0.0,0.0,1.0,1.0,0.0,0.0,0.0,0.0,0.0,7.611268545541259,4.160756327741352,11.237179911736995,-0.8483619105994921,-0.8522820022680603,-0.2751098821684491,0.137177563045623,0.4492727652838754,0.335382895472329
2003-10-23,Boras,Ships,Cancelled,46.0,73.12,3363.52,Other,0.0,0.0,0.0,0.0,0.0,0.0,1.0,0.0,0.0,0.0,0.0,0.0,0.0,0.0,1.0,0.0,0.0,0.0,1.0,0.0,0.0,0.0,0.0,0.0,8.12104058703038,4.3056854014171595,14.161377611660777,0.1460350811406478,-0.3428807249043605,1.1781755694872693,0.29938761023222243,0.59860227578174,0.7266629401900462
2003-10-23,Boras,Ships,Cancelled,24.0,100.0,2812.8,Other,0.0,0.0,0.0,0.0,0.0,0.0,1.0,0.0,0.0,0.0,0.0,0.0,0.0,0.0,1.0,0.0,0.0,0.0,1.0,0.0,0.0,0.0,0.0,0.0,7.942291161943113,4.61512051684126,9.323544176118064,-0.20264604711979917,0.7447315744112115,-1.226160139275199,0.23290428296188725,1.0,0.11179429849077627
2003-10-23,Boras,Classic Cars,Cancelled,44.0,100.0,5924.16,Other,0.0,0.0,0.0,0.0,0.0,0.0,1.0,0.0,0.0,0.0,0.0,1.0,0.0,0.0,0.0,0.0,0.0,0.0,1.0,0.0,0.0,0.0,0.0,0.0,8.686962969858135,4.61512051684126,13.768958087112637,1.2499628552069695,0.7447315744112115,0.9831485417366043,0.608509972124856,1.0,0.670765790944658
2003-10-23,Boras,Ships,Cancelled,46.0,70.11,3225.06,Other,0.0,0.0,0.0,0.0,0.0,0.0,1.0,0.0,0.0,0.0,0.0,0.0,0.0,0.0,1.0,0.0,0.0,0.0,1.0,0.0,0.0,0.0,0.0,0.0,8.079016857396264,4.2642279738954265,14.161377611660777,0.06406065545853881,-0.48859659819437984,1.1781755694872693,0.28267261623554424,0.5536540931218827,0.7266629401900462
2003-10-23,Boras,Ships,Cancelled,28.0,100.0,3003.0,Other,0.0,0.0,0.0,0.0,0.0,0.0,1.0,0.0,0.0,0.0,0.0,0.0,0.0,0.0,1.0,0.0,0.0,0.0,1.0,0.0,0.0,0.0,0.0,0.0,8.007700012884026,4.61512051684126,10.308532382015233,-0.07505496852940713,0.7447315744112115,-0.7366347457903012,0.2558653681718265,1.0,0.22358859698155265
2003-10-23,Boras,Ships,Cancelled,29.0,100.0,2940.02,Other,0.0,0.0,0.0,0.0,0.0,0.0,1.0,0.0,0.0,0.0,0.0,0.0,0.0,0.0,1.0,0.0,0.0,0.0,1.0,0.0,0.0,0.0,0.0,0.0,7.986511738938897,4.61512051684126,10.54555133395328,-0.11638629735170802,0.7447315744112115,-0.6188396341166861,0.24826237581366678,1.0,0.2515371716042467
2003-10-23,Boras,Vintage Cars,Cancelled,35.050383351588174,100.0,3599.58,Other,0.0,0.0,0.0,0.0,0.0,0.0,1.0,0.0,0.0,0.0,0.0,0.0,0.0,0.0,0.0,0.0,0.0,1.0,1.0,0.0,0.0,0.0,0.0,0.0,8.188850222578312,4.61512051684126,11.913498472712774,0.2783092980688372,0.7447315744112115,0.06101100506720186,0.327884948689942,1.0,0.42063676220201485
2003-10-23,Boras,Vintage Cars,Cancelled,20.0,79.66,1593.2,Other,0.0,0.0,0.0,0.0,0.0,0.0,1.0,0.0,0.0,0.0,0.0,0.0,0.0,0.0,0.0,0.0,0.0,1.0,1.0,0.0,0.0,0.0,0.0,0.0,7.374127321993823,4.390242789445222,8.268807419728406,-1.310946164189199,-0.045675751605595685,-1.7503495890608907,0.08567326549584123,0.6962637756473433,0.0
2003-10-23,Boras,Ships,Cancelled,38.0,48.59,1846.42,Other,0.0,0.0,0.0,0.0,0.0,0.0,1.0,0.0,0.0,0.0,0.0,0.0,0.0,0.0,1.0,0.0,0.0,0.0,1.0,0.0,0.0,0.0,0.0,0.0,7.521545350125675,3.9037892005010426,12.544675977743431,-1.023382249788639,-1.7554781625464593,0.3746974174111126,0.11624217189363736,0.23229698653047826,0.5030743432084936
2003-10-23,Boras,Ships,Cancelled,43.0,75.34,3239.62,Other,0.0,0.0,0.0,0.0,0.0,0.0,1.0,0.0,0.0,0.0,0.0,0.0,0.0,0.0,1.0,0.0,0.0,0.0,1.0,0.0,0.0,0.0,0.0,0.0,8.083519948504454,4.3351970473170836,13.569968697266269,0.072844699868735,-0.23915226147572827,0.8842535917456676,0.28443031024530613,0.631753427112266,0.6428172163219641
2003-10-23,Boras,Planes,Cancelled,21.0,69.88,1467.48,Other,0.0,0.0,0.0,0.0,0.0,0.0,1.0,0.0,0.0,0.0,0.0,0.0,0.0,1.0,0.0,0.0,0.0,0.0,1.0,0.0,0.0,0.0,0.0,0.0,7.291983131206469,4.2609883062968255,8.539972716394377,-1.4711823669618387,-0.49998348400759296,-1.6155842205467048,0.07049625375770471,0.5502195143804318,0.027948574622694067
2003-10-23,Boras,Planes,Cancelled,43.0,100.0,5763.72,Other,0.0,0.0,0.0,0.0,0.0,0.0,1.0,0.0,0.0,0.0,0.0,0.0,0.0,1.0,0.0,0.0,0.0,0.0,1.0,0.0,0.0,0.0,0.0,0.0,8.659511862573085,4.61512051684126,13.569968697266269,1.196414805721067,0.7447315744112115,0.8842535917456676,0.589141536209595,1.0,0.6428172163219641
2003-10-28,Burlingame,Planes,Shipped,31.0,100.0,3431.39,Other,0.0,0.0,0.0,0.0,0.0,0.0,1.0,0.0,0.0,0.0,0.0,0.0,0.0,1.0,0.0,0.0,0.0,0.0,0.0,0.0,0.0,0.0,0.0,1.0,8.141012090515368,4.61512051684126,11.009728365329204,0.18499289241642095,0.7447315744112115,-0.388150126800217,0.3075809270208585,1.0,0.30743432084963496
2003-10-28,Burlingame,Motorcycles,Shipped,20.0,100.0,4183.0,Other,0.0,0.0,0.0,0.0,0.0,0.0,1.0,0.0,0.0,0.0,0.0,0.0,1.0,0.0,0.0,0.0,0.0,0.0,0.0,0.0,0.0,0.0,0.0,1.0,8.339023005744759,4.61512051684126,8.268807419728406,0.5712468302758595,0.7447315744112115,-1.7503495890608907,0.39831584423769584,1.0,0.0
2003-10-28,Burlingame,Motorcycles,Shipped,50.0,100.0,5747.5,Other,0.0,0.0,0.0,0.0,0.0,0.0,1.0,0.0,0.0,0.0,0.0,0.0,1.0,0.0,0.0,0.0,0.0,0.0,0.0,0.0,0.0,0.0,0.0,1.0,8.656694230193795,4.61512051684126,14.925497315272617,1.1909185349691218,0.7447315744112115,1.5579323994073224,0.5871834457674014,1.0,0.8384572386808227
2003-10-28,Burlingame,Motorcycles,Shipped,46.0,61.18,2814.28,Other,0.0,0.0,0.0,0.0,0.0,0.0,1.0,0.0,0.0,0.0,0.0,0.0,1.0,0.0,0.0,0.0,0.0,0.0,0.0,0.0,0.0,0.0,0.0,1.0,7.942817002767582,4.130033404630607,14.161377611660777,-0.20162030523631153,-0.9602679010254659,1.1781755694872693,0.23308294966068172,0.4203028402472897,0.7266629401900462
2003-10-28,Burlingame,Vintage Cars,Shipped,31.0,73.61,2281.91,Other,0.0,0.0,0.0,0.0,0.0,0.0,1.0,0.0,0.0,0.0,0.0,0.0,0.0,0.0,0.0,0.0,0.0,1.0,0.0,0.0,0.0,0.0,0.0,1.0,7.733206223939332,4.312274546483423,11.009728365329204,-0.6105017481931396,-0.3197209900881583,-0.388150126800217,0.16881484801391317,0.6059194217961352,0.30743432084963496
2003-10-28,Burlingame,Planes,Shipped,49.0,100.0,6433.7,Other,0.0,0.0,0.0,0.0,0.0,0.0,1.0,0.0,0.0,0.0,0.0,0.0,0.0,1.0,0.0,0.0,0.0,0.0,0.0,0.0,0.0,0.0,0.0,1.0,8.769460498896859,4.61512051684126,14.736931873780104,1.4108883042811566,0.7447315744112115,1.464218006289084,0.6700220192219772,1.0,0.8105086640581285
2003-10-28,Burlingame,Planes,Shipped,39.0,82.91,3233.49,Other,0.0,0.0,0.0,0.0,0.0,0.0,1.0,0.0,0.0,0.0,0.0,0.0,0.0,1.0,0.0,0.0,0.0,0.0,0.0,0.0,0.0,0.0,0.0,1.0,8.081626543811305,4.4297447958819784,12.754015005493859,0.06915129227126413,0.09316714600599596,0.4787359930181514,0.2836902920942182,0.7447958665591494,0.5310229178311876
2003-10-28,Burlingame,Planes,Shipped,48.0,96.0,4608.0,Other,0.0,0.0,0.0,0.0,0.0,0.0,1.0,0.0,0.0,0.0,0.0,0.0,0.0,1.0,0.0,0.0,0.0,0.0,0.0,0.0,0.0,0.0,0.0,1.0,8.435766192720509,4.574710978503383,14.546755227281093,0.7599608558999836,0.6026988550616221,1.3697028667658944,0.4496221597698945,0.9402681958008541,0.7825600894354343
2003-10-28,Burlingame,Planes,Shipped,21.0,70.96,1490.16,Other,0.0,0.0,0.0,0.0,0.0,0.0,1.0,0.0,0.0,0.0,0.0,0.0,0.0,1.0,0.0,0.0,0.0,0.0,0.0,0.0,0.0,0.0,0.0,1.0,7.307309619537222,4.2761104090823325,8.539972716394377,-1.4412854470650143,-0.4468318403795253,-1.6155842205467048,0.0732342001959877,0.5663471015142012,0.027948574622694067
2003-10-28,Burlingame,Vintage Cars,Shipped,48.0,51.93,2492.64,Other,0.0,0.0,0.0,0.0,0.0,0.0,1.0,0.0,0.0,0.0,0.0,0.0,0.0,0.0,0.0,0.0,0.0,1.0,0.0,0.0,0.0,0.0,0.0,1.0,7.821498769389597,3.9689702858698963,14.546755227281093,-0.4382721348695986,-1.5263776287148612,1.3697028667658944,0.1942543300659137,0.28217304303676494,0.7825600894354343
2003-10-28,Burlingame,Motorcycles,Shipped,29.0,75.41,2186.89,Other,0.0,0.0,0.0,0.0,0.0,0.0,1.0,0.0,0.0,0.0,0.0,0.0,1.0,0.0,0.0,0.0,0.0,0.0,0.0,0.0,0.0,0.0,0.0,1.0,7.690692888055046,4.336113577659475,10.54555133395328,-0.6934312340642759,-0.2359308117326548,-0.6188396341166861,0.1573439630683378,0.632798733685751,0.2515371716042467
2003-10-28,Burlingame,Motorcycles,Shipped,36.0,96.66,3479.76,Other,0.0,0.0,0.0,0.0,0.0,0.0,1.0,0.0,0.0,0.0,0.0,0.0,1.0,0.0,0.0,0.0,0.0,0.0,0.0,0.0,0.0,0.0,0.0,1.0,8.155005939729318,4.581492058633514,12.119023021201402,0.21229027326251024,0.6265332092914804,0.16315383770961095,0.3134201893321349,0.9501239434937132,0.4471771939631053
2003-10-28,Burlingame,Planes,Shipped,48.0,78.25,3756.0,Other,0.0,0.0,0.0,0.0,0.0,0.0,1.0,0.0,0.0,0.0,0.0,0.0,0.0,1.0,0.0,0.0,0.0,0.0,0.0,0.0,0.0,0.0,0.0,1.0,8.231376045573969,4.37260741275739,14.546755227281093,0.36126314217261846,-0.10766112958204344,1.3697028667658944,0.34676808722063973,0.6752083146671446,0.7825600894354343
2003-10-28,Burlingame,Motorcycles,Shipped,28.0,100.0,3244.36,Other,0.0,0.0,0.0,0.0,0.0,0.0,1.0,0.0,0.0,0.0,0.0,0.0,1.0,0.0,0.0,0.0,0.0,0.0,0.0,0.0,0.0,0.0,0.0,1.0,8.084981562892365,4.61512051684126,10.308532382015233,0.07569582710234396,0.7447315744112115,-0.7366347457903012,0.2850025265644182,1.0,0.22358859698155265
2003-10-28,Burlingame,Planes,Shipped,36.0,100.0,4527.72,Other,0.0,0.0,0.0,0.0,0.0,0.0,1.0,0.0,0.0,0.0,0.0,0.0,0.0,1.0,0.0,0.0,0.0,0.0,0.0,0.0,0.0,0.0,0.0,1.0,8.41819461784288,4.61512051684126,12.119023021201402,0.7256845131892131,0.7447315744112115,0.16315383770961095,0.43993069856771827,1.0,0.4471771939631053
2003-10-28,Burlingame,Motorcycles,Shipped,27.0,100.0,3660.93,Other,0.0,0.0,0.0,0.0,0.0,0.0,1.0,0.0,0.0,0.0,0.0,0.0,1.0,0.0,0.0,0.0,0.0,0.0,0.0,0.0,0.0,0.0,0.0,1.0,8.205745609814182,4.61512051684126,10.068010317854855,0.31126662188078336,0.7447315744112115,-0.8561708553548468,0.3352911662379429,1.0,0.19564002235885858
2003-10-28,Burlingame,Planes,Shipped,27.0,73.02,1971.54,Other,0.0,0.0,0.0,0.0,0.0,0.0,1.0,0.0,0.0,0.0,0.0,0.0,0.0,1.0,0.0,0.0,0.0,0.0,0.0,0.0,0.0,0.0,0.0,1.0,7.587077331348383,4.30433532695801,10.068010317854855,-0.8955509846602565,-0.34762600917744735,-0.8561708553548468,0.13134675118631667,0.5971089806767613,0.19564002235885858
2003-10-28,Burlingame,Planes,Shipped,28.0,98.65,2762.2,Other,0.0,0.0,0.0,0.0,0.0,0.0,1.0,0.0,0.0,0.0,0.0,0.0,0.0,1.0,0.0,0.0,0.0,0.0,0.0,0.0,0.0,0.0,0.0,1.0,7.924144707392414,4.6016640466588035,10.308532382015233,-0.23804379032135412,0.6974343487690802,-0.7366347457903012,0.22679581339499483,0.9798405160827883,0.22358859698155265
2003-11-04,North Sydney,Classic Cars,Shipped,33.0,100.0,4910.4,Other,0.0,0.0,0.0,0.0,0.0,0.0,1.0,0.0,0.0,0.0,0.0,1.0,0.0,0.0,0.0,0.0,0.0,0.0,0.0,0.0,0.0,0.0,0.0,1.0,8.499314312528945,4.61512051684126,11.461717832632248,0.8839222622251661,0.7447315744112115,-0.16351766875873364,0.48612811228033426,1.0,0.3633314700950231
2003-11-04,North Sydney,Motorcycles,Shipped,35.0,100.0,4639.25,Other,0.0,0.0,0.0,0.0,0.0,0.0,1.0,0.0,0.0,0.0,0.0,0.0,1.0,0.0,0.0,0.0,0.0,0.0,0.0,0.0,0.0,0.0,0.0,1.0,8.442523523079208,4.61512051684126,11.902530119204657,0.7731421770278666,0.7447315744112115,0.05555988642964223,0.45339468297079155,1.0,0.41922861934041133
2003-11-04,North Sydney,Motorcycles,Shipped,48.0,80.55,3866.4,Other,0.0,0.0,0.0,0.0,0.0,0.0,1.0,0.0,0.0,0.0,0.0,0.0,1.0,0.0,0.0,0.0,0.0,0.0,0.0,0.0,0.0,0.0,0.0,1.0,8.260337725616491,4.401216329067023,14.546755227281093,0.41775782051138616,-0.007105608577903721,1.3697028667658944,0.36009565718476855,0.7095541020816534,0.7825600894354343
2003-11-04,Graz,Classic Cars,Shipped,20.0,63.14,1262.8,Other,0.0,0.0,0.0,0.0,0.0,0.0,1.0,0.0,0.0,0.0,0.0,1.0,0.0,0.0,0.0,0.0,0.0,0.0,0.0,0.0,0.0,0.0,0.0,1.0,7.141878334339355,4.161068194265009,8.268807419728406,-1.7639872803392007,-0.8511858439784346,-1.7503495890608907,0.0457871321973978,0.4495714243048712,0.0
2003-11-04,North Sydney,Motorcycles,Shipped,38.0,68.39,2598.82,Other,0.0,0.0,0.0,0.0,0.0,0.0,1.0,0.0,0.0,0.0,0.0,0.0,1.0,0.0,0.0,0.0,0.0,0.0,0.0,0.0,0.0,0.0,0.0,1.0,7.863197490843782,4.239742764911457,12.544675977743431,-0.3569316928706113,-0.5746579826813288,0.3746974174111126,0.2070724584969934,0.5279694173162501,0.5030743432084936
2003-11-04,North Sydney,Motorcycles,Shipped,34.0,100.0,3920.88,Other,0.0,0.0,0.0,0.0,0.0,0.0,1.0,0.0,0.0,0.0,0.0,0.0,1.0,0.0,0.0,0.0,0.0,0.0,0.0,0.0,0.0,0.0,0.0,1.0,8.274326409653835,4.61512051684126,11.683463549954297,0.4450451258027937,0.7447315744112115,-0.05331314156158311,0.3666725232322843,1.0,0.39128004471771716
2003-11-04,North Sydney,Classic Cars,Shipped,36.0,63.84,2298.24,Other,0.0,0.0,0.0,0.0,0.0,0.0,1.0,0.0,0.0,0.0,0.0,1.0,0.0,0.0,0.0,0.0,0.0,0.0,0.0,0.0,0.0,0.0,0.0,1.0,7.74033391252903,4.171922696867475,12.119023021201402,-0.5965979804012623,-0.813034096019205,0.16315383770961095,0.17078621773777386,0.4600244900397217,0.4471771939631053
2003-11-04,North Sydney,Classic Cars,Shipped,32.0,70.76,2264.32,Other,0.0,0.0,0.0,0.0,0.0,0.0,1.0,0.0,0.0,0.0,0.0,1.0,0.0,0.0,0.0,0.0,0.0,0.0,0.0,0.0,0.0,0.0,0.0,1.0,7.7254713082912065,4.27332721775054,11.237179911736995,-0.6255900155476839,-0.4566142890187397,-0.2751098821684491,0.1666913701545923,0.5633605113042439,0.335382895472329
2003-11-04,North Sydney,Classic Cars,Shipped,34.0,50.21,1707.14,Other,0.0,0.0,0.0,0.0,0.0,0.0,1.0,0.0,0.0,0.0,0.0,1.0,0.0,0.0,0.0,0.0,0.0,0.0,0.0,0.0,0.0,0.0,0.0,1.0,7.443160338202501,3.935934825474459,11.683463549954297,-1.1762855353949409,-1.6424917064283295,-0.05331314156158311,0.09942818688816765,0.2564883672311322,0.39128004471771716
2003-11-04,North Sydney,Classic Cars,Shipped,24.0,94.58,2269.92,Other,0.0,0.0,0.0,0.0,0.0,0.0,1.0,0.0,0.0,0.0,0.0,1.0,0.0,0.0,0.0,0.0,0.0,0.0,0.0,0.0,0.0,0.0,0.0,1.0,7.727940314712734,4.559963593150012,9.323544176118064,-0.6207737989678527,0.5508642800778202,-1.226160139275199,0.16736740631219305,0.9190634053101574,0.11179429849077627
2003-11-04,Graz,Classic Cars,Shipped,34.0,100.0,3819.56,Other,0.0,0.0,0.0,0.0,0.0,0.0,1.0,0.0,0.0,0.0,0.0,1.0,0.0,0.0,0.0,0.0,0.0,0.0,0.0,0.0,0.0,0.0,0.0,1.0,8.24815228771499,4.61512051684126,11.683463549954297,0.39398805323091246,0.7447315744112115,-0.05331314156158311,0.35444109760940806,1.0,0.39128004471771716
2003-11-04,Graz,Classic Cars,Shipped,41.0,100.0,4391.1,Other,0.0,0.0,0.0,0.0,0.0,0.0,1.0,0.0,0.0,0.0,0.0,1.0,0.0,0.0,0.0,0.0,0.0,0.0,0.0,0.0,0.0,0.0,0.0,1.0,8.387562751600473,4.61512051684126,13.166125611826143,0.6659318528552781,0.7447315744112115,0.6835492136397722,0.42343783073710894,1.0,0.5869200670765757
2003-11-04,North Sydney,Classic Cars,Shipped,36.0,100.0,4444.92,Other,0.0,0.0,0.0,0.0,0.0,0.0,1.0,0.0,0.0,0.0,0.0,1.0,0.0,0.0,0.0,0.0,0.0,0.0,0.0,0.0,0.0,0.0,0.0,1.0,8.399742100660049,4.61512051684126,12.119023021201402,0.6896897428149094,0.7447315744112115,0.16315383770961095,0.42993502109462167,1.0,0.4471771939631053
2003-11-04,Graz,Classic Cars,Shipped,47.0,100.0,5464.69,Other,0.0,0.0,0.0,0.0,0.0,0.0,1.0,0.0,0.0,0.0,0.0,1.0,0.0,0.0,0.0,0.0,0.0,0.0,0.0,0.0,0.0,0.0,0.0,1.0,8.606245650646256,4.61512051684126,14.35492029635209,1.092510007908491,0.7447315744112115,1.2743635830212399,0.55304241260114,1.0,0.7546115148127404
2003-11-04,North Sydney,Motorcycles,Shipped,38.0,74.11,2816.18,Other,0.0,0.0,0.0,0.0,0.0,0.0,1.0,0.0,0.0,0.0,0.0,0.0,1.0,0.0,0.0,0.0,0.0,0.0,0.0,0.0,0.0,0.0,0.0,1.0,7.943491663598576,4.31895370569792,12.544675977743431,-0.20030426464133275,-0.2962448707058528,0.3746974174111126,0.23331231907129618,0.6133858973210287,0.5030743432084936
2003-11-04,North Sydney,Classic Cars,Shipped,30.0,100.0,5019.9,Other,0.0,0.0,0.0,0.0,0.0,0.0,1.0,0.0,0.0,0.0,0.0,1.0,0.0,0.0,0.0,0.0,0.0,0.0,0.0,0.0,0.0,0.0,0.0,1.0,8.521364479485047,4.61512051684126,10.779232502977782,0.9269348598255859,0.7447315744112115,-0.5027033539745942,0.4993470335762772,1.0,0.2794857462269409
2003-11-04,North Sydney,Motorcycles,Shipped,26.0,39.83,1035.58,Other,0.0,0.0,0.0,0.0,0.0,0.0,1.0,0.0,0.0,0.0,0.0,0.0,1.0,0.0,0.0,0.0,0.0,0.0,0.0,0.0,0.0,0.0,0.0,1.0,6.943682111724214,3.709417105331484,9.823805373555334,-2.150602691743557,-2.438663330656451,-0.9775373049564378,0.018356965102747952,0.10148433533434875,0.1676914477361645
2003-11-05,Bergamo,Vintage Cars,Shipped,22.0,100.0,3452.68,Other,0.0,0.0,0.0,0.0,0.0,0.0,1.0,0.0,0.0,0.0,0.0,0.0,0.0,0.0,0.0,0.0,0.0,1.0,0.0,0.0,0.0,0.0,0.0,1.0,8.147195608207403,4.61512051684126,8.805943150564206,0.1970548944308308,0.7447315744112115,-1.4834006262023,0.31015107162716554,1.0,0.055897149245388134
2003-11-05,Montreal,Classic Cars,Shipped,35.0,100.0,4680.2,Other,0.0,0.0,0.0,0.0,0.0,0.0,1.0,0.0,0.0,0.0,0.0,1.0,0.0,0.0,0.0,0.0,0.0,0.0,0.0,0.0,0.0,0.0,0.0,1.0,8.45130976630061,4.61512051684126,11.902530119204657,0.7902812374646414,0.7447315744112115,0.05555988642964223,0.4583381973732469,1.0,0.41922861934041133
2003-11-05,Bergamo,Vintage Cars,Shipped,31.0,33.034,977.43,Other,0.0,0.0,0.0,0.0,0.0,0.0,1.0,0.0,0.0,0.0,0.0,0.0,0.0,0.0,0.0,0.0,0.0,1.0,0.0,0.0,0.0,0.0,0.0,1.0,6.885949246208689,3.5273600249492447,11.009728365329204,-2.2632204563927796,-3.0785632965340333,-0.388150126800217,0.011337053930518884,0.0,0.30743432084963496
2003-11-05,Bridgewater,Classic Cars,Shipped,22.0,98.51,2167.22,Other,0.0,0.0,0.0,0.0,0.0,0.0,1.0,0.0,0.0,0.0,0.0,1.0,0.0,0.0,0.0,0.0,0.0,0.0,0.0,0.0,0.0,0.0,0.0,1.0,7.681661833425954,4.600258141627071,8.805943150564206,-0.7110478407521914,0.6924928294392975,-1.4834006262023,0.15496938606476518,0.9777499029358183,0.055897149245388134
2003-11-05,Bergamo,Classic Cars,Shipped,27.0,41.22,1112.94,Other,0.0,0.0,0.0,0.0,0.0,0.0,1.0,0.0,0.0,0.0,0.0,1.0,0.0,0.0,0.0,0.0,0.0,0.0,0.0,0.0,0.0,0.0,0.0,1.0,7.015658559072636,3.7428940424201746,10.068010317854855,-2.010200400338289,-2.320997536743012,-0.8561708553548468,0.02769592173703242,0.1222411372935519,0.19564002235885858
2003-11-05,Bergamo,Vintage Cars,Shipped,31.0,100.0,4492.83,Other,0.0,0.0,0.0,0.0,0.0,0.0,1.0,0.0,0.0,0.0,0.0,0.0,0.0,0.0,0.0,0.0,0.0,1.0,0.0,0.0,0.0,0.0,0.0,1.0,8.410460623814371,4.61512051684126,11.009728365329204,0.7105980436103396,0.7447315744112115,-0.388150126800217,0.4357187518643808,1.0,0.30743432084963496
2003-11-05,Bergamo,Vintage Cars,Shipped,29.0,95.24,2761.96,Other,0.0,0.0,0.0,0.0,0.0,0.0,1.0,0.0,0.0,0.0,0.0,0.0,0.0,0.0,0.0,0.0,0.0,1.0,0.0,0.0,0.0,0.0,0.0,1.0,7.924057847800889,4.566845071666424,10.54555133395328,-0.238213224714546,0.5750515177210559,-0.6188396341166861,0.22676684041681194,0.9289191530030163,0.2515371716042467
2003-11-05,Montreal,Classic Cars,Shipped,39.0,100.0,5481.45,Other,0.0,0.0,0.0,0.0,0.0,0.0,1.0,0.0,0.0,0.0,0.0,1.0,0.0,0.0,0.0,0.0,0.0,0.0,0.0,0.0,0.0,0.0,0.0,1.0,8.609307360323417,4.61512051684126,12.754015005493859,1.0984823929056289,0.7447315744112115,0.4787359930181514,0.555065692244245,1.0,0.5310229178311876
2003-11-05,Bergamo,Vintage Cars,Shipped,26.0,57.51,1495.26,Other,0.0,0.0,0.0,0.0,0.0,0.0,1.0,0.0,0.0,0.0,0.0,0.0,0.0,0.0,0.0,0.0,0.0,1.0,0.0,0.0,0.0,0.0,0.0,1.0,7.310723940224953,4.069197679800145,9.823805373555334,-1.434625234373085,-1.1740952246396728,-0.9775373049564378,0.07384987598237408,0.36549890989457334,0.1676914477361645
2003-11-05,Bergamo,Vintage Cars,Shipped,31.0,89.01,2759.31,Other,0.0,0.0,0.0,0.0,0.0,0.0,1.0,0.0,0.0,0.0,0.0,0.0,0.0,0.0,0.0,0.0,0.0,1.0,0.0,0.0,0.0,0.0,0.0,1.0,7.923098271244487,4.499920775268994,11.009728365329204,-0.24008504184724655,0.33982389080765585,-0.388150126800217,0.22644693044937586,0.8358868679628468,0.30743432084963496
2003-11-05,Bergamo,Vintage Cars,Shipped,28.0,53.72,1504.16,Other,0.0,0.0,0.0,0.0,0.0,0.0,1.0,0.0,0.0,0.0,0.0,0.0,0.0,0.0,0.0,0.0,0.0,1.0,0.0,0.0,0.0,0.0,0.0,1.0,7.316654483824584,4.002229273314295,10.308532382015233,-1.4230567013134272,-1.4094778910825225,-0.7366347457903012,0.07492429058998953,0.30890302541588266,0.22358859698155265
2003-11-05,Bridgewater,Classic Cars,Shipped,48.0,100.0,5493.12,Other,0.0,0.0,0.0,0.0,0.0,0.0,1.0,0.0,0.0,0.0,0.0,1.0,0.0,0.0,0.0,0.0,0.0,0.0,0.0,0.0,0.0,0.0,0.0,1.0,8.611433708426151,4.61512051684126,14.546755227281093,1.1026301962072285,0.7447315744112115,1.3697028667658944,0.556474503308388,1.0,0.7825600894354343
2003-11-05,Bridgewater,Classic Cars,Shipped,24.0,81.33,1951.92,Other,0.0,0.0,0.0,0.0,0.0,0.0,1.0,0.0,0.0,0.0,0.0,1.0,0.0,0.0,0.0,0.0,0.0,0.0,0.0,0.0,0.0,0.0,0.0,1.0,7.57708096741608,4.410735561310335,9.323544176118064,-0.9150505911776805,0.02635288902563254,-1.226160139275199,0.12897821021986552,0.7212018039004868,0.11179429849077627
2003-11-05,Montreal,Classic Cars,Shipped,35.0,100.0,4508.0,Other,0.0,0.0,0.0,0.0,0.0,0.0,1.0,0.0,0.0,0.0,0.0,1.0,0.0,0.0,0.0,0.0,0.0,0.0,0.0,0.0,0.0,0.0,0.0,1.0,8.413830678421084,4.61512051684126,11.902530119204657,0.7171719077891704,0.7447315744112115,0.05555988642964223,0.43755008552702424,1.0,0.41922861934041133
2003-11-05,Bergamo,Vintage Cars,Shipped,21.0,75.46,1584.66,Other,0.0,0.0,0.0,0.0,0.0,0.0,1.0,0.0,0.0,0.0,0.0,0.0,0.0,0.0,0.0,0.0,0.0,1.0,0.0,0.0,0.0,0.0,0.0,1.0,7.368756003424873,4.336767728268267,8.539972716394377,-1.3214238337982256,-0.23363158254933508,-1.6155842205467048,0.08464231035550013,0.6335453812382401,0.027948574622694067
2003-11-05,Bridgewater,Classic Cars,Shipped,22.0,74.51,1639.22,Other,0.0,0.0,0.0,0.0,0.0,0.0,1.0,0.0,0.0,0.0,0.0,1.0,0.0,0.0,0.0,0.0,0.0,0.0,0.0,0.0,0.0,0.0,0.0,1.0,7.4025856581628915,4.324265097815334,8.805943150564206,-1.2554333436080904,-0.2775762222382418,-1.4834006262023,0.09122883406241014,0.6193590777409432,0.055897149245388134
2003-11-05,Bridgewater,Classic Cars,Shipped,32.0,75.69,2422.08,Other,0.0,0.0,0.0,0.0,0.0,0.0,1.0,0.0,0.0,0.0,0.0,1.0,0.0,0.0,0.0,0.0,0.0,0.0,0.0,0.0,0.0,0.0,0.0,1.0,7.792794737192652,4.339771321776768,11.237179911736995,-0.4942642273038483,-0.22307445739076204,-0.2751098821684491,0.1857362744801444,0.636979959979691,0.335382895472329
2003-11-05,Bridgewater,Classic Cars,Shipped,39.0,100.0,6023.16,Other,0.0,0.0,0.0,0.0,0.0,0.0,1.0,0.0,0.0,0.0,0.0,1.0,0.0,0.0,0.0,0.0,0.0,0.0,0.0,0.0,0.0,0.0,0.0,1.0,8.703533329551975,4.61512051684126,12.754015005493859,1.282286157566734,0.7447315744112115,0.4787359930181514,0.6204613256252977,1.0,0.5310229178311876
2003-11-05,Bergamo,Vintage Cars,Shipped,43.0,100.0,5036.16,Other,0.0,0.0,0.0,0.0,0.0,0.0,1.0,0.0,0.0,0.0,0.0,0.0,0.0,0.0,0.0,0.0,0.0,1.0,0.0,0.0,0.0,0.0,0.0,1.0,8.524597710180604,4.61512051684126,13.569968697266269,0.9332418257154209,0.7447315744112115,0.8842535917456676,0.5013099528481679,1.0,0.6428172163219641
2003-11-05,Bergamo,Vintage Cars,Shipped,24.0,100.0,3508.8,Other,0.0,0.0,0.0,0.0,0.0,0.0,1.0,0.0,0.0,0.0,0.0,0.0,0.0,0.0,0.0,0.0,0.0,1.0,0.0,0.0,0.0,0.0,0.0,1.0,8.163314334779507,4.61512051684126,9.323544176118064,0.22849720964129425,0.7447315744112115,-1.226160139275199,0.3169259196922644,1.0,0.11179429849077627
2003-11-05,Montreal,Classic Cars,Shipped,36.0,35.49,1277.64,Other,0.0,0.0,0.0,0.0,0.0,0.0,1.0,0.0,0.0,0.0,0.0,1.0,0.0,0.0,0.0,0.0,0.0,0.0,0.0,0.0,0.0,0.0,0.0,1.0,7.153552292060398,3.5970382504483562,12.119023021201402,-1.741215242065785,-2.833656072790366,0.16315383770961095,0.04757862801503979,0.036675327778275646,0.4471771939631053
2003-11-05,Bridgewater,Classic Cars,Shipped,42.0,100.0,4965.24,Other,0.0,0.0,0.0,0.0,0.0,0.0,1.0,0.0,0.0,0.0,0.0,1.0,0.0,0.0,0.0,0.0,0.0,0.0,0.0,0.0,0.0,0.0,0.0,1.0,8.510418293535038,4.61512051684126,13.369046010543581,0.9055824640607621,0.7447315744112115,0.7843978201850537,0.49274843779512434,1.0,0.6148686416992699
2003-11-05,Bergamo,Classic Cars,Shipped,39.0,71.98,2807.22,Other,0.0,0.0,0.0,0.0,0.0,0.0,1.0,0.0,0.0,0.0,0.0,1.0,0.0,0.0,0.0,0.0,0.0,0.0,0.0,0.0,0.0,0.0,0.0,1.0,7.9403061096550385,4.290185431008302,12.754015005493859,-0.20651822892471375,-0.3973605095680884,0.4787359930181514,0.23223066121913505,0.5815787115849835,0.5310229178311876
2003-11-05,Bergamo,Classic Cars,Shipped,23.0,100.0,2728.03,Other,0.0,0.0,0.0,0.0,0.0,0.0,1.0,0.0,0.0,0.0,0.0,1.0,0.0,0.0,0.0,0.0,0.0,0.0,0.0,0.0,0.0,0.0,0.0,1.0,7.911701513685658,4.61512051684126,9.067037908070397,-0.26231635410004417,0.7447315744112115,-1.353640175122944,0.22267078562620607,1.0,0.0838457238680822
2003-11-05,Bergamo,Classic Cars,Shipped,35.0,33.23,1163.05,Other,0.0,0.0,0.0,0.0,0.0,0.0,1.0,0.0,0.0,0.0,0.0,1.0,0.0,0.0,0.0,0.0,0.0,0.0,0.0,0.0,0.0,0.0,0.0,1.0,7.05966058269529,3.533102452542094,11.902530119204657,-1.9243669760629416,-3.0583796309880205,0.05555988642964223,0.03374523814013469,0.002926858405758126,0.41922861934041133
2003-11-05,Bergamo,Vintage Cars,Shipped,22.0,100.0,2571.14,Other,0.0,0.0,0.0,0.0,0.0,0.0,1.0,0.0,0.0,0.0,0.0,0.0,0.0,0.0,0.0,0.0,0.0,1.0,0.0,0.0,0.0,0.0,0.0,1.0,7.852493516224491,4.61512051684126,8.805943150564206,-0.3778116142762526,0.7447315744112115,-1.4834006262023,0.20373090834656687,1.0,0.055897149245388134
2003-11-05,Bergamo,Vintage Cars,Shipped,48.0,44.21,2122.08,Other,0.0,0.0,0.0,0.0,0.0,0.0,1.0,0.0,0.0,0.0,0.0,0.0,0.0,0.0,0.0,0.0,0.0,1.0,0.0,0.0,0.0,0.0,0.0,1.0,7.660623143518016,3.811318301306514,14.546755227281093,-0.7520873804913543,-2.0804977943839735,1.3697028667658944,0.1495200517515336,0.16689066093241345,0.7825600894354343
2003-11-05,Bridgewater,Classic Cars,Shipped,34.0,42.76,1453.84,Other,0.0,0.0,0.0,0.0,0.0,0.0,1.0,0.0,0.0,0.0,0.0,1.0,0.0,0.0,0.0,0.0,0.0,0.0,0.0,0.0,0.0,0.0,0.0,1.0,7.28265120792319,3.7787201581137255,11.683463549954297,-1.4893858690859152,-2.1950747758061846,-0.05331314156158311,0.0688496228309772,0.14523788191022313,0.39128004471771716
2003-11-06,London,Classic Cars,Shipped,42.0,85.98,3611.16,Other,0.0,0.0,0.0,0.0,0.0,0.0,1.0,0.0,0.0,0.0,0.0,1.0,0.0,0.0,0.0,0.0,0.0,0.0,0.0,0.0,0.0,0.0,0.0,1.0,8.192061210344285,4.465678207169493,13.369046010543581,0.2845728753448112,0.2194670328792156,0.7843978201850537,0.32928289488726636,0.7906400262819939,0.6148686416992699
2003-11-06,London,Trucks and Buses,Shipped,22.0,100.0,2436.72,Other,0.0,0.0,0.0,0.0,0.0,0.0,1.0,0.0,0.0,0.0,0.0,0.0,0.0,0.0,0.0,0.0,1.0,0.0,0.0,0.0,0.0,0.0,0.0,1.0,7.7988184552093935,4.61512051684126,8.805943150564206,-0.4825139417106222,0.7447315744112115,-1.4834006262023,0.1875036261493006,1.0,0.055897149245388134
2003-11-06,Reggio Emilia,Trains,Shipped,38.0,64.44,2448.72,Other,0.0,0.0,0.0,0.0,0.0,0.0,1.0,0.0,0.0,0.0,0.0,0.0,0.0,0.0,0.0,1.0,0.0,0.0,0.0,0.0,0.0,0.0,0.0,1.0,7.803729011293377,4.181133692294492,12.544675977743431,-0.4729350676252175,-0.7806589988954262,0.3746974174111126,0.18895227505844503,0.46898426066959353,0.5030743432084936
2003-11-06,London,Trucks and Buses,Shipped,48.0,100.0,5891.04,Other,0.0,0.0,0.0,0.0,0.0,0.0,1.0,0.0,0.0,0.0,0.0,0.0,0.0,0.0,0.0,0.0,1.0,0.0,0.0,0.0,0.0,0.0,0.0,1.0,8.681357566425737,4.61512051684126,14.546755227281093,1.2390285632940907,0.7447315744112115,1.3697028667658944,0.6045117011356175,1.0,0.7825600894354343
2003-11-06,London,Classic Cars,Shipped,37.0,33.034,1151.44,Other,0.0,0.0,0.0,0.0,0.0,0.0,1.0,0.0,0.0,0.0,0.0,1.0,0.0,0.0,0.0,0.0,0.0,0.0,0.0,0.0,0.0,0.0,0.0,1.0,7.049636712778069,3.5273600249492447,12.33304085962557,-1.9439202376780003,-3.0785632965340333,0.26951771693185156,0.032343670320537476,0.0,0.47512576858579947
2003-11-06,Reggio Emilia,Classic Cars,Shipped,27.0,68.78,1857.06,Other,0.0,0.0,0.0,0.0,0.0,0.0,1.0,0.0,0.0,0.0,0.0,1.0,0.0,0.0,0.0,0.0,0.0,0.0,0.0,0.0,0.0,0.0,0.0,1.0,7.527288211640327,4.245347435758628,10.068010317854855,-1.0121798225282723,-0.5549585088881116,-0.8561708553548468,0.11752664059307874,0.5337932682256668,0.19564002235885858
2003-11-06,London,Trucks and Buses,Shipped,29.0,74.98,2174.42,Other,0.0,0.0,0.0,0.0,0.0,0.0,1.0,0.0,0.0,0.0,0.0,0.0,0.0,0.0,0.0,0.0,1.0,0.0,0.0,0.0,0.0,0.0,0.0,1.0,7.68497702832899,4.330470147759479,10.54555133395328,-0.7045809897476111,-0.25576651706670583,-0.6188396341166861,0.15583857541025192,0.6263775647343428,0.2515371716042467
2003-11-06,London,Trucks and Buses,Shipped,41.0,69.28,2840.48,Other,0.0,0.0,0.0,0.0,0.0,0.0,1.0,0.0,0.0,0.0,0.0,0.0,0.0,0.0,0.0,0.0,1.0,0.0,0.0,0.0,0.0,0.0,0.0,1.0,7.952080322176421,4.252487263318897,13.166125611826143,-0.18355062662708585,-0.5298632178805035,0.6835492136397722,0.23624583311231373,0.54125974375056,0.5869200670765757
2003-11-06,London,Trucks and Buses,Shipped,28.0,100.0,2969.96,Other,0.0,0.0,0.0,0.0,0.0,0.0,1.0,0.0,0.0,0.0,0.0,0.0,0.0,0.0,0.0,0.0,1.0,0.0,0.0,0.0,0.0,0.0,0.0,1.0,7.996640411891665,4.61512051684126,10.308532382015233,-0.09662859960678914,0.7447315744112115,-0.7366347457903012,0.25187675484198213,1.0,0.22358859698155265
2003-11-06,London,Trucks and Buses,Shipped,50.0,63.31,3165.5,Other,0.0,0.0,0.0,0.0,0.0,0.0,1.0,0.0,0.0,0.0,0.0,0.0,0.0,0.0,0.0,0.0,1.0,0.0,0.0,0.0,0.0,0.0,0.0,1.0,8.060382155956486,4.163715140146772,14.925497315272617,0.027710503732757682,-0.8418822751424184,1.5579323994073224,0.2754824888164907,0.45211002598333483,0.8384572386808227
2003-11-06,Reggio Emilia,Classic Cars,Shipped,36.0,100.0,5532.12,Other,0.0,0.0,0.0,0.0,0.0,0.0,1.0,0.0,0.0,0.0,0.0,1.0,0.0,0.0,0.0,0.0,0.0,0.0,0.0,0.0,0.0,0.0,0.0,1.0,8.618507130716425,4.61512051684126,12.119023021201402,1.1164281083606868,0.7447315744112115,0.16315383770961095,0.5611826122631074,1.0,0.4471771939631053
2003-11-06,South Brisbane,Classic Cars,Shipped,34.0,100.0,8014.82,Other,0.0,0.0,0.0,0.0,0.0,0.0,1.0,0.0,0.0,0.0,0.0,1.0,0.0,0.0,0.0,0.0,0.0,0.0,0.0,0.0,0.0,0.0,0.0,1.0,8.989172367982706,4.61512051684126,11.683463549954297,1.8394736402488847,0.7447315744112115,-0.05331314156158311,0.8608959994908479,1.0,0.39128004471771716
2003-11-06,South Brisbane,Vintage Cars,Shipped,49.0,44.78,2194.22,Other,0.0,0.0,0.0,0.0,0.0,0.0,1.0,0.0,0.0,0.0,0.0,0.0,0.0,0.0,0.0,0.0,0.0,1.0,0.0,0.0,0.0,0.0,0.0,1.0,7.694037548277235,3.8238473145244205,14.736931873780104,-0.6869069059476881,-2.036460423720963,1.464218006289084,0.15822884611034016,0.17540244303079178,0.8105086640581285
2003-11-06,Reggio Emilia,Trains,Shipped,22.0,64.0,1408.0,Other,0.0,0.0,0.0,0.0,0.0,0.0,1.0,0.0,0.0,0.0,0.0,0.0,0.0,0.0,0.0,1.0,0.0,0.0,0.0,0.0,0.0,0.0,0.0,1.0,7.25063551189868,4.174387269895637,8.805943150564206,-1.5518379245620084,-0.8043715370387343,-1.4834006262023,0.06331578399804547,0.4624137622076875,0.055897149245388134
2003-11-06,London,Trucks and Buses,Shipped,47.0,100.0,5121.59,Other,0.0,0.0,0.0,0.0,0.0,0.0,1.0,0.0,0.0,0.0,0.0,0.0,0.0,0.0,0.0,0.0,1.0,0.0,0.0,0.0,0.0,0.0,0.0,1.0,8.541415449504832,4.61512051684126,14.35492029635209,0.966047684081114,0.7447315744112115,1.2743635830212399,0.5116231258738521,1.0,0.7546115148127404
2003-11-06,South Brisbane,Vintage Cars,Shipped,46.0,100.0,5592.22,Other,0.0,0.0,0.0,0.0,0.0,0.0,1.0,0.0,0.0,0.0,0.0,0.0,0.0,0.0,0.0,0.0,0.0,1.0,0.0,0.0,0.0,0.0,0.0,1.0,8.62931042893088,4.61512051684126,14.161377611660777,1.1375017773166078,0.7447315744112115,1.1781755694872693,0.5684379288830724,1.0,0.7266629401900462
2003-11-06,Reggio Emilia,Classic Cars,Shipped,29.0,100.0,2915.66,Other,0.0,0.0,0.0,0.0,0.0,0.0,1.0,0.0,0.0,0.0,0.0,1.0,0.0,0.0,0.0,0.0,0.0,0.0,0.0,0.0,0.0,0.0,0.0,1.0,7.978194404966652,4.61512051684126,10.54555133395328,-0.13261067061693826,0.7447315744112115,-0.6188396341166861,0.24532161852810358,1.0,0.2515371716042467
2003-11-06,Reggio Emilia,Trucks and Buses,Shipped,23.0,100.0,3114.89,Other,0.0,0.0,0.0,0.0,0.0,0.0,1.0,0.0,0.0,0.0,0.0,0.0,0.0,0.0,0.0,0.0,1.0,0.0,0.0,0.0,0.0,0.0,0.0,1.0,8.044270104698715,4.61512051684126,9.067037908070397,-0.0037187901427723075,0.7447315744112115,-1.353640175122944,0.26937281204217406,1.0,0.0838457238680822
2003-11-06,London,Classic Cars,Shipped,29.0,100.0,4419.89,Other,0.0,0.0,0.0,0.0,0.0,0.0,1.0,0.0,0.0,0.0,0.0,1.0,0.0,0.0,0.0,0.0,0.0,0.0,0.0,0.0,0.0,0.0,0.0,1.0,8.394096312268113,4.61512051684126,10.54555133395328,0.6786766731758941,0.7447315744112115,-0.6188396341166861,0.42691338091163133,1.0,0.2515371716042467
2003-11-06,London,Classic Cars,Shipped,33.0,100.0,5362.83,Other,0.0,0.0,0.0,0.0,0.0,0.0,1.0,0.0,0.0,0.0,0.0,1.0,0.0,0.0,0.0,0.0,0.0,0.0,0.0,0.0,0.0,0.0,0.0,1.0,8.58743355113275,4.61512051684126,11.461717832632248,1.0558138110949096,0.7447315744112115,-0.16351766875873364,0.5407457977773523,1.0,0.3633314700950231
2003-11-06,Reggio Emilia,Classic Cars,Shipped,50.0,100.0,7872.5,Other,0.0,0.0,0.0,0.0,0.0,0.0,1.0,0.0,0.0,0.0,0.0,1.0,0.0,0.0,0.0,0.0,0.0,0.0,0.0,0.0,0.0,0.0,0.0,1.0,8.971257969360463,4.61512051684126,14.925497315272617,1.8045285615687088,0.7447315744112115,1.5579323994073224,0.843715023428395,1.0,0.8384572386808227
2003-11-06,London,Trucks and Buses,Shipped,26.0,100.0,3543.28,Other,0.0,0.0,0.0,0.0,0.0,0.0,1.0,0.0,0.0,0.0,0.0,0.0,0.0,0.0,0.0,0.0,1.0,0.0,0.0,0.0,0.0,0.0,0.0,1.0,8.17309031537611,4.61512051684126,9.823805373555334,0.24756692101301708,0.7447315744112115,-0.9775373049564378,0.32108837089120607,1.0,0.1676914477361645
2003-11-06,Reggio Emilia,Classic Cars,Shipped,47.0,100.0,8378.69,Other,0.0,0.0,0.0,0.0,0.0,0.0,1.0,0.0,0.0,0.0,0.0,1.0,0.0,0.0,0.0,0.0,0.0,0.0,0.0,0.0,0.0,0.0,0.0,1.0,9.033566199951782,4.61512051684126,14.35492029635209,1.9260713532833464,0.7447315744112115,1.2743635830212399,0.9048226560383801,1.0,0.7546115148127404
2003-11-06,Reggio Emilia,Classic Cars,Shipped,33.0,100.0,7474.5,Other,0.0,0.0,0.0,0.0,0.0,0.0,1.0,0.0,0.0,0.0,0.0,1.0,0.0,0.0,0.0,0.0,0.0,0.0,0.0,0.0,0.0,0.0,0.0,1.0,8.919386285653983,4.61512051684126,11.461717832632248,1.7033440280200587,0.7447315744112115,-0.16351766875873364,0.7956681679417712,1.0,0.3633314700950231
2003-11-06,Reggio Emilia,Classic Cars,Shipped,20.0,100.0,3667.6,Other,0.0,0.0,0.0,0.0,0.0,0.0,1.0,0.0,0.0,0.0,0.0,1.0,0.0,0.0,0.0,0.0,0.0,0.0,0.0,0.0,0.0,0.0,0.0,1.0,8.20756539688025,4.61512051684126,8.268807419728406,0.3148164257868981,0.7447315744112115,-1.7503495890608907,0.3360963735899424,1.0,0.0
2003-11-06,South Brisbane,Trucks and Buses,Shipped,48.0,93.34,4480.32,Other,0.0,0.0,0.0,0.0,0.0,0.0,1.0,0.0,0.0,0.0,0.0,0.0,0.0,0.0,0.0,0.0,1.0,0.0,0.0,0.0,0.0,0.0,0.0,1.0,8.40767292486749,4.546905277856116,14.546755227281093,0.7051601631048544,0.5049665017907065,1.3697028667658944,0.43420853537659776,0.9005465460084221,0.7825600894354343
2003-11-06,South Brisbane,Trucks and Buses,Shipped,43.0,100.0,6817.22,Other,0.0,0.0,0.0,0.0,0.0,0.0,1.0,0.0,0.0,0.0,0.0,0.0,0.0,0.0,0.0,0.0,1.0,0.0,0.0,0.0,0.0,0.0,0.0,1.0,8.827353719704398,4.61512051684126,13.569968697266269,1.5238188691763939,0.7447315744112115,0.8842535917456676,0.7163208383582335,1.0,0.6428172163219641
2003-11-07,Madrid,Ships,Shipped,44.0,92.16,4055.04,Madrid,1.0,0.0,0.0,0.0,0.0,0.0,0.0,0.0,0.0,0.0,0.0,0.0,0.0,0.0,1.0,0.0,0.0,0.0,0.0,0.0,0.0,0.0,0.0,1.0,8.30796240715533,4.53431844501614,13.768958087112637,0.5106578546451999,0.4607259048971575,0.9831485417366043,0.382868418036519,0.8829256637696741,0.670765790944658
2003-11-07,Madrid,Ships,Shipped,31.0,88.34,2738.54,Madrid,1.0,0.0,0.0,0.0,0.0,0.0,0.0,0.0,0.0,0.0,0.0,0.0,0.0,0.0,1.0,0.0,0.0,0.0,0.0,0.0,0.0,0.0,0.0,1.0,7.915545302076473,4.492449315923973,11.009728365329204,-0.2548183916744345,0.31356296994757754,-0.388150126800217,0.22393956062913173,0.82588179075949,0.30743432084963496
2003-11-07,Madrid,Trains,Shipped,29.0,100.0,3070.52,Madrid,1.0,0.0,0.0,0.0,0.0,0.0,0.0,0.0,0.0,0.0,0.0,0.0,0.0,0.0,0.0,1.0,0.0,0.0,0.0,0.0,0.0,0.0,0.0,1.0,8.02992783205926,4.61512051684126,10.54555133395328,-0.03169583008739118,0.7447315744112115,-0.6188396341166861,0.2640164327006125,1.0,0.2515371716042467
2003-11-07,Madrid,Ships,Shipped,50.0,100.0,6083.0,Madrid,1.0,0.0,0.0,0.0,0.0,0.0,0.0,0.0,0.0,0.0,0.0,0.0,0.0,0.0,1.0,0.0,0.0,0.0,0.0,0.0,0.0,0.0,0.0,1.0,8.713417653379183,4.61512051684126,14.925497315272617,1.3015672108203595,0.7447315744112115,1.5579323994073224,0.6276852548522313,1.0,0.8384572386808227
2003-11-07,Madrid,Ships,Shipped,32.0,76.62,2451.84,Madrid,1.0,0.0,0.0,0.0,0.0,0.0,0.0,0.0,0.0,0.0,0.0,0.0,0.0,0.0,1.0,0.0,0.0,0.0,0.0,0.0,0.0,0.0,0.0,1.0,7.805001815877597,4.35182512594076,11.237179911736995,-0.47045224599787805,-0.180707366492461,-0.2751098821684491,0.18932892377482263,0.6508676044559927,0.335382895472329
2003-11-07,Madrid,Ships,Shipped,40.0,50.23,2009.2,Madrid,1.0,0.0,0.0,0.0,0.0,0.0,0.0,0.0,0.0,0.0,0.0,0.0,0.0,0.0,1.0,0.0,0.0,0.0,0.0,0.0,0.0,0.0,0.0,1.0,7.605989498590639,3.936325297951111,12.961139346341028,-0.858659588737385,-1.6411192614568892,0.5816739001387327,0.1358930943461816,0.2567870262521279,0.5589714924538818
2003-11-07,Madrid,Vintage Cars,Shipped,35.0,74.6,2611.0,Madrid,1.0,0.0,0.0,0.0,0.0,0.0,0.0,0.0,0.0,0.0,0.0,0.0,0.0,0.0,0.0,0.0,0.0,1.0,0.0,0.0,0.0,0.0,0.0,1.0,7.867871490396322,4.3254562831854875,11.902530119204657,-0.34781426249749126,-0.27338940634448655,0.05555988642964223,0.20854283713977495,0.6207030433354239,0.41922861934041133
2003-11-07,Madrid,Ships,Shipped,24.0,76.0,1824.0,Madrid,1.0,0.0,0.0,0.0,0.0,0.0,0.0,0.0,0.0,0.0,0.0,0.0,0.0,0.0,1.0,0.0,0.0,0.0,0.0,0.0,0.0,0.0,0.0,1.0,7.509335266016592,4.343805421853684,9.323544176118064,-1.0472000936850958,-0.20889527525653404,-1.226160139275199,0.11353561284838584,0.6416091748051249,0.11179429849077627
2003-11-07,Madrid,Vintage Cars,Shipped,23.0,100.0,3675.63,Madrid,1.0,0.0,0.0,0.0,0.0,0.0,0.0,0.0,0.0,0.0,0.0,0.0,0.0,0.0,0.0,0.0,0.0,1.0,0.0,0.0,0.0,0.0,0.0,1.0,8.209751850728258,4.61512051684126,9.067037908070397,0.3190814755583346,0.7447315744112115,-1.353640175122944,0.3370657611516449,1.0,0.0838457238680822
2003-11-07,Madrid,Ships,Shipped,24.0,100.0,2526.48,Madrid,1.0,0.0,0.0,0.0,0.0,0.0,0.0,0.0,0.0,0.0,0.0,0.0,0.0,0.0,1.0,0.0,0.0,0.0,0.0,0.0,0.0,0.0,0.0,1.0,7.834978037905851,4.61512051684126,9.323544176118064,-0.41197853111630894,0.7447315744112115,-1.226160139275199,0.198339519989701,1.0,0.11179429849077627
2003-11-07,Madrid,Vintage Cars,Shipped,45.0,72.58,3266.1,Madrid,1.0,0.0,0.0,0.0,0.0,0.0,0.0,0.0,0.0,0.0,0.0,0.0,0.0,0.0,0.0,0.0,0.0,1.0,0.0,0.0,0.0,0.0,0.0,1.0,8.091658020254139,4.2983732496766285,13.966075138951927,0.08871939170709478,-0.3685817063736534,1.0811129658652374,0.2876269955048182,0.5905384822148552,0.6987143655673522
2003-11-08,Toulouse,Planes,Shipped,45.0,51.15,2301.75,Other,0.0,0.0,0.0,0.0,0.0,0.0,1.0,0.0,0.0,0.0,0.0,0.0,0.0,1.0,0.0,0.0,0.0,0.0,0.0,0.0,0.0,0.0,0.0,1.0,7.741859339868345,3.9541241814467813,13.966075138951927,-0.593622375162297,-1.5785591845973372,1.0811129658652374,0.17120994754369862,0.2705253412179315,0.6987143655673522
2003-11-08,Toulouse,Planes,Shipped,45.0,76.25,3431.25,Other,0.0,0.0,0.0,0.0,0.0,0.0,1.0,0.0,0.0,0.0,0.0,0.0,0.0,1.0,0.0,0.0,0.0,0.0,0.0,0.0,0.0,0.0,0.0,1.0,8.140971301777714,4.347046915777855,13.966075138951927,0.18491332705245794,-0.19750197021662894,1.0811129658652374,0.30756402611691847,0.6453424125675715,0.6987143655673522
2003-11-08,Toulouse,Planes,Shipped,30.0,72.33,2169.9,Other,0.0,0.0,0.0,0.0,0.0,0.0,1.0,0.0,0.0,0.0,0.0,0.0,0.0,1.0,0.0,0.0,0.0,0.0,0.0,0.0,0.0,0.0,0.0,1.0,7.68289710709471,4.294969802105708,10.779232502977782,-0.7086382295530403,-0.38054425119709845,-0.5027033539745942,0.15529291765447417,0.5868052444524086,0.2794857462269409
2003-11-08,Toulouse,Planes,Shipped,42.0,100.0,6490.68,Other,0.0,0.0,0.0,0.0,0.0,0.0,1.0,0.0,0.0,0.0,0.0,0.0,0.0,1.0,0.0,0.0,0.0,0.0,0.0,0.0,0.0,0.0,0.0,1.0,8.778276635984007,4.61512051684126,13.369046010543581,1.4280856777828885,0.7447315744112115,0.7843978201850537,0.6769006871255648,1.0,0.6148686416992699
2003-11-08,Toulouse,Ships,Shipped,34.0,96.86,3293.24,Other,0.0,0.0,0.0,0.0,0.0,0.0,1.0,0.0,0.0,0.0,0.0,0.0,0.0,0.0,1.0,0.0,0.0,0.0,0.0,0.0,0.0,0.0,0.0,1.0,8.099930767828434,4.583537885860977,11.683463549954297,0.10485679162662465,0.6337239473297736,-0.05331314156158311,0.2909033564543332,0.9531105337036705,0.39128004471771716
2003-11-08,Toulouse,Vintage Cars,Shipped,27.0,73.64,1988.28,Other,0.0,0.0,0.0,0.0,0.0,0.0,1.0,0.0,0.0,0.0,0.0,0.0,0.0,0.0,0.0,0.0,0.0,1.0,0.0,0.0,0.0,0.0,0.0,1.0,7.595528043204627,4.312676556539088,10.068010317854855,-0.8790664351675768,-0.3183079924702554,-0.8561708553548468,0.13336761641457315,0.6063674103276289,0.19564002235885858
2003-11-08,Toulouse,Classic Cars,Shipped,24.0,100.0,3492.48,Other,0.0,0.0,0.0,0.0,0.0,0.0,1.0,0.0,0.0,0.0,0.0,1.0,0.0,0.0,0.0,0.0,0.0,0.0,0.0,0.0,0.0,0.0,0.0,1.0,8.158653653058414,4.61512051684126,9.323544176118064,0.21940575796149028,0.7447315744112115,-1.226160139275199,0.31495575717582797,1.0,0.11179429849077627
2003-11-08,Toulouse,Vintage Cars,Shipped,21.0,72.12,1514.52,Other,0.0,0.0,0.0,0.0,0.0,0.0,1.0,0.0,0.0,0.0,0.0,0.0,0.0,0.0,0.0,0.0,0.0,1.0,0.0,0.0,0.0,0.0,0.0,1.0,7.323513893375477,4.292101927145895,8.539972716394377,-1.409676257375002,-0.390624348521919,-1.6155842205467048,0.0761749574815509,0.5836693247319535,0.027948574622694067
2003-11-08,Toulouse,Vintage Cars,Shipped,48.0,100.0,5386.56,Other,0.0,0.0,0.0,0.0,0.0,0.0,1.0,0.0,0.0,0.0,0.0,0.0,0.0,0.0,0.0,0.0,0.0,1.0,0.0,0.0,0.0,0.0,0.0,1.0,8.59184787124094,4.61512051684126,14.546755227281093,1.064424692584877,0.7447315744112115,1.3697028667658944,0.5436105009951855,1.0,0.7825600894354343
2003-11-08,Toulouse,Planes,Shipped,34.0,80.84,2748.56,Other,0.0,0.0,0.0,0.0,0.0,0.0,1.0,0.0,0.0,0.0,0.0,0.0,0.0,1.0,0.0,0.0,0.0,0.0,0.0,0.0,0.0,0.0,0.0,1.0,7.919196177859251,4.404766121643371,11.683463549954297,-0.2476967380721565,0.005371314284467199,-0.05331314156158311,0.22514918246826732,0.7138846578860916,0.39128004471771716
2003-11-08,Toulouse,Ships,Shipped,41.0,81.72,3350.52,Other,0.0,0.0,0.0,0.0,0.0,0.0,1.0,0.0,0.0,0.0,0.0,0.0,0.0,0.0,1.0,0.0,0.0,0.0,0.0,0.0,0.0,0.0,0.0,1.0,8.117169253257456,4.415461410760119,13.166125611826143,0.13848338676648717,0.04296345366453654,0.6835492136397722,0.2978182405806493,0.7270256548099034,0.5869200670765757
2003-11-08,Toulouse,Planes,Shipped,22.0,87.75,1930.5,Other,0.0,0.0,0.0,0.0,0.0,0.0,1.0,0.0,0.0,0.0,0.0,0.0,0.0,1.0,0.0,0.0,0.0,0.0,0.0,0.0,0.0,0.0,0.0,1.0,7.566052182106336,4.485823428355525,8.805943150564206,-0.9365641110296539,0.29027409142631116,-1.4834006262023,0.1263923719170427,0.8170713496401159,0.055897149245388134
2003-11-11,Lille,Motorcycles,Shipped,25.0,64.2,1605.0,Other,0.0,0.0,0.0,0.0,0.0,0.0,1.0,0.0,0.0,0.0,0.0,0.0,1.0,0.0,0.0,0.0,0.0,0.0,0.0,0.0,0.0,0.0,0.0,1.0,7.381501894506707,4.177459468932607,9.57572149487329,-1.2965608073525243,-0.7935732750057555,-1.1008315308182302,0.08709777025649992,0.46540035241764477,0.13974287311347044
2003-11-11,Lille,Classic Cars,Shipped,28.0,71.14,1991.92,Other,0.0,0.0,0.0,0.0,0.0,0.0,1.0,0.0,0.0,0.0,0.0,1.0,0.0,0.0,0.0,0.0,0.0,0.0,0.0,0.0,0.0,0.0,0.0,1.0,7.5973561789154225,4.278608675475393,10.308532382015233,-0.8755003458112497,-0.43805085489785023,-0.7366347457903012,0.13380703991701362,0.5690350327031628,0.22358859698155265
2003-11-11,Lille,Motorcycles,Shipped,35.0,72.03,2521.05,Other,0.0,0.0,0.0,0.0,0.0,0.0,1.0,0.0,0.0,0.0,0.0,0.0,1.0,0.0,0.0,0.0,0.0,0.0,0.0,0.0,0.0,0.0,0.0,1.0,7.832827341863631,4.290870315632018,11.902530119204657,-0.4161738292112855,-0.3949532555001558,0.05555988642964223,0.19768400635831318,0.5823253591374729,0.41922861934041133
2003-11-11,Lille,Motorcycles,Shipped,42.0,100.0,4695.6,Other,0.0,0.0,0.0,0.0,0.0,0.0,1.0,0.0,0.0,0.0,0.0,0.0,1.0,0.0,0.0,0.0,0.0,0.0,0.0,0.0,0.0,0.0,0.0,1.0,8.454594121659715,4.61512051684126,13.369046010543581,0.7966879306982658,0.7447315744112115,0.7843978201850537,0.460197296806649,1.0,0.6148686416992699
2003-11-11,Lille,Motorcycles,Shipped,40.0,100.0,6747.6,Other,0.0,0.0,0.0,0.0,0.0,0.0,1.0,0.0,0.0,0.0,0.0,0.0,1.0,0.0,0.0,0.0,0.0,0.0,0.0,0.0,0.0,0.0,0.0,1.0,8.817090354947277,4.61512051684126,12.961139346341028,1.5037984321791045,0.7447315744112115,0.5816739001387327,0.7079162602703472,1.0,0.5589714924538818
2003-11-11,Lille,Motorcycles,Shipped,34.0,45.46,1545.64,Other,0.0,0.0,0.0,0.0,0.0,0.0,1.0,0.0,0.0,0.0,0.0,0.0,1.0,0.0,0.0,0.0,0.0,0.0,0.0,0.0,0.0,0.0,0.0,1.0,7.343840115024246,3.838591727342263,11.683463549954297,-1.3700265080440337,-1.9846362966987505,-0.05331314156158311,0.07993178698593215,0.1855568497446466,0.39128004471771716
2003-11-11,Lille,Motorcycles,Shipped,21.0,93.56,1964.76,Other,0.0,0.0,0.0,0.0,0.0,0.0,1.0,0.0,0.0,0.0,0.0,0.0,1.0,0.0,0.0,0.0,0.0,0.0,0.0,0.0,0.0,0.0,0.0,1.0,7.583634217975563,4.549234553657788,8.539972716394377,-0.9022673623771499,0.5131535138139708,-1.6155842205467048,0.13052826455265004,0.9038317952393753,0.027948574622694067
2003-11-11,Lille,Motorcycles,Shipped,29.0,86.13,2497.77,Other,0.0,0.0,0.0,0.0,0.0,0.0,1.0,0.0,0.0,0.0,0.0,0.0,1.0,0.0,0.0,0.0,0.0,0.0,0.0,0.0,0.0,0.0,0.0,1.0,7.823553889784579,4.467401256243195,10.54555133395328,-0.4342632733155916,0.22552326008637913,-0.6188396341166861,0.19487362747457293,0.7928799689394617,0.2515371716042467
2003-11-11,Lille,Motorcycles,Shipped,21.0,50.36,1057.56,Other,0.0,0.0,0.0,0.0,0.0,0.0,1.0,0.0,0.0,0.0,0.0,0.0,1.0,0.0,0.0,0.0,0.0,0.0,0.0,0.0,0.0,0.0,0.0,1.0,6.964664772955217,3.9388596593817056,8.539972716394377,-2.1096724454596254,-1.6322114079993142,-1.6155842205467048,0.021010407021330835,0.2587283098886002,0.027948574622694067
2003-11-11,Lille,Motorcycles,Shipped,48.0,100.0,5355.36,Other,0.0,0.0,0.0,0.0,0.0,0.0,1.0,0.0,0.0,0.0,0.0,0.0,1.0,0.0,0.0,0.0,0.0,0.0,0.0,0.0,0.0,0.0,0.0,1.0,8.58603991889134,4.61512051684126,14.546755227281093,1.053095294590153,0.7447315744112115,1.3697028667658944,0.5398440138314099,1.0,0.7825600894354343
2003-11-11,Lille,Motorcycles,Shipped,22.0,100.0,2514.6,Other,0.0,0.0,0.0,0.0,0.0,0.0,1.0,0.0,0.0,0.0,0.0,0.0,1.0,0.0,0.0,0.0,0.0,0.0,0.0,0.0,0.0,0.0,0.0,1.0,7.830266622669348,4.61512051684126,8.805943150564206,-0.42116894713899217,0.7447315744112115,-1.4834006262023,0.196905357569648,1.0,0.055897149245388134
2003-11-11,Lille,Motorcycles,Shipped,28.0,68.55,1919.4,Other,0.0,0.0,0.0,0.0,0.0,0.0,1.0,0.0,0.0,0.0,0.0,0.0,1.0,0.0,0.0,0.0,0.0,0.0,0.0,0.0,0.0,0.0,0.0,1.0,7.560288776656785,4.242045918369452,10.308532382015233,-0.9478066127260416,-0.5665627862951896,-0.7366347457903012,0.1250523716760841,0.5303586894842158,0.22358859698155265
2003-11-11,Lille,Classic Cars,Shipped,44.0,100.0,5565.12,Other,0.0,0.0,0.0,0.0,0.0,0.0,1.0,0.0,0.0,0.0,0.0,1.0,0.0,0.0,0.0,0.0,0.0,0.0,0.0,0.0,0.0,0.0,0.0,1.0,8.624453501321634,4.61512051684126,13.768958087112637,1.1280275146841847,0.7447315744112115,0.9831485417366043,0.5651663967632545,1.0,0.670765790944658
2003-11-11,Lille,Motorcycles,Shipped,41.0,100.0,8892.9,Other,0.0,0.0,0.0,0.0,0.0,0.0,1.0,0.0,0.0,0.0,0.0,0.0,1.0,0.0,0.0,0.0,0.0,0.0,0.0,0.0,0.0,0.0,0.0,1.0,9.093120927472466,4.61512051684126,13.166125611826143,2.042242969359972,0.7447315744112115,0.6835492136397722,0.9668984690026432,1.0,0.5869200670765757
2003-11-12,Bergen,Classic Cars,Shipped,36.0,100.0,4477.32,Other,0.0,0.0,0.0,0.0,0.0,0.0,1.0,0.0,0.0,0.0,0.0,1.0,0.0,0.0,0.0,0.0,0.0,0.0,0.0,0.0,0.0,0.0,0.0,1.0,8.407003255078948,4.61512051684126,12.119023021201402,0.7038538583862958,0.7447315744112115,0.16315383770961095,0.4338463731493116,1.0,0.4471771939631053
2003-11-12,San Rafael,Vintage Cars,Shipped,32.0,54.45,1742.4,San Rafael,0.0,0.0,0.0,0.0,0.0,0.0,0.0,0.0,0.0,1.0,0.0,0.0,0.0,0.0,0.0,0.0,0.0,1.0,0.0,0.0,0.0,0.0,0.0,1.0,7.4635925085774755,4.015481713796376,11.237179911736995,-1.1364291150697985,-1.3628977954637533,-0.2751098821684491,0.10368480026620369,0.3198040796822269,0.335382895472329
2003-11-12,Bergen,Classic Cars,Shipped,37.0,42.67,1578.79,Other,0.0,0.0,0.0,0.0,0.0,0.0,1.0,0.0,0.0,0.0,0.0,1.0,0.0,0.0,0.0,0.0,0.0,0.0,0.0,0.0,0.0,0.0,0.0,1.0,7.365047205795106,3.7766613674974696,12.33304085962557,-1.32865847380563,-2.2023110779721056,0.26951771693185156,0.0839336795974436,0.14389391631574233,0.47512576858579947
2003-11-12,San Rafael,Classic Cars,Shipped,47.0,74.22,3488.34,San Rafael,0.0,0.0,0.0,0.0,0.0,0.0,0.0,0.0,0.0,1.0,0.0,1.0,0.0,0.0,0.0,0.0,0.0,0.0,0.0,0.0,0.0,0.0,0.0,1.0,8.15746788556474,4.32041715304219,14.35492029635209,0.21709271696934843,-0.2911010998418137,1.2743635830212399,0.3144559733021731,0.615028521936505,0.7546115148127404
2003-11-12,San Rafael,Classic Cars,Shipped,20.0,100.0,2395.8,San Rafael,0.0,0.0,0.0,0.0,0.0,0.0,0.0,0.0,0.0,1.0,0.0,1.0,0.0,0.0,0.0,0.0,0.0,0.0,0.0,0.0,0.0,0.0,0.0,1.0,7.7818897933229,4.61512051684126,8.268807419728406,-0.5155361733829217,0.7447315744112115,-1.7503495890608907,0.18256373336911813,1.0,0.0
2003-11-12,Bergen,Classic Cars,Shipped,28.0,100.0,2860.76,Other,0.0,0.0,0.0,0.0,0.0,0.0,1.0,0.0,0.0,0.0,0.0,1.0,0.0,0.0,0.0,0.0,0.0,0.0,0.0,0.0,0.0,0.0,0.0,1.0,7.959192099157816,4.61512051684126,10.308532382015233,-0.16967789713103962,0.7447315744112115,-0.7366347457903012,0.23869404976876785,1.0,0.22358859698155265
2003-11-12,Bergen,Classic Cars,Shipped,45.0,100.0,6324.75,Other,0.0,0.0,0.0,0.0,0.0,0.0,1.0,0.0,0.0,0.0,0.0,1.0,0.0,0.0,0.0,0.0,0.0,0.0,0.0,0.0,0.0,0.0,0.0,1.0,8.752383883641114,4.61512051684126,13.966075138951927,1.3775774644206336,0.7447315744112115,1.0811129658652374,0.6568694943343701,1.0,0.6987143655673522
2003-11-12,Bergen,Classic Cars,Shipped,21.0,100.0,3286.08,Other,0.0,0.0,0.0,0.0,0.0,0.0,1.0,0.0,0.0,0.0,0.0,1.0,0.0,0.0,0.0,0.0,0.0,0.0,0.0,0.0,0.0,0.0,0.0,1.0,8.097754911670451,4.61512051684126,8.539972716394377,0.10061241445043202,0.7447315744112115,-1.6155842205467048,0.29003899593854365,1.0,0.027948574622694067
2003-11-12,San Rafael,Classic Cars,Shipped,44.0,69.84,3072.96,San Rafael,0.0,0.0,0.0,0.0,0.0,0.0,0.0,0.0,0.0,1.0,0.0,1.0,0.0,0.0,0.0,0.0,0.0,0.0,0.0,0.0,0.0,0.0,0.0,1.0,8.030721911652137,4.260423812914633,13.768958087112637,-0.03014684290470334,-0.5019675831442199,0.9831485417366043,0.26431099131213853,0.5496221963384404,0.670765790944658
2003-11-12,San Rafael,Vintage Cars,Shipped,25.0,87.33,2183.25,San Rafael,0.0,0.0,0.0,0.0,0.0,0.0,0.0,0.0,0.0,1.0,0.0,0.0,0.0,0.0,0.0,0.0,0.0,1.0,0.0,0.0,0.0,0.0,0.0,1.0,7.689027799178204,4.4810798007570405,9.57572149487329,-0.6966792728646676,0.27360103958985854,-1.1008315308182302,0.15690453956589734,0.8107995101992056,0.13974287311347044
2003-11-12,Bergen,Classic Cars,Shipped,34.0,53.83,1830.22,Other,0.0,0.0,0.0,0.0,0.0,0.0,1.0,0.0,0.0,0.0,0.0,1.0,0.0,0.0,0.0,0.0,0.0,0.0,0.0,0.0,0.0,0.0,0.0,1.0,7.512737690378628,4.004237489415957,11.683463549954297,-1.0405630867979618,-1.4024193498149662,-0.05331314156158311,0.11428649586629239,0.31054565003135914,0.39128004471771716
2003-11-12,Bergen,Classic Cars,Shipped,20.0,81.4,1628.0,Other,0.0,0.0,0.0,0.0,0.0,0.0,1.0,0.0,0.0,0.0,0.0,1.0,0.0,0.0,0.0,0.0,0.0,0.0,0.0,0.0,0.0,0.0,0.0,1.0,7.395721608602045,4.411585436915426,8.268807419728406,-1.2688228386743992,0.02934005859660574,-1.7503495890608907,0.08987434733236008,0.7222471104739718,0.0
2003-11-12,Bergen,Classic Cars,Shipped,22.0,73.92,1626.24,Other,0.0,0.0,0.0,0.0,0.0,0.0,1.0,0.0,0.0,0.0,0.0,1.0,0.0,0.0,0.0,0.0,0.0,0.0,0.0,0.0,0.0,0.0,0.0,1.0,7.394640607096389,4.316420877575887,8.805943150564206,-1.2709315158041825,-0.30514733484215356,-1.4834006262023,0.08966187882568558,0.6105486366215691,0.055897149245388134
2003-11-12,San Rafael,Vintage Cars,Shipped,39.0,36.84,1436.76,San Rafael,0.0,0.0,0.0,0.0,0.0,0.0,0.0,0.0,0.0,1.0,0.0,0.0,0.0,0.0,0.0,0.0,0.0,1.0,0.0,0.0,0.0,0.0,0.0,1.0,7.270841625881795,3.6333667441836774,12.754015005493859,-1.512422465642618,-2.705967537673751,0.4787359930181514,0.06678771255029495,0.05683481169548732,0.5310229178311876
2003-11-12,San Rafael,Classic Cars,Shipped,36.0,73.6,2649.6,San Rafael,0.0,0.0,0.0,0.0,0.0,0.0,0.0,0.0,0.0,1.0,0.0,1.0,0.0,0.0,0.0,0.0,0.0,0.0,0.0,0.0,0.0,0.0,0.0,1.0,7.882541308446578,4.312140507209715,12.119023021201402,-0.31919828956979285,-0.32019211555327,0.16315383770961095,0.2132026577975229,0.6057700922856375,0.4471771939631053
2003-11-12,Bergen,Classic Cars,Shipped,27.0,100.0,3884.76,Other,0.0,0.0,0.0,0.0,0.0,0.0,1.0,0.0,0.0,0.0,0.0,1.0,0.0,0.0,0.0,0.0,0.0,0.0,0.0,0.0,0.0,0.0,0.0,1.0,8.265073867865453,4.61512051684126,10.068010317854855,0.42699647077369546,0.7447315744112115,-0.8561708553548468,0.36231209001575954,1.0,0.19564002235885858
2003-11-12,San Rafael,Vintage Cars,Shipped,31.0,36.74,1138.94,San Rafael,0.0,0.0,0.0,0.0,0.0,0.0,0.0,0.0,0.0,1.0,0.0,0.0,0.0,0.0,0.0,0.0,0.0,1.0,0.0,0.0,0.0,0.0,0.0,1.0,7.038730908424504,3.630720539940404,11.009728365329204,-1.9651938622769736,-2.71526849977542,-0.388150126800217,0.03083466104017868,0.05534151659050868,0.30743432084963496
2003-11-12,San Rafael,Vintage Cars,Shipped,36.0,100.0,3942.72,San Rafael,0.0,0.0,0.0,0.0,0.0,0.0,0.0,0.0,0.0,1.0,0.0,0.0,0.0,0.0,0.0,0.0,0.0,1.0,0.0,0.0,0.0,0.0,0.0,1.0,8.279879719287532,4.61512051684126,12.119023021201402,0.4558777999090843,0.7447315744112115,0.16315383770961095,0.3693090642469271,1.0,0.4471771939631053
2003-11-12,San Rafael,Vintage Cars,Shipped,23.0,42.26,971.98,San Rafael,0.0,0.0,0.0,0.0,0.0,0.0,0.0,0.0,0.0,1.0,0.0,0.0,0.0,0.0,0.0,0.0,0.0,1.0,0.0,0.0,0.0,0.0,0.0,1.0,6.880363526990164,3.7672284205249125,9.067037908070397,-2.2741163509015894,-2.2354662973856607,-1.353640175122944,0.01067912588428245,0.1377714063853298,0.0838457238680822
2003-11-12,Bergen,Classic Cars,Shipped,44.0,100.0,5418.16,Other,0.0,0.0,0.0,0.0,0.0,0.0,1.0,0.0,0.0,0.0,0.0,1.0,0.0,0.0,0.0,0.0,0.0,0.0,0.0,0.0,0.0,0.0,0.0,1.0,8.597696100872994,4.61512051684126,13.768958087112637,1.0758326582632856,0.7447315744112115,0.9831485417366043,0.5474252764559324,1.0,0.670765790944658
2003-11-12,San Rafael,Vintage Cars,Shipped,21.0,100.0,3047.73,San Rafael,0.0,0.0,0.0,0.0,0.0,0.0,0.0,0.0,0.0,1.0,0.0,0.0,0.0,0.0,0.0,0.0,0.0,1.0,0.0,0.0,0.0,0.0,0.0,1.0,8.022480389443013,4.61512051684126,8.539972716394377,-0.046223332443385175,0.7447315744112115,-1.6155842205467048,0.26126520698066236,1.0,0.027948574622694067
2003-11-12,San Rafael,Vintage Cars,Shipped,44.0,100.0,7554.8,San Rafael,0.0,0.0,0.0,0.0,0.0,0.0,0.0,0.0,0.0,1.0,0.0,0.0,0.0,0.0,0.0,0.0,0.0,1.0,0.0,0.0,0.0,0.0,0.0,1.0,8.930070759239856,4.61512051684126,13.768958087112637,1.724185909346234,0.7447315744112115,0.9831485417366043,0.805362043558796,1.0,0.670765790944658
2003-11-12,San Rafael,Classic Cars,Shipped,33.0,94.17,3107.61,San Rafael,0.0,0.0,0.0,0.0,0.0,0.0,0.0,0.0,0.0,1.0,0.0,1.0,0.0,0.0,0.0,0.0,0.0,0.0,0.0,0.0,0.0,0.0,0.0,1.0,8.041930959925821,4.555664766084252,11.461717832632248,-0.008281689509742451,0.535754627177103,-0.16351766875873364,0.2684939650372931,0.9129408953797449,0.3633314700950231
2003-11-12,Bergen,Classic Cars,Shipped,30.0,82.82,2484.6,Other,0.0,0.0,0.0,0.0,0.0,0.0,1.0,0.0,0.0,0.0,0.0,1.0,0.0,0.0,0.0,0.0,0.0,0.0,0.0,0.0,0.0,0.0,0.0,1.0,7.818269358078838,4.4286716424969255,10.779232502977782,-0.44457165040036484,0.08939519265468973,-0.5027033539745942,0.19328373529678694,0.7434519009646685,0.2794857462269409
2003-11-12,San Rafael,Vintage Cars,Shipped,20.0,100.0,2212.0,San Rafael,0.0,0.0,0.0,0.0,0.0,0.0,0.0,0.0,0.0,1.0,0.0,0.0,0.0,0.0,0.0,0.0,0.0,1.0,0.0,0.0,0.0,0.0,0.0,1.0,7.70210434005105,4.61512051684126,8.268807419728406,-0.6711712578147632,0.7447315744112115,-1.7503495890608907,0.16037526091072252,1.0,0.0
2003-11-12,San Rafael,Classic Cars,Shipped,49.0,100.0,6244.07,San Rafael,0.0,0.0,0.0,0.0,0.0,0.0,0.0,0.0,0.0,1.0,0.0,1.0,0.0,0.0,0.0,0.0,0.0,0.0,0.0,0.0,0.0,0.0,0.0,1.0,8.739547631464031,4.61512051684126,14.736931873780104,1.3525381733037207,0.7447315744112115,1.464218006289084,0.6471297448352223,1.0,0.8105086640581285
2003-11-12,Bergen,Classic Cars,Shipped,22.0,100.0,3395.48,Other,0.0,0.0,0.0,0.0,0.0,0.0,1.0,0.0,0.0,0.0,0.0,1.0,0.0,0.0,0.0,0.0,0.0,0.0,0.0,0.0,0.0,0.0,0.0,1.0,8.130494880199475,4.61512051684126,8.805943150564206,0.16447728652114282,0.7447315744112115,-1.4834006262023,0.3032458451602438,1.0,0.055897149245388134
2003-11-12,Bergen,Classic Cars,Shipped,23.0,65.52,1506.96,Other,0.0,0.0,0.0,0.0,0.0,0.0,1.0,0.0,0.0,0.0,0.0,1.0,0.0,0.0,0.0,0.0,0.0,0.0,0.0,0.0,0.0,0.0,0.0,1.0,7.318513023017163,4.197502654324727,9.067037908070397,-1.4194313047994618,-0.7231248550840075,-1.353640175122944,0.07526230866878991,0.4851118478033628,0.0838457238680822
2003-11-12,San Rafael,Vintage Cars,Shipped,38.0,61.15,2323.7,San Rafael,0.0,0.0,0.0,0.0,0.0,0.0,0.0,0.0,0.0,1.0,0.0,0.0,0.0,0.0,0.0,0.0,0.0,1.0,0.0,0.0,0.0,0.0,0.0,1.0,7.751346277438014,4.12955081795672,12.544675977743431,-0.5751164913312659,-0.9619641118814511,0.3746974174111126,0.17385976784000862,0.41985485171579606,0.5030743432084936
2003-11-12,Bergen,Classic Cars,Shipped,42.0,100.0,5435.64,Other,0.0,0.0,0.0,0.0,0.0,0.0,1.0,0.0,0.0,0.0,0.0,1.0,0.0,0.0,0.0,0.0,0.0,0.0,0.0,0.0,0.0,0.0,0.0,1.0,8.600916501968642,4.61512051684126,13.369046010543581,1.0821145978383837,0.7447315744112115,0.7843978201850537,0.5495354750335862,1.0,0.6148686416992699
2003-11-12,Bergen,Classic Cars,Shipped,25.0,100.0,3861.75,Other,0.0,0.0,0.0,0.0,0.0,0.0,1.0,0.0,0.0,0.0,0.0,1.0,0.0,0.0,0.0,0.0,0.0,0.0,0.0,0.0,0.0,0.0,0.0,1.0,8.259134644030528,4.61512051684126,9.57572149487329,0.415411005440075,0.7447315744112115,-1.1008315308182302,0.359534305732475,1.0,0.13974287311347044
2003-11-12,Bergen,Classic Cars,Shipped,39.0,100.0,5785.26,Other,0.0,0.0,0.0,0.0,0.0,0.0,1.0,0.0,0.0,0.0,0.0,1.0,0.0,0.0,0.0,0.0,0.0,0.0,0.0,0.0,0.0,0.0,0.0,1.0,8.663241420579027,4.61512051684126,12.754015005493859,1.2036899423699805,0.7447315744112115,0.4787359930181514,0.5917418610015093,1.0,0.5310229178311876
2003-11-12,San Rafael,Vintage Cars,Shipped,33.0,86.31,2848.23,San Rafael,0.0,0.0,0.0,0.0,0.0,0.0,0.0,0.0,0.0,1.0,0.0,0.0,0.0,0.0,0.0,0.0,0.0,1.0,0.0,0.0,0.0,0.0,0.0,1.0,7.954804061320141,4.469465003822716,11.461717832632248,-0.1782375105862606,0.2327769851430622,-0.16351766875873364,0.23718141886613614,0.7955679001284235,0.3633314700950231
2003-11-12,Bergen,Classic Cars,Shipped,27.0,100.0,5411.07,Other,0.0,0.0,0.0,0.0,0.0,0.0,1.0,0.0,0.0,0.0,0.0,1.0,0.0,0.0,0.0,0.0,0.0,0.0,0.0,0.0,0.0,0.0,0.0,1.0,8.596386923427284,4.61512051684126,10.068010317854855,1.073278885188823,0.7447315744112115,-0.8561708553548468,0.5465693663921128,1.0,0.19564002235885858
2003-11-13,Philadelphia,Vintage Cars,Shipped,40.0,49.3,1972.0,Other,0.0,0.0,0.0,0.0,0.0,0.0,1.0,0.0,0.0,0.0,0.0,0.0,0.0,0.0,0.0,0.0,0.0,1.0,0.0,0.0,0.0,0.0,0.0,1.0,7.587310506022615,3.9180050771056933,12.961139346341028,-0.8950961378351362,-1.70551175126964,0.5816739001387327,0.13140228272783386,0.24289938177582648,0.5589714924538818
2003-11-13,Philadelphia,Trucks and Buses,Shipped,49.0,64.64,3167.36,Other,0.0,0.0,0.0,0.0,0.0,0.0,1.0,0.0,0.0,0.0,0.0,0.0,0.0,0.0,0.0,0.0,1.0,0.0,0.0,0.0,0.0,0.0,0.0,1.0,8.060969382841831,4.18418526622189,14.736931873780104,0.028855989559227774,-0.7699332306478238,1.464218006289084,0.2757070293974081,0.4719708508795508,0.8105086640581285
2003-11-13,Philadelphia,Trucks and Buses,Shipped,21.0,100.0,2441.04,Other,0.0,0.0,0.0,0.0,0.0,0.0,1.0,0.0,0.0,0.0,0.0,0.0,0.0,0.0,0.0,0.0,1.0,0.0,0.0,0.0,0.0,0.0,0.0,1.0,7.800589034552879,4.61512051684126,8.539972716394377,-0.4790601258292015,0.7447315744112115,-1.6155842205467048,0.18802513975659263,1.0,0.027948574622694067
2003-11-13,Philadelphia,Trucks and Buses,Shipped,21.0,96.84,2033.64,Other,0.0,0.0,0.0,0.0,0.0,0.0,1.0,0.0,0.0,0.0,0.0,0.0,0.0,0.0,0.0,0.0,1.0,0.0,0.0,0.0,0.0,0.0,0.0,1.0,7.618074178050402,4.583333491378917,8.539972716394377,-0.8350863679192548,0.6330055351602417,-1.6155842205467048,0.13884350929113912,0.9528118746826748,0.027948574622694067
2003-11-13,Philadelphia,Classic Cars,Shipped,23.0,86.99,2000.77,Other,0.0,0.0,0.0,0.0,0.0,0.0,1.0,0.0,0.0,0.0,0.0,1.0,0.0,0.0,0.0,0.0,0.0,0.0,0.0,0.0,0.0,0.0,0.0,1.0,7.601787068160481,4.477223171657469,9.067037908070397,-0.8668571434042507,0.26004563804196584,-1.353640175122944,0.13487541848750764,0.8057223068422781,0.0838457238680822
2003-11-13,Philadelphia,Vintage Cars,Shipped,37.0,89.15,3298.55,Other,0.0,0.0,0.0,0.0,0.0,0.0,1.0,0.0,0.0,0.0,0.0,0.0,0.0,0.0,0.0,0.0,0.0,1.0,0.0,0.0,0.0,0.0,0.0,1.0,8.101541374519842,4.501474949649326,12.33304085962557,0.10799855366624898,0.3452865519184142,0.26951771693185156,0.29154438359662965,0.8379774811098171,0.47512576858579947
2003-11-13,Philadelphia,Vintage Cars,Shipped,22.0,100.0,2488.2,Other,0.0,0.0,0.0,0.0,0.0,0.0,1.0,0.0,0.0,0.0,0.0,0.0,0.0,0.0,0.0,0.0,0.0,1.0,0.0,0.0,0.0,0.0,0.0,1.0,7.819716652695063,4.61512051684126,8.805943150564206,-0.44174845631476506,0.7447315744112115,-1.4834006262023,0.19371832996953026,1.0,0.055897149245388134
2003-11-13,Philadelphia,Vintage Cars,Shipped,47.0,100.0,5035.11,Other,0.0,0.0,0.0,0.0,0.0,0.0,1.0,0.0,0.0,0.0,0.0,0.0,0.0,0.0,0.0,0.0,0.0,1.0,0.0,0.0,0.0,0.0,0.0,1.0,8.524389237658015,4.61512051684126,14.35492029635209,0.9328351646346813,0.7447315744112115,1.2743635830212399,0.5011831960686177,1.0,0.7546115148127404
2003-11-13,Philadelphia,Classic Cars,Shipped,28.0,100.0,3433.36,Other,0.0,0.0,0.0,0.0,0.0,0.0,1.0,0.0,0.0,0.0,0.0,1.0,0.0,0.0,0.0,0.0,0.0,0.0,0.0,0.0,0.0,0.0,0.0,1.0,8.141585869975533,4.61512051684126,10.308532382015233,0.18611214675497523,0.7447315744112115,-0.7366347457903012,0.3078187468834431,1.0,0.22358859698155265
2003-11-13,Philadelphia,Trucks and Buses,Shipped,41.0,100.0,6163.94,Other,0.0,0.0,0.0,0.0,0.0,0.0,1.0,0.0,0.0,0.0,0.0,0.0,0.0,0.0,0.0,0.0,1.0,0.0,0.0,0.0,0.0,0.0,0.0,1.0,8.726633683190988,4.61512051684126,13.166125611826143,1.3273473227488535,0.7447315744112115,0.6835492136397722,0.6374563917444104,1.0,0.5869200670765757
2003-11-13,Philadelphia,Classic Cars,Shipped,23.0,100.0,5372.57,Other,0.0,0.0,0.0,0.0,0.0,0.0,1.0,0.0,0.0,0.0,0.0,1.0,0.0,0.0,0.0,0.0,0.0,0.0,0.0,0.0,0.0,0.0,0.0,1.0,8.589247771087583,4.61512051684126,9.067037908070397,1.0593527554045474,0.7447315744112115,-1.353640175122944,0.5419216178086078,1.0,0.0838457238680822
2003-11-13,Philadelphia,Vintage Cars,Shipped,39.0,68.08,2655.12,Other,0.0,0.0,0.0,0.0,0.0,0.0,1.0,0.0,0.0,0.0,0.0,0.0,0.0,0.0,0.0,0.0,0.0,1.0,0.0,0.0,0.0,0.0,0.0,1.0,7.884621690298598,4.235265253278478,12.754015005493859,-0.3151401512511906,-0.5903956817323313,0.4787359930181514,0.21386903629572934,0.5233402024908163,0.5310229178311876
2003-11-14,New Bedford,Vintage Cars,Shipped,47.0,77.24,3630.28,New Bedford,0.0,0.0,0.0,0.0,0.0,1.0,0.0,0.0,0.0,0.0,0.0,0.0,0.0,0.0,0.0,0.0,0.0,1.0,0.0,0.0,0.0,0.0,0.0,1.0,8.197340482183995,4.359781025726562,14.35492029635209,0.2948709921670884,-0.15274371909807508,1.2743635830212399,0.3315910754825032,0.6601260341068602,0.7546115148127404
2003-11-14,New Bedford,Ships,Shipped,37.0,100.0,3891.66,New Bedford,0.0,0.0,0.0,0.0,0.0,1.0,0.0,0.0,0.0,0.0,0.0,0.0,0.0,0.0,1.0,0.0,0.0,0.0,0.0,0.0,0.0,0.0,0.0,1.0,8.266848007551882,4.61512051684126,12.33304085962557,0.4304572317090306,0.7447315744112115,0.26951771693185156,0.3631450631385175,1.0,0.47512576858579947
2003-11-14,Sevilla,Classic Cars,Shipped,46.0,100.0,7381.16,Other,0.0,0.0,0.0,0.0,0.0,0.0,1.0,0.0,0.0,0.0,0.0,1.0,0.0,0.0,0.0,0.0,0.0,0.0,0.0,0.0,0.0,0.0,0.0,1.0,8.906821557698056,4.61512051684126,14.161377611660777,1.6788343910362218,0.7447315744112115,1.1781755694872693,0.7844000938434761,1.0,0.7266629401900462
2003-11-14,New Bedford,Ships,Shipped,30.0,100.0,3170.7,New Bedford,0.0,0.0,0.0,0.0,0.0,1.0,0.0,0.0,0.0,0.0,0.0,0.0,0.0,0.0,1.0,0.0,0.0,0.0,0.0,0.0,0.0,0.0,0.0,1.0,8.062023000728406,4.61512051684126,10.779232502977782,0.030911250286734127,0.7447315744112115,-0.5027033539745942,0.2761102366771199,1.0,0.2794857462269409
2003-11-14,New Bedford,Ships,Shipped,28.0,64.43,1804.04,New Bedford,0.0,0.0,0.0,0.0,0.0,1.0,0.0,0.0,0.0,0.0,0.0,0.0,0.0,0.0,1.0,0.0,0.0,0.0,0.0,0.0,0.0,0.0,0.0,1.0,7.4983380311862575,4.180980868881647,10.308532382015233,-1.0686520689656542,-0.7811961474449864,-0.7366347457903012,0.11112602682950892,0.4688349311590958,0.22358859698155265
2003-11-14,New Bedford,Classic Cars,Shipped,43.0,100.0,7886.2,New Bedford,0.0,0.0,0.0,0.0,0.0,1.0,0.0,0.0,0.0,0.0,0.0,1.0,0.0,0.0,0.0,0.0,0.0,0.0,0.0,0.0,0.0,0.0,0.0,1.0,8.972996471260831,4.61512051684126,13.569968697266269,1.8079198049464555,0.7447315744112115,0.8842535917456676,0.8453688975996682,1.0,0.6428172163219641
2003-11-14,London,Vintage Cars,Shipped,21.0,69.04,1449.84,Other,0.0,0.0,0.0,0.0,0.0,0.0,1.0,0.0,0.0,0.0,0.0,0.0,0.0,0.0,0.0,0.0,0.0,1.0,0.0,0.0,0.0,0.0,0.0,1.0,7.279897978023987,4.249066507417651,8.539972716394377,-1.4947565118566308,-0.5418865985690596,-1.6155842205467048,0.06836673986126238,0.5376758354986113,0.027948574622694067
2003-11-14,Sevilla,Trucks and Buses,Shipped,33.0,62.77,2071.41,Other,0.0,0.0,0.0,0.0,0.0,0.0,1.0,0.0,0.0,0.0,0.0,0.0,0.0,0.0,0.0,0.0,1.0,0.0,0.0,0.0,0.0,0.0,0.0,1.0,7.636467460252288,4.155282860327181,11.461717832632248,-0.7992071454409981,-0.8715203180984957,-0.16351766875873364,0.14340313173267122,0.44404623241645014,0.3633314700950231
2003-11-14,New Bedford,Classic Cars,Shipped,39.0,100.0,5096.91,New Bedford,0.0,0.0,0.0,0.0,0.0,1.0,0.0,0.0,0.0,0.0,0.0,1.0,0.0,0.0,0.0,0.0,0.0,0.0,0.0,0.0,0.0,0.0,0.0,1.0,8.536585930798273,4.61512051684126,12.754015005493859,0.9566268871709368,0.7447315744112115,0.4787359930181514,0.5086437379507116,1.0,0.5310229178311876
2003-11-14,New Bedford,Ships,Shipped,30.0,94.4,2832.0,New Bedford,0.0,0.0,0.0,0.0,0.0,1.0,0.0,0.0,0.0,0.0,0.0,0.0,0.0,0.0,1.0,0.0,0.0,0.0,0.0,0.0,0.0,0.0,0.0,1.0,7.949091499830517,4.558078578454241,10.779232502977782,-0.1893808324989717,0.5442387709958865,-0.5027033539745942,0.2352221212165183,0.9163754741211958,0.2794857462269409
2003-11-14,London,Planes,Shipped,28.0,52.14,1459.92,Other,0.0,0.0,0.0,0.0,0.0,0.0,1.0,0.0,0.0,0.0,0.0,0.0,0.0,1.0,0.0,0.0,0.0,0.0,0.0,0.0,0.0,0.0,0.0,1.0,7.286821653235736,3.9729299403316674,10.308532382015233,-1.4812507068261365,-1.512460110375808,-0.7366347457903012,0.06958360494494373,0.28530896275722006,0.22358859698155265
2003-11-14,Sevilla,Trucks and Buses,Shipped,46.0,100.0,4607.36,Other,0.0,0.0,0.0,0.0,0.0,0.0,1.0,0.0,0.0,0.0,0.0,0.0,0.0,0.0,0.0,0.0,1.0,0.0,0.0,0.0,0.0,0.0,0.0,1.0,8.435627324324129,4.61512051684126,14.161377611660777,0.7596899694951409,0.7447315744112115,1.1781755694872693,0.4495448984947401,1.0,0.7266629401900462
2003-11-14,Sevilla,Trucks and Buses,Shipped,45.0,100.0,4948.2,Other,0.0,0.0,0.0,0.0,0.0,0.0,1.0,0.0,0.0,0.0,0.0,0.0,0.0,0.0,0.0,0.0,1.0,0.0,0.0,0.0,0.0,0.0,0.0,1.0,8.506981226339821,4.61512051684126,13.966075138951927,0.8988778804407034,0.7447315744112115,1.0811129658652374,0.4906913563441392,1.0,0.6987143655673522
2003-11-14,Sevilla,Classic Cars,Shipped,42.0,33.034,1336.44,Other,0.0,0.0,0.0,0.0,0.0,0.0,1.0,0.0,0.0,0.0,0.0,1.0,0.0,0.0,0.0,0.0,0.0,0.0,0.0,0.0,0.0,0.0,0.0,1.0,7.198512617950846,3.5273600249492447,13.369046010543581,-1.6535124863742068,-3.0785632965340333,0.7843978201850537,0.05467700766984748,0.0,0.6148686416992699
2003-11-14,New Bedford,Classic Cars,Shipped,33.0,100.0,4038.21,New Bedford,0.0,0.0,0.0,0.0,0.0,1.0,0.0,0.0,0.0,0.0,0.0,1.0,0.0,0.0,0.0,0.0,0.0,0.0,0.0,0.0,0.0,0.0,0.0,1.0,8.303804407279411,4.61512051684126,11.461717832632248,0.5025469693243986,0.7447315744112115,-0.16351766875873364,0.38083668794144393,1.0,0.3633314700950231
2003-11-14,New Bedford,Classic Cars,Shipped,21.0,100.0,3883.74,New Bedford,0.0,0.0,0.0,0.0,0.0,1.0,0.0,0.0,0.0,0.0,0.0,1.0,0.0,0.0,0.0,0.0,0.0,0.0,0.0,0.0,0.0,0.0,0.0,1.0,8.264811336495308,4.61512051684126,8.539972716394377,0.426484358724656,0.7447315744112115,-1.6155842205467048,0.3621889548584822,1.0,0.027948574622694067
2003-11-14,Sevilla,Classic Cars,Shipped,31.0,60.11,1863.41,Other,0.0,0.0,0.0,0.0,0.0,0.0,1.0,0.0,0.0,0.0,0.0,1.0,0.0,0.0,0.0,0.0,0.0,0.0,0.0,0.0,0.0,0.0,0.0,1.0,7.530699928140069,4.1126755189068245,11.009728365329204,-1.005524689747543,-1.0212779450129623,-0.388150126800217,0.11829321730750103,0.40432458262401816,0.30743432084963496
2003-11-14,New Bedford,Trains,Shipped,20.0,48.62,972.4,New Bedford,0.0,0.0,0.0,0.0,0.0,1.0,0.0,0.0,0.0,0.0,0.0,0.0,0.0,0.0,0.0,1.0,0.0,0.0,0.0,0.0,0.0,0.0,0.0,1.0,6.8807950973993535,3.9043939782636548,8.268807419728406,-2.2732744994823393,-1.7533524705994803,-1.7503495890608907,0.010729828596102511,0.23274497506197167,0.0
2003-11-14,Sevilla,Trucks and Buses,Shipped,24.0,100.0,3496.32,Other,0.0,0.0,0.0,0.0,0.0,0.0,1.0,0.0,0.0,0.0,0.0,0.0,0.0,0.0,0.0,0.0,1.0,0.0,0.0,0.0,0.0,0.0,0.0,1.0,8.15975223988287,4.61512051684126,9.323544176118064,0.2215487382438409,0.7447315744112115,-1.226160139275199,0.31541932482675417,1.0,0.11179429849077627
2003-11-14,New Bedford,Vintage Cars,Shipped,33.0,74.35,2453.55,New Bedford,0.0,0.0,0.0,0.0,0.0,1.0,0.0,0.0,0.0,0.0,0.0,0.0,0.0,0.0,0.0,0.0,0.0,1.0,0.0,0.0,0.0,0.0,0.0,1.0,7.8056987240382325,4.3221439250725044,11.461717832632248,-0.4690928082059772,-0.2850317870693779,-0.16351766875873364,0.18953535624437573,0.6169698055729773,0.3633314700950231
2003-11-14,London,Ships,Shipped,32.0,89.46,2862.72,Other,0.0,0.0,0.0,0.0,0.0,0.0,1.0,0.0,0.0,0.0,0.0,0.0,0.0,0.0,1.0,0.0,0.0,0.0,0.0,0.0,0.0,0.0,0.0,1.0,7.959876757938063,4.504907764049697,11.237179911736995,-0.16834235383710527,0.357352316199864,-0.2751098821684491,0.23893066242392802,0.8426066959352505,0.335382895472329
2003-11-14,London,Vintage Cars,Shipped,36.0,85.54,3079.44,Other,0.0,0.0,0.0,0.0,0.0,0.0,1.0,0.0,0.0,0.0,0.0,0.0,0.0,0.0,0.0,0.0,0.0,1.0,0.0,0.0,0.0,0.0,0.0,1.0,8.032827722907367,4.460606734796738,12.119023021201402,-0.02603910021395737,0.20164166189413218,0.16315383770961095,0.2650932617230765,0.784069527820088,0.4471771939631053
2003-11-14,New Bedford,Ships,Shipped,39.0,57.82,2254.98,New Bedford,0.0,0.0,0.0,0.0,0.0,1.0,0.0,0.0,0.0,0.0,0.0,0.0,0.0,0.0,1.0,0.0,0.0,0.0,0.0,0.0,0.0,0.0,0.0,1.0,7.721339747330426,4.074481933125849,12.754015005493859,-0.6336493272717822,-1.1555219644527739,0.4787359930181514,0.1655638384203082,0.3701281247200072,0.5310229178311876
2003-11-14,London,Ships,Shipped,24.0,99.57,2389.68,Other,0.0,0.0,0.0,0.0,0.0,0.0,1.0,0.0,0.0,0.0,0.0,0.0,0.0,0.0,1.0,0.0,0.0,0.0,0.0,0.0,0.0,0.0,0.0,1.0,7.779333123286202,4.610854002456389,9.323544176118064,-0.5205233927406927,0.7297354951400121,-1.226160139275199,0.18182492242545445,0.9935788310485918,0.11179429849077627
2003-11-14,London,Classic Cars,Shipped,26.0,100.0,3854.24,Other,0.0,0.0,0.0,0.0,0.0,0.0,1.0,0.0,0.0,0.0,0.0,1.0,0.0,0.0,0.0,0.0,0.0,0.0,0.0,0.0,0.0,0.0,0.0,1.0,8.257188540868894,4.61512051684126,9.823805373555334,0.4116148005248506,0.7447315744112115,-0.9775373049564378,0.35862769295683544,1.0,0.1676914477361645
2003-11-14,New Bedford,Trains,Shipped,49.0,80.67,3952.83,New Bedford,0.0,0.0,0.0,0.0,0.0,1.0,0.0,0.0,0.0,0.0,0.0,0.0,0.0,0.0,0.0,1.0,0.0,0.0,0.0,0.0,0.0,0.0,0.0,1.0,8.28244000837026,4.402686737370185,14.736931873780104,0.4608720788311159,-0.0019373711160946795,1.464218006289084,0.3705295509528813,0.7113460562076277,0.8105086640581285
2003-11-14,Sevilla,Trucks and Buses,Shipped,46.0,100.0,5984.14,Other,0.0,0.0,0.0,0.0,0.0,0.0,1.0,0.0,0.0,0.0,0.0,0.0,0.0,0.0,0.0,0.0,1.0,0.0,0.0,0.0,0.0,0.0,0.0,1.0,8.697035009531355,4.61512051684126,14.161377611660777,1.2696100801165204,0.7447315744112115,1.1781755694872693,0.6157508022557296,1.0,0.7266629401900462
2003-11-14,New Bedford,Vintage Cars,Shipped,28.0,100.0,3442.04,New Bedford,0.0,0.0,0.0,0.0,0.0,1.0,0.0,0.0,0.0,0.0,0.0,0.0,0.0,0.0,0.0,0.0,0.0,1.0,0.0,0.0,0.0,0.0,0.0,1.0,8.144110081046234,4.61512051684126,10.308532382015233,0.19103604938386498,0.7447315744112115,-0.7366347457903012,0.30886660292772417,1.0,0.22358859698155265
2003-11-14,London,Vintage Cars,Shipped,46.0,100.0,4918.78,Other,0.0,0.0,0.0,0.0,0.0,0.0,1.0,0.0,0.0,0.0,0.0,0.0,0.0,0.0,0.0,0.0,0.0,1.0,0.0,0.0,0.0,0.0,0.0,1.0,8.501019093039433,4.61512051684126,14.161377611660777,0.8872477263017264,0.7447315744112115,1.1781755694872693,0.48713975210188676,1.0,0.7266629401900462
2003-11-14,Sevilla,Classic Cars,Shipped,49.0,100.0,5795.72,Other,0.0,0.0,0.0,0.0,0.0,0.0,1.0,0.0,0.0,0.0,0.0,1.0,0.0,0.0,0.0,0.0,0.0,0.0,0.0,0.0,0.0,0.0,0.0,1.0,8.665047519327945,4.61512051684126,14.736931873780104,1.2072130448874585,0.7447315744112115,1.464218006289084,0.5930045999673135,1.0,0.8105086640581285
2003-11-14,Sevilla,Trucks and Buses,Shipped,37.0,100.0,4516.22,Other,0.0,0.0,0.0,0.0,0.0,0.0,1.0,0.0,0.0,0.0,0.0,0.0,0.0,0.0,0.0,0.0,1.0,0.0,0.0,0.0,0.0,0.0,0.0,1.0,8.415652039361188,4.61512051684126,12.33304085962557,0.7207247818040377,0.7447315744112115,0.26951771693185156,0.4385424100297882,1.0,0.47512576858579947
2003-11-14,Sevilla,Classic Cars,Shipped,28.0,100.0,4409.72,Other,0.0,0.0,0.0,0.0,0.0,0.0,1.0,0.0,0.0,0.0,0.0,1.0,0.0,0.0,0.0,0.0,0.0,0.0,0.0,0.0,0.0,0.0,0.0,1.0,8.391793220420684,4.61512051684126,10.308532382015233,0.6741841011664634,0.7447315744112115,-0.7366347457903012,0.4256856509611314,1.0,0.22358859698155265
2003-11-14,New Bedford,Ships,Shipped,21.0,54.0,1134.0,New Bedford,0.0,0.0,0.0,0.0,0.0,1.0,0.0,0.0,0.0,0.0,0.0,0.0,0.0,0.0,1.0,0.0,0.0,0.0,0.0,0.0,0.0,0.0,0.0,1.0,7.034387929915503,4.007333185232471,8.539972716394377,-1.9736655798547493,-1.3915385005604606,-1.6155842205467048,0.030238300572580895,0.3130842517098229,0.027948574622694067
2003-11-14,Sevilla,Trains,Shipped,48.0,50.95,2445.6,Other,0.0,0.0,0.0,0.0,0.0,0.0,1.0,0.0,0.0,0.0,0.0,0.0,0.0,0.0,0.0,1.0,0.0,0.0,0.0,0.0,0.0,0.0,0.0,1.0,7.802454584612816,3.9502817175452365,14.546755227281093,-0.4754210534271084,-1.5920647978606173,1.3697028667658944,0.18857562634206754,0.2675387510079743,0.7825600894354343
2003-11-14,London,Planes,Shipped,22.0,69.2,1522.4,Other,0.0,0.0,0.0,0.0,0.0,0.0,1.0,0.0,0.0,0.0,0.0,0.0,0.0,1.0,0.0,0.0,0.0,0.0,0.0,0.0,0.0,0.0,0.0,1.0,7.328699957938688,4.251348311031766,8.805943150564206,-1.3995599571841113,-0.5338664432872888,-1.4834006262023,0.07712623693188908,0.540065107666577,0.055897149245388134
2003-11-14,London,Planes,Shipped,32.0,100.0,6004.8,Other,0.0,0.0,0.0,0.0,0.0,0.0,1.0,0.0,0.0,0.0,0.0,0.0,0.0,1.0,0.0,0.0,0.0,0.0,0.0,0.0,0.0,0.0,0.0,1.0,8.700480947955517,4.61512051684126,11.237179911736995,1.2763319685761134,0.7447315744112115,-0.2751098821684491,0.6182448927943067,1.0,0.335382895472329
2003-11-14,Sevilla,Trucks and Buses,Shipped,44.0,60.16,2647.04,Other,0.0,0.0,0.0,0.0,0.0,0.0,1.0,0.0,0.0,0.0,0.0,0.0,0.0,0.0,0.0,0.0,1.0,0.0,0.0,0.0,0.0,0.0,0.0,1.0,7.8815750226829895,4.113493381060861,13.768958087112637,-0.32108319415119596,-1.01840329732905,0.9831485417366043,0.21289361269690543,0.4050712301765075,0.670765790944658
2003-11-14,New Bedford,Ships,Shipped,22.0,79.45,1747.9,New Bedford,0.0,0.0,0.0,0.0,0.0,1.0,0.0,0.0,0.0,0.0,0.0,0.0,0.0,0.0,1.0,0.0,0.0,0.0,0.0,0.0,0.0,0.0,0.0,1.0,7.466742297855146,4.387635873438392,8.805943150564206,-1.1302849158446284,-0.05483862217516418,-1.4834006262023,0.10434876434956156,0.6931278559268883,0.055897149245388134
2003-11-18,Bergen,Motorcycles,Shipped,45.0,100.0,8714.7,Other,0.0,0.0,0.0,0.0,0.0,0.0,1.0,0.0,0.0,0.0,0.0,0.0,1.0,0.0,0.0,0.0,0.0,0.0,0.0,0.0,0.0,0.0,0.0,1.0,9.07288127601368,4.61512051684126,13.966075138951927,2.0027620898953127,0.7447315744112115,1.0811129658652374,0.9453860327018486,1.0,0.6987143655673522
2003-11-18,Bergen,Motorcycles,Shipped,48.0,100.0,5512.32,Other,0.0,0.0,0.0,0.0,0.0,0.0,1.0,0.0,0.0,0.0,0.0,0.0,1.0,0.0,0.0,0.0,0.0,0.0,0.0,0.0,0.0,0.0,0.0,1.0,8.614922261526962,4.61512051684126,14.546755227281093,1.1094352118350728,0.7447315744112115,1.3697028667658944,0.558792341563019,1.0,0.7825600894354343
2003-11-18,Bergen,Motorcycles,Shipped,25.0,100.0,2535.75,Other,0.0,0.0,0.0,0.0,0.0,0.0,1.0,0.0,0.0,0.0,0.0,0.0,1.0,0.0,0.0,0.0,0.0,0.0,0.0,0.0,0.0,0.0,0.0,1.0,7.8386390131591925,4.61512051684126,9.57572149487329,-0.4048371767805097,0.7447315744112115,-1.1008315308182302,0.1994586012720151,1.0,0.13974287311347044
2003-11-18,Bergen,Motorcycles,Shipped,40.0,91.4,3656.0,Other,0.0,0.0,0.0,0.0,0.0,0.0,1.0,0.0,0.0,0.0,0.0,0.0,1.0,0.0,0.0,0.0,0.0,0.0,0.0,0.0,0.0,0.0,0.0,1.0,8.204398418149381,4.526126978647638,12.961139346341028,0.30863869561228563,0.4319342806511432,0.5816739001387327,0.33469601297776946,0.8715766209718365,0.5589714924538818
2003-11-18,Pasadena,Motorcycles,Shipped,28.0,100.0,4512.48,Other,0.0,0.0,0.0,0.0,0.0,0.0,1.0,0.0,0.0,0.0,0.0,0.0,1.0,0.0,0.0,0.0,0.0,0.0,0.0,0.0,0.0,0.0,0.0,1.0,8.4148237535774,4.61512051684126,10.308532382015233,0.7191090696333703,0.7447315744112115,-0.7366347457903012,0.4380909144531048,1.0,0.22358859698155265
2003-11-18,Bergen,Planes,Shipped,29.0,100.0,3957.05,Other,0.0,0.0,0.0,0.0,0.0,0.0,1.0,0.0,0.0,0.0,0.0,0.0,0.0,1.0,0.0,0.0,0.0,0.0,0.0,0.0,0.0,0.0,0.0,1.0,8.28350675872547,4.61512051684126,10.54555133395328,0.4629529566702747,0.7447315744112115,-0.6188396341166861,0.3710389924859305,1.0,0.2515371716042467
2003-11-18,Bergen,Motorcycles,Shipped,38.0,96.34,3660.92,Other,0.0,0.0,0.0,0.0,0.0,0.0,1.0,0.0,0.0,0.0,0.0,0.0,1.0,0.0,0.0,0.0,0.0,0.0,0.0,0.0,0.0,0.0,0.0,1.0,8.205742879010028,4.5782100044053085,12.544675977743431,0.31126129498324046,0.6149973416162018,0.3746974174111126,0.33528995903051867,0.9453453991577816,0.5030743432084936
2003-11-18,Bergen,Motorcycles,Shipped,32.0,65.42,2093.44,Other,0.0,0.0,0.0,0.0,0.0,0.0,1.0,0.0,0.0,0.0,0.0,0.0,1.0,0.0,0.0,0.0,0.0,0.0,0.0,0.0,0.0,0.0,0.0,1.0,7.647041493521771,4.195998215948601,11.237179911736995,-0.7785806967189024,-0.7284127025191464,-0.2751098821684491,0.14606260968837553,0.4836185526983843,0.335382895472329
2003-11-18,Bergen,Motorcycles,Shipped,44.0,98.89,4351.16,Other,0.0,0.0,0.0,0.0,0.0,0.0,1.0,0.0,0.0,0.0,0.0,0.0,1.0,0.0,0.0,0.0,0.0,0.0,0.0,0.0,0.0,0.0,0.0,1.0,8.378427552565856,4.604069580544058,13.768958087112637,0.6481120948072795,0.7058893951087225,0.9831485417366043,0.4186162442845065,0.983424424334737,0.670765790944658
2003-11-19,Madrid,Motorcycles,Shipped,42.0,85.72,3600.24,Madrid,1.0,0.0,0.0,0.0,0.0,0.0,0.0,0.0,0.0,0.0,0.0,0.0,1.0,0.0,0.0,0.0,0.0,0.0,0.0,0.0,0.0,0.0,0.0,1.0,8.189033509581277,4.462684537691336,13.369046010543581,0.2786668305138126,0.2089447890153731,0.7843978201850537,0.32796462437994495,0.7867574590090494,0.6148686416992699
2003-11-19,Madrid,Motorcycles,Shipped,40.0,66.72,2668.8,Madrid,1.0,0.0,0.0,0.0,0.0,0.0,0.0,0.0,0.0,0.0,0.0,0.0,1.0,0.0,0.0,0.0,0.0,0.0,0.0,0.0,0.0,0.0,0.0,1.0,7.8897588422216325,4.2153815572649345,12.961139346341028,-0.3051192634766173,-0.6602835233580071,0.5816739001387327,0.215520496052154,0.5030313890631066,0.5589714924538818
2003-11-19,Madrid,Motorcycles,Shipped,46.0,33.034,1517.54,Madrid,1.0,0.0,0.0,0.0,0.0,0.0,0.0,0.0,0.0,0.0,0.0,0.0,1.0,0.0,0.0,0.0,0.0,0.0,0.0,0.0,0.0,0.0,0.0,1.0,7.325504625923521,3.5273600249492447,14.161377611660777,-1.4057929952577795,-3.0785632965340333,1.1781755694872693,0.07653953412368558,0.0,0.7266629401900462
2003-11-19,Madrid,Motorcycles,Shipped,42.0,76.19,3199.98,Madrid,1.0,0.0,0.0,0.0,0.0,0.0,0.0,0.0,0.0,0.0,0.0,0.0,1.0,0.0,0.0,0.0,0.0,0.0,0.0,0.0,0.0,0.0,0.0,1.0,8.071212291902858,4.346269914961763,13.369046010543581,0.048836524245280455,-0.20023299718169082,0.7843978201850537,0.2796449400154324,0.6444464355045845,0.6148686416992699
2003-11-20,Nashua,Classic Cars,Shipped,26.0,100.0,3918.46,Other,0.0,0.0,0.0,0.0,0.0,0.0,1.0,0.0,0.0,0.0,0.0,1.0,0.0,0.0,0.0,0.0,0.0,0.0,0.0,0.0,0.0,0.0,0.0,1.0,8.273709168193362,4.61512051684126,9.823805373555334,0.4438410914472046,0.7447315744112115,-0.9775373049564378,0.3663803790356068,1.0,0.1676914477361645
2003-11-20,Koln,Motorcycles,Shipped,43.0,72.74,3127.82,Other,0.0,0.0,0.0,0.0,0.0,0.0,1.0,0.0,0.0,0.0,0.0,0.0,1.0,0.0,0.0,0.0,0.0,0.0,0.0,0.0,0.0,0.0,0.0,1.0,8.048411215647926,4.300545392805998,13.569968697266269,0.004359150456576495,-0.36094698922095325,0.8842535917456676,0.2709337312417772,0.5929277543828211,0.6428172163219641
2003-11-20,Nashua,Classic Cars,Shipped,46.0,100.0,5566.0,Other,0.0,0.0,0.0,0.0,0.0,0.0,1.0,0.0,0.0,0.0,0.0,1.0,0.0,0.0,0.0,0.0,0.0,0.0,0.0,0.0,0.0,0.0,0.0,1.0,8.624611588183507,4.61512051684126,14.161377611660777,1.128335889971737,0.7447315744112115,1.1781755694872693,0.5652726310165919,1.0,0.7266629401900462
2003-11-20,Koln,Classic Cars,Shipped,32.0,100.0,4237.76,Other,0.0,0.0,0.0,0.0,0.0,0.0,1.0,0.0,0.0,0.0,0.0,1.0,0.0,0.0,0.0,0.0,0.0,0.0,0.0,0.0,0.0,0.0,0.0,1.0,8.352026052623147,4.61512051684126,11.237179911736995,0.5966114828008481,0.7447315744112115,-0.2751098821684491,0.4049265120930916,1.0,0.335382895472329
2003-11-20,Nashua,Classic Cars,Shipped,47.0,100.0,7421.3,Other,0.0,0.0,0.0,0.0,0.0,0.0,1.0,0.0,0.0,0.0,0.0,1.0,0.0,0.0,0.0,0.0,0.0,0.0,0.0,0.0,0.0,0.0,0.0,1.0,8.912244261175529,4.61512051684126,14.35492029635209,1.6894122956410844,0.7447315744112115,1.2743635830212399,0.7892458244445643,1.0,0.7546115148127404
2003-11-20,Koln,Classic Cars,Shipped,40.0,100.0,5590.0,Other,0.0,0.0,0.0,0.0,0.0,0.0,1.0,0.0,0.0,0.0,0.0,1.0,0.0,0.0,0.0,0.0,0.0,0.0,0.0,0.0,0.0,0.0,0.0,1.0,8.628913441026645,4.61512051684126,12.961139346341028,1.1367273849498245,0.7447315744112115,0.5816739001387327,0.5681699288348807,1.0,0.5589714924538818
2003-11-20,Koln,Classic Cars,Shipped,48.0,60.01,2880.48,Other,0.0,0.0,0.0,0.0,0.0,0.0,1.0,0.0,0.0,0.0,0.0,1.0,0.0,0.0,0.0,0.0,0.0,0.0,0.0,0.0,0.0,0.0,0.0,1.0,7.966059330023204,4.111037785163761,14.546755227281093,-0.156282196389628,-1.0270343032062415,1.3697028667658944,0.24107466280946183,0.4028312875190395,0.7825600894354343
2003-11-20,Nashua,Classic Cars,Shipped,38.0,100.0,4965.84,Other,0.0,0.0,0.0,0.0,0.0,0.0,1.0,0.0,0.0,0.0,0.0,1.0,0.0,0.0,0.0,0.0,0.0,0.0,0.0,0.0,0.0,0.0,0.0,1.0,8.510539101985332,4.61512051684126,12.544675977743431,0.9058181214718638,0.7447315744112115,0.3746974174111126,0.49282087024058163,1.0,0.5030743432084936
2003-11-20,Koln,Classic Cars,Shipped,44.0,66.29,2916.76,Other,0.0,0.0,0.0,0.0,0.0,0.0,1.0,0.0,0.0,0.0,0.0,1.0,0.0,0.0,0.0,0.0,0.0,0.0,0.0,0.0,0.0,0.0,0.0,1.0,7.978571477585022,4.209011637200227,13.768958087112637,-0.13187512639941157,-0.6826727192271881,0.9831485417366043,0.2454544113447752,0.49661022011169853,0.670765790944658
2003-11-20,Koln,Classic Cars,Shipped,21.0,100.0,3840.9,Other,0.0,0.0,0.0,0.0,0.0,0.0,1.0,0.0,0.0,0.0,0.0,1.0,0.0,0.0,0.0,0.0,0.0,0.0,0.0,0.0,0.0,0.0,0.0,1.0,8.253722314879406,4.61512051684126,8.539972716394377,0.40485333772165394,0.7447315744112115,-1.6155842205467048,0.3570172782528366,1.0,0.027948574622694067
2003-11-20,Nashua,Classic Cars,Shipped,37.0,69.82,2583.34,Other,0.0,0.0,0.0,0.0,0.0,0.0,1.0,0.0,0.0,0.0,0.0,1.0,0.0,0.0,0.0,0.0,0.0,0.0,0.0,0.0,0.0,0.0,0.0,1.0,7.857225435194111,4.2601414466837575,12.33304085962557,-0.368581202237956,-0.5029600528747171,0.26951771693185156,0.20520370140419708,0.5493235373174445,0.47512576858579947
2003-11-20,Nashua,Classic Cars,Shipped,22.0,100.0,3300.66,Other,0.0,0.0,0.0,0.0,0.0,0.0,1.0,0.0,0.0,0.0,0.0,1.0,0.0,0.0,0.0,0.0,0.0,0.0,0.0,0.0,0.0,0.0,0.0,1.0,8.102180651280271,4.61512051684126,8.805943150564206,0.10924557161882895,0.7447315744112115,-1.4834006262023,0.29179910436315415,1.0,0.055897149245388134
2003-11-20,Nashua,Classic Cars,Shipped,45.0,90.86,4088.7,Other,0.0,0.0,0.0,0.0,0.0,0.0,1.0,0.0,0.0,0.0,0.0,1.0,0.0,0.0,0.0,0.0,0.0,0.0,0.0,0.0,0.0,0.0,0.0,1.0,8.31622689671338,4.520265678897648,13.966075138951927,0.5267791459007695,0.41133279949950385,1.0811129658652374,0.38693187822666913,0.8635128274049517,0.6987143655673522
2003-11-20,Nashua,Classic Cars,Shipped,46.0,83.6,3845.6,Other,0.0,0.0,0.0,0.0,0.0,0.0,1.0,0.0,0.0,0.0,0.0,1.0,0.0,0.0,0.0,0.0,0.0,0.0,0.0,0.0,0.0,0.0,0.0,1.0,8.254944920221266,4.437934266612178,14.161377611660777,0.407238237196486,0.12195175591958732,1.1781755694872693,0.3575846657422515,0.755099602783502,0.7266629401900462
2003-11-20,Nashua,Classic Cars,Shipped,29.0,100.0,4258.36,Other,0.0,0.0,0.0,0.0,0.0,0.0,1.0,0.0,0.0,0.0,0.0,1.0,0.0,0.0,0.0,0.0,0.0,0.0,0.0,0.0,0.0,0.0,0.0,1.0,8.356874193235262,4.61512051684126,10.54555133395328,0.6060686049022042,0.7447315744112115,-0.6188396341166861,0.40741335938712286,1.0,0.2515371716042467
2003-11-20,Nashua,Classic Cars,Shipped,32.0,72.77,2328.64,Other,0.0,0.0,0.0,0.0,0.0,0.0,1.0,0.0,0.0,0.0,0.0,1.0,0.0,0.0,0.0,0.0,0.0,0.0,0.0,0.0,0.0,0.0,0.0,1.0,7.753469028184629,4.300952144896211,11.237179911736995,-0.5709757052840712,-0.35951732415051746,-0.2751098821684491,0.17445612830760643,0.5933757429143147,0.335382895472329
2003-11-20,Koln,Classic Cars,Shipped,23.0,100.0,3414.58,Other,0.0,0.0,0.0,0.0,0.0,0.0,1.0,0.0,0.0,0.0,0.0,1.0,0.0,0.0,0.0,0.0,0.0,0.0,0.0,0.0,0.0,0.0,0.0,1.0,8.136102596529717,4.61512051684126,9.067037908070397,0.17541609013429527,0.7447315744112115,-1.353640175122944,0.30555161134063197,1.0,0.0838457238680822
2003-11-20,Nashua,Classic Cars,Shipped,27.0,100.0,3544.56,Other,0.0,0.0,0.0,0.0,0.0,0.0,1.0,0.0,0.0,0.0,0.0,1.0,0.0,0.0,0.0,0.0,0.0,0.0,0.0,0.0,0.0,0.0,0.0,1.0,8.173451395460825,4.61512051684126,10.068010317854855,0.24827126907606423,0.7447315744112115,-0.8561708553548468,0.3212428934415148,1.0,0.19564002235885858
2003-11-20,Koln,Classic Cars,Shipped,30.0,64.64,1939.2,Other,0.0,0.0,0.0,0.0,0.0,0.0,1.0,0.0,0.0,0.0,0.0,1.0,0.0,0.0,0.0,0.0,0.0,0.0,0.0,0.0,0.0,0.0,0.0,1.0,7.5705463395271835,4.18418526622189,10.779232502977782,-0.92779749329471,-0.7699332306478238,-0.5027033539745942,0.12744264237617242,0.4719708508795508,0.2794857462269409
2003-11-20,Koln,Classic Cars,Shipped,36.0,94.88,3415.68,Other,0.0,0.0,0.0,0.0,0.0,0.0,1.0,0.0,0.0,0.0,0.0,1.0,0.0,0.0,0.0,0.0,0.0,0.0,0.0,0.0,0.0,0.0,0.0,1.0,8.136424598329855,4.563097409566184,12.119023021201402,0.1760442093627573,0.5618791168178372,0.16315383770961095,0.3056844041573036,0.9235432906250933,0.4471771939631053
2003-11-20,Nashua,Classic Cars,Shipped,45.0,100.0,6319.35,Other,0.0,0.0,0.0,0.0,0.0,0.0,1.0,0.0,0.0,0.0,0.0,1.0,0.0,0.0,0.0,0.0,0.0,0.0,0.0,0.0,0.0,0.0,0.0,1.0,8.751529865354337,4.61512051684126,13.966075138951927,1.3759115566301998,0.7447315744112115,1.0811129658652374,0.6562176023252552,1.0,0.6987143655673522
2003-11-20,Nashua,Classic Cars,Shipped,45.0,100.0,5340.6,Other,0.0,0.0,0.0,0.0,0.0,0.0,1.0,0.0,0.0,0.0,0.0,1.0,0.0,0.0,0.0,0.0,0.0,0.0,0.0,0.0,0.0,0.0,0.0,1.0,8.58328051254366,4.61512051684126,13.966075138951927,1.047712603607128,0.7447315744112115,1.0811129658652374,0.5380621756731623,1.0,0.6987143655673522
2003-11-20,Nashua,Classic Cars,Shipped,23.0,100.0,3052.33,Other,0.0,0.0,0.0,0.0,0.0,0.0,1.0,0.0,0.0,0.0,0.0,1.0,0.0,0.0,0.0,0.0,0.0,0.0,0.0,0.0,0.0,0.0,0.0,1.0,8.023988077296414,4.61512051684126,9.067037908070397,-0.04328233108613999,0.7447315744112115,-1.353640175122944,0.26182052239583437,1.0,0.0838457238680822
2003-11-20,Nashua,Classic Cars,Shipped,47.0,53.83,2530.01,Other,0.0,0.0,0.0,0.0,0.0,0.0,1.0,0.0,0.0,0.0,0.0,1.0,0.0,0.0,0.0,0.0,0.0,0.0,0.0,0.0,0.0,0.0,0.0,1.0,7.836373711544826,4.004237489415957,14.35492029635209,-0.4092560325187142,-1.4024193498149662,1.2743635830212399,0.19876566421047437,0.31054565003135914,0.7546115148127404
2003-11-20,Nashua,Classic Cars,Shipped,30.0,33.034,917.7,Other,0.0,0.0,0.0,0.0,0.0,0.0,1.0,0.0,0.0,0.0,0.0,1.0,0.0,0.0,0.0,0.0,0.0,0.0,0.0,0.0,0.0,0.0,0.0,1.0,6.822959627277421,3.5273600249492447,10.779232502977782,-2.386092411851811,-3.0785632965340333,-0.5027033539745942,0.004126403985252464,0.0,0.2794857462269409
2003-11-21,Glen Waverly,Vintage Cars,Shipped,28.0,93.21,2609.88,Other,0.0,0.0,0.0,0.0,0.0,0.0,1.0,0.0,0.0,0.0,0.0,0.0,0.0,0.0,0.0,0.0,0.0,1.0,0.0,0.0,0.0,0.0,0.0,1.0,7.867442608240435,4.545526333060576,10.308532382015233,-0.3486508700218637,0.5001197431490753,-0.7366347457903012,0.20840762990825484,0.8986052623719498,0.22358859698155265
2003-11-21,Glen Waverly,Vintage Cars,Shipped,24.0,51.84,1244.16,Other,0.0,0.0,0.0,0.0,0.0,0.0,1.0,0.0,0.0,0.0,0.0,0.0,0.0,0.0,0.0,0.0,0.0,1.0,0.0,0.0,0.0,0.0,0.0,1.0,7.127019314697809,3.9672684796541247,9.323544176118064,-1.7929723231214578,-1.5323591908552412,-1.226160139275199,0.0435368975585268,0.28082907744228425,0.11179429849077627
2003-11-21,Glen Waverly,Vintage Cars,Shipped,46.0,53.37,2455.02,Other,0.0,0.0,0.0,0.0,0.0,0.0,1.0,0.0,0.0,0.0,0.0,0.0,0.0,0.0,0.0,0.0,0.0,1.0,0.0,0.0,0.0,0.0,0.0,1.0,7.806297432556352,3.995812531157829,14.161377611660777,-0.4679249255037238,-1.4320316587159838,1.1781755694872693,0.1897128157357459,0.3036764925484574,0.7266629401900462
2003-11-21,Glen Waverly,Vintage Cars,Shipped,32.0,79.37,2539.84,Other,0.0,0.0,0.0,0.0,0.0,0.0,1.0,0.0,0.0,0.0,0.0,0.0,0.0,0.0,0.0,0.0,0.0,1.0,0.0,0.0,0.0,0.0,0.0,1.0,7.840250014001944,4.386640972224627,11.237179911736995,-0.40169464588171216,-0.05833553232775667,-0.2751098821684491,0.19995234910854848,0.6919332198429053,0.335382895472329
2003-11-21,Glen Waverly,Vintage Cars,Shipped,26.0,33.034,883.5186,Other,0.0,0.0,0.0,0.0,0.0,0.0,1.0,0.0,0.0,0.0,0.0,0.0,0.0,0.0,0.0,0.0,0.0,1.0,0.0,0.0,0.0,0.0,0.0,1.0,6.785043542208585,3.5273600249492447,9.823805373555334,-2.4600541788033214,-3.0785632965340333,-0.9775373049564378,0.0,0.0,0.1676914477361645
2003-11-21,Glen Waverly,Vintage Cars,Shipped,21.0,100.0,3141.6,Other,0.0,0.0,0.0,0.0,0.0,0.0,1.0,0.0,0.0,0.0,0.0,0.0,0.0,0.0,0.0,0.0,0.0,1.0,0.0,0.0,0.0,0.0,0.0,1.0,8.052805761756032,4.61512051684126,8.539972716394377,0.012931459399214062,0.7447315744112115,-1.6155842205467048,0.2725972630724447,1.0,0.027948574622694067
2003-11-21,Glen Waverly,Vintage Cars,Shipped,23.0,100.0,2769.89,Other,0.0,0.0,0.0,0.0,0.0,0.0,1.0,0.0,0.0,0.0,0.0,0.0,0.0,0.0,0.0,0.0,0.0,1.0,0.0,0.0,0.0,0.0,0.0,1.0,7.926923847214698,4.61512051684126,9.067037908070397,-0.23262260584283412,0.7447315744112115,-1.353640175122944,0.22772415590427153,1.0,0.0838457238680822
2003-11-21,Glen Waverly,Vintage Cars,Shipped,28.0,100.0,3106.88,Other,0.0,0.0,0.0,0.0,0.0,0.0,1.0,0.0,0.0,0.0,0.0,0.0,0.0,0.0,0.0,0.0,0.0,1.0,0.0,0.0,0.0,0.0,0.0,1.0,8.041696100703541,4.61512051684126,10.308532382015233,-0.008739822332082578,0.7447315744112115,-0.7366347457903012,0.26840583889532016,1.0,0.22358859698155265
2003-11-21,Glen Waverly,Vintage Cars,Shipped,42.0,59.33,2491.86,Other,0.0,0.0,0.0,0.0,0.0,0.0,1.0,0.0,0.0,0.0,0.0,0.0,0.0,0.0,0.0,0.0,0.0,1.0,0.0,0.0,0.0,0.0,0.0,1.0,7.821185924706408,4.09982949245267,13.369046010543581,-0.43888239158539755,-1.0664295637932757,0.7843978201850537,0.19416016788681933,0.3926768808051847,0.6148686416992699
2003-11-21,Glen Waverly,Vintage Cars,Shipped,20.0,50.62,1012.4,Other,0.0,0.0,0.0,0.0,0.0,0.0,1.0,0.0,0.0,0.0,0.0,0.0,0.0,0.0,0.0,0.0,0.0,1.0,0.0,0.0,0.0,0.0,0.0,1.0,6.921066293041809,3.943909194290468,8.268807419728406,-2.1947186891564976,-1.6144631435042969,-1.7503495890608907,0.015558658293250621,0.26261087716154463,0.0
2003-11-21,Glen Waverly,Classic Cars,Shipped,25.0,76.26,1906.5,Other,0.0,0.0,0.0,0.0,0.0,0.0,1.0,0.0,0.0,0.0,0.0,1.0,0.0,0.0,0.0,0.0,0.0,0.0,0.0,0.0,0.0,0.0,0.0,1.0,7.553548763158612,4.347176357238135,9.57572149487329,-0.9609541543748399,-0.19704700529110938,-1.1008315308182302,0.12349507409875382,0.6454917420780695,0.13974287311347044
2003-11-21,Glen Waverly,Vintage Cars,Shipped,22.0,41.03,902.66,Other,0.0,0.0,0.0,0.0,0.0,0.0,1.0,0.0,0.0,0.0,0.0,0.0,0.0,0.0,0.0,0.0,0.0,1.0,0.0,0.0,0.0,0.0,0.0,1.0,6.806453183451812,3.7383836490170252,8.805943150564206,-2.4182910354494593,-2.3368508096764793,-1.4834006262023,0.002310764019124764,0.11940387659409257,0.055897149245388134
2003-11-21,Glen Waverly,Vintage Cars,Shipped,24.0,97.55,2341.2,Other,0.0,0.0,0.0,0.0,0.0,0.0,1.0,0.0,0.0,0.0,0.0,0.0,0.0,0.0,0.0,0.0,0.0,1.0,0.0,0.0,0.0,0.0,0.0,1.0,7.7588459376080365,4.590564033598729,9.323544176118064,-0.5604871297633793,0.6584196729131917,-1.226160139275199,0.17597238083251093,0.963414269928023,0.11179429849077627
2003-11-21,Glen Waverly,Vintage Cars,Shipped,44.0,100.0,4642.88,Other,0.0,0.0,0.0,0.0,0.0,0.0,1.0,0.0,0.0,0.0,0.0,0.0,0.0,0.0,0.0,0.0,0.0,1.0,0.0,0.0,0.0,0.0,0.0,1.0,8.443305502690647,4.61512051684126,13.768958087112637,0.7746675611406273,0.7447315744112115,0.9831485417366043,0.4538328992658077,1.0,0.670765790944658
2003-11-21,Glen Waverly,Vintage Cars,Shipped,20.0,100.0,2279.0,Other,0.0,0.0,0.0,0.0,0.0,0.0,1.0,0.0,0.0,0.0,0.0,0.0,0.0,0.0,0.0,0.0,0.0,1.0,0.0,0.0,0.0,0.0,0.0,1.0,7.731930721948486,4.61512051684126,8.268807419728406,-0.6129898315704678,0.7447315744112115,-1.7503495890608907,0.16846355065344565,1.0,0.0
2003-11-21,Glen Waverly,Vintage Cars,Shipped,22.0,100.0,3675.32,Other,0.0,0.0,0.0,0.0,0.0,0.0,1.0,0.0,0.0,0.0,0.0,0.0,0.0,0.0,0.0,0.0,0.0,1.0,0.0,0.0,0.0,0.0,0.0,1.0,8.209667530829392,4.61512051684126,8.805943150564206,0.31891699526724004,0.7447315744112115,-1.4834006262023,0.337028337721492,1.0,0.055897149245388134
2003-11-25,White Plains,Trains,Shipped,33.0,54.68,1804.44,Other,0.0,0.0,0.0,0.0,0.0,0.0,1.0,0.0,0.0,0.0,0.0,0.0,0.0,0.0,0.0,1.0,0.0,0.0,0.0,0.0,0.0,0.0,0.0,1.0,7.498559608373577,4.019621016026164,11.461717832632248,-1.0682198450095017,-1.3483488454858823,-0.16351766875873364,0.11117431512648043,0.3232386584236777,0.3633314700950231
2003-11-25,Lyon,Classic Cars,Shipped,42.0,100.0,7290.36,Other,0.0,0.0,0.0,0.0,0.0,0.0,1.0,0.0,0.0,0.0,0.0,1.0,0.0,0.0,0.0,0.0,0.0,0.0,0.0,0.0,0.0,0.0,0.0,1.0,8.894445364530421,4.61512051684126,13.369046010543581,1.6546925231943912,0.7447315744112115,0.7843978201850537,0.7734386504309498,1.0,0.6148686416992699
2003-11-25,Lyon,Trucks and Buses,Shipped,39.0,54.94,2142.66,Other,0.0,0.0,0.0,0.0,0.0,0.0,1.0,0.0,0.0,0.0,0.0,0.0,0.0,0.0,0.0,0.0,1.0,0.0,0.0,0.0,0.0,0.0,0.0,1.0,7.670269927525672,4.024279687773814,12.754015005493859,-0.7332696890205599,-1.331974399152365,0.4787359930181514,0.15200448463071625,0.32712122569662216,0.5310229178311876
2003-11-25,Lyon,Classic Cars,Shipped,26.0,89.01,2314.26,Other,0.0,0.0,0.0,0.0,0.0,0.0,1.0,0.0,0.0,0.0,0.0,1.0,0.0,0.0,0.0,0.0,0.0,0.0,0.0,0.0,0.0,0.0,0.0,1.0,7.747277271229043,4.499920775268994,9.823805373555334,-0.5830537793821223,0.33982389080765585,-0.9775373049564378,0.17272016403148172,0.8358868679628468,0.1676914477361645
2003-11-25,White Plains,Trucks and Buses,Shipped,49.0,100.0,6445.46,Other,0.0,0.0,0.0,0.0,0.0,0.0,1.0,0.0,0.0,0.0,0.0,0.0,0.0,0.0,0.0,0.0,1.0,0.0,0.0,0.0,0.0,0.0,0.0,1.0,8.771286421914244,4.61512051684126,14.736931873780104,1.414450077402988,0.7447315744112115,1.464218006289084,0.6714416951529388,1.0,0.8105086640581285
2003-11-25,Lyon,Trucks and Buses,Shipped,49.0,100.0,5760.93,Other,0.0,0.0,0.0,0.0,0.0,0.0,1.0,0.0,0.0,0.0,0.0,0.0,0.0,0.0,0.0,0.0,1.0,0.0,0.0,0.0,0.0,0.0,0.0,1.0,8.659027767011152,4.61512051684126,14.736931873780104,1.1954704950658666,0.7447315744112115,1.464218006289084,0.5888047253382189,1.0,0.8105086640581285
2003-11-25,Lyon,Trucks and Buses,Shipped,45.0,70.49,3172.05,Other,0.0,0.0,0.0,0.0,0.0,0.0,1.0,0.0,0.0,0.0,0.0,0.0,0.0,0.0,0.0,0.0,1.0,0.0,0.0,0.0,0.0,0.0,0.0,1.0,8.062448549416809,4.26955757977876,13.966075138951927,0.03174135531632899,-0.4698639314080859,1.0811129658652374,0.2762732096793987,0.5593286145208016,0.6987143655673522
2003-11-25,White Plains,Trucks and Buses,Shipped,35.0,100.0,3608.15,Other,0.0,0.0,0.0,0.0,0.0,0.0,1.0,0.0,0.0,0.0,0.0,0.0,0.0,0.0,0.0,0.0,1.0,0.0,0.0,0.0,0.0,0.0,0.0,1.0,8.191227566538847,4.61512051684126,11.902530119204657,0.28294671144243577,0.7447315744112115,0.05555988642964223,0.32891952545255604,1.0,0.41922861934041133
2003-11-25,White Plains,Classic Cars,Shipped,34.0,100.0,3699.88,Other,0.0,0.0,0.0,0.0,0.0,0.0,1.0,0.0,0.0,0.0,0.0,1.0,0.0,0.0,0.0,0.0,0.0,0.0,0.0,0.0,0.0,0.0,0.0,1.0,8.21632590819122,4.61512051684126,11.683463549954297,0.33190529175978645,0.7447315744112115,-0.05331314156158311,0.3399932391555409,1.0,0.39128004471771716
2003-11-25,Lyon,Trucks and Buses,Shipped,21.0,93.34,1960.14,Other,0.0,0.0,0.0,0.0,0.0,0.0,1.0,0.0,0.0,0.0,0.0,0.0,0.0,0.0,0.0,0.0,1.0,0.0,0.0,0.0,0.0,0.0,0.0,1.0,7.581281215794912,4.546905277856116,8.539972716394377,-0.9068572929727196,0.5049665017907065,-1.6155842205467048,0.12997053472262945,0.9005465460084221,0.027948574622694067
2003-11-25,Lyon,Trucks and Buses,Shipped,37.0,97.27,3598.99,Other,0.0,0.0,0.0,0.0,0.0,0.0,1.0,0.0,0.0,0.0,0.0,0.0,0.0,0.0,0.0,0.0,1.0,0.0,0.0,0.0,0.0,0.0,0.0,1.0,8.188686346662566,4.587718792374336,12.33304085962557,0.27798963024798085,0.648419129355204,0.26951771693185156,0.32781372345190907,0.9592330436340828,0.47512576858579947
2003-11-25,Lyon,Trucks and Buses,Shipped,32.0,100.0,4262.08,Other,0.0,0.0,0.0,0.0,0.0,0.0,1.0,0.0,0.0,0.0,0.0,0.0,0.0,0.0,0.0,0.0,1.0,0.0,0.0,0.0,0.0,0.0,0.0,1.0,8.357747182716269,4.61512051684126,11.237179911736995,0.6077715192307303,0.7447315744112115,-0.2751098821684491,0.4078624405489576,1.0,0.335382895472329
2003-11-25,White Plains,Classic Cars,Shipped,50.0,100.0,7620.5,Other,0.0,0.0,0.0,0.0,0.0,0.0,1.0,0.0,0.0,0.0,0.0,1.0,0.0,0.0,0.0,0.0,0.0,0.0,0.0,0.0,0.0,0.0,0.0,1.0,8.938728479701897,4.61512051684126,14.925497315272617,1.7410742643011905,0.7447315744112115,1.5579323994073224,0.8132933963363618,1.0,0.8384572386808227
2003-11-25,Lyon,Trucks and Buses,Shipped,38.0,100.0,4933.92,Other,0.0,0.0,0.0,0.0,0.0,0.0,1.0,0.0,0.0,0.0,0.0,0.0,0.0,0.0,0.0,0.0,1.0,0.0,0.0,0.0,0.0,0.0,0.0,1.0,8.504091740996572,4.61512051684126,12.544675977743431,0.8932414482726868,0.7447315744112115,0.3746974174111126,0.48896746414225734,1.0,0.5030743432084936
2003-11-25,Lyon,Classic Cars,Shipped,26.0,100.0,4263.74,Other,0.0,0.0,0.0,0.0,0.0,0.0,1.0,0.0,0.0,0.0,0.0,1.0,0.0,0.0,0.0,0.0,0.0,0.0,0.0,0.0,0.0,0.0,0.0,1.0,8.35813649675455,4.61512051684126,9.823805373555334,0.6085309424179627,0.7447315744112115,-0.9775373049564378,0.40806283698138923,1.0,0.1676914477361645
2003-11-25,White Plains,Classic Cars,Shipped,27.0,100.0,5128.11,Other,0.0,0.0,0.0,0.0,0.0,0.0,1.0,0.0,0.0,0.0,0.0,1.0,0.0,0.0,0.0,0.0,0.0,0.0,0.0,0.0,0.0,0.0,0.0,1.0,8.542687433835058,4.61512051684126,10.068010317854855,0.9685289056636509,0.7447315744112115,-0.8561708553548468,0.5124102251144871,1.0,0.19564002235885858
2003-11-25,White Plains,Classic Cars,Shipped,44.0,66.47,2924.68,Other,0.0,0.0,0.0,0.0,0.0,0.0,1.0,0.0,0.0,0.0,0.0,1.0,0.0,0.0,0.0,0.0,0.0,0.0,0.0,0.0,0.0,0.0,0.0,1.0,7.981282211279465,4.211683054639334,13.768958087112637,-0.12658737969739733,-0.6732831369899024,0.9831485417366043,0.24641051962481048,0.49929815130066,0.670765790944658
2003-11-25,White Plains,Trucks and Buses,Shipped,49.0,100.0,5161.17,Other,0.0,0.0,0.0,0.0,0.0,0.0,1.0,0.0,0.0,0.0,0.0,0.0,0.0,0.0,0.0,0.0,1.0,0.0,0.0,0.0,0.0,0.0,0.0,1.0,8.549112312707997,4.61512051684126,14.736931873780104,0.9810617236755669,0.7447315744112115,1.464218006289084,0.5164012528591801,1.0,0.8105086640581285
2003-11-25,White Plains,Trucks and Buses,Shipped,32.0,43.29,1385.28,Other,0.0,0.0,0.0,0.0,0.0,0.0,1.0,0.0,0.0,0.0,0.0,0.0,0.0,0.0,0.0,0.0,1.0,0.0,0.0,0.0,0.0,0.0,0.0,1.0,7.234379179548536,3.790758917935107,11.237179911736995,-1.5835486632256865,-2.152760563237598,-0.2751098821684491,0.060573008730065325,0.15315234596660998,0.335382895472329
2003-11-25,White Plains,Classic Cars,Shipped,32.0,33.034,905.28,Other,0.0,0.0,0.0,0.0,0.0,0.0,1.0,0.0,0.0,0.0,0.0,1.0,0.0,0.0,0.0,0.0,0.0,0.0,0.0,0.0,0.0,0.0,0.0,1.0,6.809348309069254,3.5273600249492447,11.237179911736995,-2.412643600968188,-3.0785632965340333,-0.2751098821684491,0.0026270523642879656,0.0,0.335382895472329
2003-11-25,Lyon,Vintage Cars,Shipped,41.0,44.78,1835.98,Other,0.0,0.0,0.0,0.0,0.0,0.0,1.0,0.0,0.0,0.0,0.0,0.0,0.0,0.0,0.0,0.0,0.0,1.0,0.0,0.0,0.0,0.0,0.0,1.0,7.515878197839582,3.8238473145244205,13.166125611826143,-1.0344369933335422,-2.036460423720963,0.6835492136397722,0.11498184734268171,0.17540244303079178,0.5869200670765757
2003-11-26,Barcelona,Ships,Shipped,46.0,87.74,4036.04,Other,0.0,0.0,0.0,0.0,0.0,0.0,1.0,0.0,0.0,0.0,0.0,0.0,0.0,0.0,1.0,0.0,0.0,0.0,0.0,0.0,0.0,0.0,0.0,1.0,8.303267029151636,4.4857107459507635,14.161377611660777,0.5014987219702947,0.289878031757494,1.1781755694872693,0.38057472393037367,0.8169220201296179,0.7266629401900462
2003-11-26,Barcelona,Vintage Cars,Shipped,22.0,86.38,1900.36,Other,0.0,0.0,0.0,0.0,0.0,0.0,1.0,0.0,0.0,0.0,0.0,0.0,0.0,0.0,0.0,0.0,0.0,1.0,0.0,0.0,0.0,0.0,0.0,1.0,7.550324698573111,4.47026642352329,8.805943150564206,-0.9672432402094273,0.23559384037315897,-1.4834006262023,0.12275384874024159,0.7966132067019083,0.055897149245388134
2003-11-26,Barcelona,Ships,Shipped,24.0,90.52,2172.48,Other,0.0,0.0,0.0,0.0,0.0,0.0,1.0,0.0,0.0,0.0,0.0,0.0,0.0,0.0,1.0,0.0,0.0,0.0,0.0,0.0,0.0,0.0,0.0,1.0,7.684084848638178,4.5165575276314875,9.323544176118064,-0.7063213378413264,0.3982992725215757,-1.226160139275199,0.1556043771699402,0.8584356240480242,0.11179429849077627
2003-11-26,New Haven,Trains,Shipped,46.0,62.09,2856.14,Other,0.0,0.0,0.0,0.0,0.0,0.0,1.0,0.0,0.0,0.0,0.0,0.0,0.0,0.0,0.0,1.0,0.0,0.0,0.0,0.0,0.0,0.0,0.0,1.0,7.9575764034803145,4.144562278382718,14.161377611660777,-0.17282958610280397,-0.9092013575068295,1.1781755694872693,0.23813631993874718,0.43389182570259544,0.7266629401900462
2003-11-26,Barcelona,Vintage Cars,Shipped,47.0,83.2,3910.4,Other,0.0,0.0,0.0,0.0,0.0,0.0,1.0,0.0,0.0,0.0,0.0,0.0,0.0,0.0,0.0,0.0,0.0,1.0,0.0,0.0,0.0,0.0,0.0,1.0,8.271650645158548,4.4331949212482815,14.35492029635209,0.43982559246599956,0.10529375541627237,1.2743635830212399,0.36540736985163147,0.7491264223635876,0.7546115148127404
2003-11-26,New Haven,Classic Cars,Shipped,35.050383351588174,100.0,3807.12,Other,0.0,0.0,0.0,0.0,0.0,0.0,1.0,0.0,0.0,0.0,0.0,1.0,0.0,0.0,0.0,0.0,0.0,0.0,0.0,0.0,0.0,0.0,0.0,1.0,8.244890908019785,4.61512051684126,11.913498472712774,0.3876261779339447,0.7447315744112115,0.06101100506720186,0.35293933157359497,1.0,0.42063676220201485
2003-11-26,Barcelona,Ships,Shipped,50.0,78.79,3939.5,Other,0.0,0.0,0.0,0.0,0.0,0.0,1.0,0.0,0.0,0.0,0.0,0.0,0.0,0.0,1.0,0.0,0.0,0.0,0.0,0.0,0.0,0.0,0.0,1.0,8.279062897793704,4.379398183320189,14.925497315272617,0.4542844507840939,-0.0837927151139321,1.5579323994073224,0.3689203434563067,0.6832721082340294,0.8384572386808227
2003-11-26,Barcelona,Vintage Cars,Shipped,50.0,100.0,5090.5,Other,0.0,0.0,0.0,0.0,0.0,0.0,1.0,0.0,0.0,0.0,0.0,0.0,0.0,0.0,0.0,0.0,0.0,1.0,0.0,0.0,0.0,0.0,0.0,1.0,8.53532776161172,4.61512051684126,14.925497315272617,0.9541726143737205,0.7447315744112115,1.5579323994073224,0.5078699179917436,1.0,0.8384572386808227
2003-11-26,Barcelona,Classic Cars,Shipped,45.0,100.0,5324.4,Other,0.0,0.0,0.0,0.0,0.0,0.0,1.0,0.0,0.0,0.0,0.0,1.0,0.0,0.0,0.0,0.0,0.0,0.0,0.0,0.0,0.0,0.0,0.0,1.0,8.58024310512735,4.61512051684126,13.966075138951927,1.0417876242994273,0.7447315744112115,1.0811129658652374,0.5361064996458172,1.0,0.6987143655673522
2003-11-26,New Haven,Vintage Cars,Shipped,49.0,100.0,6893.81,Other,0.0,0.0,0.0,0.0,0.0,0.0,1.0,0.0,0.0,0.0,0.0,0.0,0.0,0.0,0.0,0.0,0.0,1.0,0.0,0.0,0.0,0.0,0.0,1.0,8.838524233647577,4.61512051684126,14.736931873780104,1.545608854811622,0.7447315744112115,1.464218006289084,0.7255668400208478,1.0,0.8105086640581285
2003-11-26,New Haven,Classic Cars,Shipped,38.0,100.0,7232.16,Other,0.0,0.0,0.0,0.0,0.0,0.0,1.0,0.0,0.0,0.0,0.0,1.0,0.0,0.0,0.0,0.0,0.0,0.0,0.0,0.0,0.0,0.0,0.0,1.0,8.886431287439681,4.61512051684126,12.544675977743431,1.6390597040085322,0.7447315744112115,0.3746974174111126,0.7664127032215994,1.0,0.5030743432084936
2003-11-26,Barcelona,Ships,Shipped,42.0,50.23,2109.66,Other,0.0,0.0,0.0,0.0,0.0,0.0,1.0,0.0,0.0,0.0,0.0,0.0,0.0,0.0,1.0,0.0,0.0,0.0,0.0,0.0,0.0,0.0,0.0,1.0,7.654755973768108,3.936325297951111,13.369046010543581,-0.7635322920881046,-1.6411192614568892,0.7843978201850537,0.14802070013056906,0.2567870262521279,0.6148686416992699
2003-11-26,New Haven,Classic Cars,Shipped,27.0,100.0,4537.08,Other,0.0,0.0,0.0,0.0,0.0,0.0,1.0,0.0,0.0,0.0,0.0,1.0,0.0,0.0,0.0,0.0,0.0,0.0,0.0,0.0,0.0,0.0,0.0,1.0,8.420259294095814,4.61512051684126,10.068010317854855,0.7297120150679685,0.7447315744112115,-0.8561708553548468,0.4410606447168509,1.0,0.19564002235885858
2003-11-26,New Haven,Ships,Shipped,50.0,94.4,4720.0,Other,0.0,0.0,0.0,0.0,0.0,0.0,1.0,0.0,0.0,0.0,0.0,0.0,0.0,0.0,1.0,0.0,0.0,0.0,0.0,0.0,0.0,0.0,0.0,1.0,8.459775920546287,4.558078578454241,14.925497315272617,0.8067959099620109,0.5442387709958865,1.5579323994073224,0.4631428829219093,0.9163754741211958,0.8384572386808227
2003-11-26,Barcelona,Ships,Shipped,41.0,100.0,4534.6,Other,0.0,0.0,0.0,0.0,0.0,0.0,1.0,0.0,0.0,0.0,0.0,0.0,0.0,0.0,1.0,0.0,0.0,0.0,0.0,0.0,0.0,0.0,0.0,1.0,8.419712658097685,4.61512051684126,13.166125611826143,0.7286457086645646,0.7447315744112115,0.6835492136397722,0.44076125727562776,1.0,0.5869200670765757
2003-11-26,Barcelona,Planes,Shipped,29.0,41.71,1209.59,Other,0.0,0.0,0.0,0.0,0.0,0.0,1.0,0.0,0.0,0.0,0.0,0.0,0.0,1.0,0.0,0.0,0.0,0.0,0.0,0.0,0.0,0.0,0.0,1.0,7.098863123056709,3.754433084853375,10.54555133395328,-1.8478957594577867,-2.280439746605094,-0.6188396341166861,0.03936358149276653,0.12955828330794739,0.2515371716042467
2003-11-26,New Haven,Trains,Shipped,35.0,100.0,3564.75,Other,0.0,0.0,0.0,0.0,0.0,0.0,1.0,0.0,0.0,0.0,0.0,0.0,0.0,0.0,0.0,1.0,0.0,0.0,0.0,0.0,0.0,0.0,0.0,1.0,8.179129689403531,4.61512051684126,11.902530119204657,0.2593477463154772,0.7447315744112115,0.05555988642964223,0.3236802452311503,1.0,0.41922861934041133
2003-11-26,New Haven,Classic Cars,Shipped,47.0,100.0,8887.7,Other,0.0,0.0,0.0,0.0,0.0,0.0,1.0,0.0,0.0,0.0,0.0,1.0,0.0,0.0,0.0,0.0,0.0,0.0,0.0,0.0,0.0,0.0,0.0,1.0,9.092536086094015,4.61512051684126,14.35492029635209,2.041102136870065,0.7447315744112115,1.2743635830212399,0.9662707211420141,1.0,0.7546115148127404
2003-11-26,Barcelona,Ships,Shipped,35.0,93.35,3267.25,Other,0.0,0.0,0.0,0.0,0.0,0.0,1.0,0.0,0.0,0.0,0.0,0.0,0.0,0.0,1.0,0.0,0.0,0.0,0.0,0.0,0.0,0.0,0.0,1.0,8.09200995244197,4.547011271814559,11.902530119204657,0.08940589524278011,0.5053390526975352,0.05555988642964223,0.2877658243586112,0.9006958755189198,0.41922861934041133
2003-11-26,Barcelona,Ships,Shipped,23.0,64.67,1487.41,Other,0.0,0.0,0.0,0.0,0.0,0.0,1.0,0.0,0.0,0.0,0.0,0.0,0.0,0.0,1.0,0.0,0.0,0.0,0.0,0.0,0.0,0.0,0.0,1.0,7.305463715073923,4.184642200202881,9.067037908070397,-1.444886197392517,-0.7683271846855874,-1.353640175122944,0.07290221815430878,0.47241883941104446,0.0838457238680822
2003-11-26,Barcelona,Vintage Cars,Shipped,22.0,100.0,2538.8,Other,0.0,0.0,0.0,0.0,0.0,0.0,1.0,0.0,0.0,0.0,0.0,0.0,0.0,0.0,0.0,0.0,0.0,1.0,0.0,0.0,0.0,0.0,0.0,1.0,7.839840616754933,4.61512051684126,8.805943150564206,-0.40249324478028053,0.7447315744112115,-1.4834006262023,0.19982679953642263,1.0,0.055897149245388134
2003-11-26,Barcelona,Ships,Shipped,27.0,92.16,2488.32,Other,0.0,0.0,0.0,0.0,0.0,0.0,1.0,0.0,0.0,0.0,0.0,0.0,0.0,0.0,1.0,0.0,0.0,0.0,0.0,0.0,0.0,0.0,0.0,1.0,7.819764859792764,4.53431844501614,10.068010317854855,-0.4416544201789373,0.4607259048971575,-0.8561708553548468,0.19373281645862173,0.8829256637696741,0.19564002235885858
2003-11-27,Makati City,Planes,Shipped,42.0,100.0,4774.56,Other,0.0,0.0,0.0,0.0,0.0,0.0,1.0,0.0,0.0,0.0,0.0,0.0,0.0,1.0,0.0,0.0,0.0,0.0,0.0,0.0,0.0,0.0,0.0,1.0,8.471266523525275,4.61512051684126,13.369046010543581,0.829210283653844,0.7447315744112115,0.7843978201850537,0.46972940662881935,1.0,0.6148686416992699
2003-11-27,Makati City,Planes,Shipped,43.0,66.19,2846.17,Other,0.0,0.0,0.0,0.0,0.0,0.0,1.0,0.0,0.0,0.0,0.0,0.0,0.0,1.0,0.0,0.0,0.0,0.0,0.0,0.0,0.0,0.0,0.0,1.0,7.9540807974728684,4.207524426932059,13.569968697266269,-0.17964835962353123,-0.6879000127653221,0.8842535917456676,0.23693273413673305,0.4951169250067198,0.6428172163219641
2003-11-27,Makati City,Vintage Cars,Shipped,27.0,71.67,1935.09,Other,0.0,0.0,0.0,0.0,0.0,0.0,1.0,0.0,0.0,0.0,0.0,0.0,0.0,0.0,0.0,0.0,0.0,1.0,0.0,0.0,0.0,0.0,0.0,1.0,7.568425754359313,4.2859286446285445,10.068010317854855,-0.9319340550125694,-0.4123223965402182,-0.8561708553548468,0.12694648012479043,0.5769494967595497,0.19564002235885858
2003-11-27,Makati City,Planes,Shipped,40.0,63.67,2546.8,Other,0.0,0.0,0.0,0.0,0.0,0.0,1.0,0.0,0.0,0.0,0.0,0.0,0.0,1.0,0.0,0.0,0.0,0.0,0.0,0.0,0.0,0.0,0.0,1.0,7.842985520675686,4.169297415458502,12.961139346341028,-0.39635857527393914,-0.8222615178832386,0.5816739001387327,0.20079256547585228,0.45748588836125803,0.5589714924538818
2003-11-27,Makati City,Planes,Shipped,42.0,100.0,7483.98,Other,0.0,0.0,0.0,0.0,0.0,0.0,1.0,0.0,0.0,0.0,0.0,0.0,0.0,1.0,0.0,0.0,0.0,0.0,0.0,0.0,0.0,0.0,0.0,1.0,8.92065362483947,4.61512051684126,13.369046010543581,1.705816188458441,0.7447315744112115,0.7843978201850537,0.7968126005799953,1.0,0.6148686416992699
2003-11-27,Makati City,Planes,Shipped,48.0,67.82,3255.36,Other,0.0,0.0,0.0,0.0,0.0,0.0,1.0,0.0,0.0,0.0,0.0,0.0,0.0,1.0,0.0,0.0,0.0,0.0,0.0,0.0,0.0,0.0,0.0,1.0,8.088365286121125,4.231494400369335,14.546755227281093,0.08229635425116738,-0.6036495944218251,1.3697028667658944,0.28633045473113394,0.5194576352178717,0.7825600894354343
2003-12-01,San Francisco,Motorcycles,Shipped,24.0,100.0,3025.92,San Francisco,0.0,0.0,0.0,0.0,0.0,0.0,0.0,0.0,1.0,0.0,0.0,0.0,1.0,0.0,0.0,0.0,0.0,0.0,0.0,0.0,0.0,0.0,0.0,1.0,8.015300879865071,4.61512051684126,9.323544176118064,-0.06022818587869632,0.7447315744112115,-1.226160139275199,0.2586322875882924,1.0,0.11179429849077627
2003-12-01,Burbank,Vintage Cars,Shipped,29.0,38.4,1113.6,Other,0.0,0.0,0.0,0.0,0.0,0.0,1.0,0.0,0.0,0.0,0.0,0.0,0.0,0.0,0.0,0.0,0.0,1.0,0.0,0.0,0.0,0.0,0.0,1.0,7.0162508751354355,3.673765816303888,10.54555133395328,-2.0090449872063987,-2.563971605315986,-0.6188396341166861,0.027775597427035337,0.08013021533315412,0.2515371716042467
2003-12-01,San Francisco,Motorcycles,Shipped,22.0,98.57,2168.54,San Francisco,0.0,0.0,0.0,0.0,0.0,0.0,0.0,0.0,1.0,0.0,0.0,0.0,1.0,0.0,0.0,0.0,0.0,0.0,0.0,0.0,0.0,0.0,0.0,1.0,7.682270442496417,4.600860914399993,8.805943150564206,-0.7098606453402061,0.6946114741853013,-1.4834006262023,0.15512873744477113,0.9786458799988051,0.055897149245388134
2003-12-01,San Francisco,Motorcycles,Shipped,25.0,73.88,1847.0,San Francisco,0.0,0.0,0.0,0.0,0.0,0.0,0.0,0.0,1.0,0.0,0.0,0.0,1.0,0.0,0.0,0.0,0.0,0.0,0.0,0.0,0.0,0.0,0.0,1.0,7.521859252201629,4.315886832169337,9.57572149487329,-1.0227699304485698,-0.3070244144740541,-1.1008315308182302,0.116312189924246,0.6099513185795775,0.13974287311347044
2003-12-01,San Francisco,Motorcycles,Shipped,49.0,100.0,8065.89,San Francisco,0.0,0.0,0.0,0.0,0.0,0.0,0.0,0.0,1.0,0.0,0.0,0.0,1.0,0.0,0.0,0.0,0.0,0.0,0.0,0.0,0.0,0.0,0.0,1.0,8.995523309043833,4.61512051684126,14.736931873780104,1.8518622299947163,0.7447315744112115,1.464218006289084,0.8670612078066818,1.0,0.8105086640581285
2003-12-01,San Francisco,Motorcycles,Shipped,25.0,100.0,4029.0,San Francisco,0.0,0.0,0.0,0.0,0.0,0.0,0.0,0.0,1.0,0.0,0.0,0.0,1.0,0.0,0.0,0.0,0.0,0.0,0.0,0.0,0.0,0.0,0.0,1.0,8.301521654940728,4.61512051684126,9.57572149487329,0.4980940729830393,0.7447315744112115,-1.1008315308182302,0.3797248499036756,1.0,0.13974287311347044
2003-12-01,San Francisco,Motorcycles,Shipped,39.0,100.0,4351.23,San Francisco,0.0,0.0,0.0,0.0,0.0,0.0,0.0,0.0,1.0,0.0,0.0,0.0,1.0,0.0,0.0,0.0,0.0,0.0,0.0,0.0,0.0,0.0,0.0,1.0,8.378443636404011,4.61512051684126,12.754015005493859,0.6481434690667032,0.7447315744112115,0.4787359930181514,0.41862469473647645,1.0,0.5310229178311876
2003-12-01,Burbank,Planes,Shipped,38.0,82.4,3131.2,Other,0.0,0.0,0.0,0.0,0.0,0.0,1.0,0.0,0.0,0.0,0.0,0.0,0.0,1.0,0.0,0.0,0.0,0.0,0.0,0.0,0.0,0.0,0.0,1.0,8.049490912032333,4.423648309364701,12.544675977743431,0.00646528172558568,0.07173902298991601,0.3746974174111126,0.27134176735118615,0.7371800615237585,0.5030743432084936
2003-12-01,Burbank,Planes,Shipped,48.0,83.12,3989.76,Other,0.0,0.0,0.0,0.0,0.0,0.0,1.0,0.0,0.0,0.0,0.0,0.0,0.0,1.0,0.0,0.0,0.0,0.0,0.0,0.0,0.0,0.0,0.0,1.0,8.2917369679361,4.432244350834499,14.546755227281093,0.4790073782829936,0.10195266055708578,1.3697028667658944,0.3749877679707733,0.7479317862796047,0.7825600894354343
2003-12-01,San Francisco,Motorcycles,Shipped,30.0,64.81,1944.3,San Francisco,0.0,0.0,0.0,0.0,0.0,0.0,0.0,0.0,1.0,0.0,0.0,0.0,1.0,0.0,0.0,0.0,0.0,0.0,0.0,0.0,0.0,0.0,0.0,1.0,7.573171485803772,4.186771802468027,10.779232502977782,-0.9226766993949665,-0.7608419915036536,-0.5027033539745942,0.12805831816255878,0.4745094525580146,0.2794857462269409
2003-12-02,Madrid,Classic Cars,Shipped,45.0,85.47,3846.15,Madrid,1.0,0.0,0.0,0.0,0.0,0.0,0.0,0.0,0.0,0.0,0.0,1.0,0.0,0.0,0.0,0.0,0.0,0.0,0.0,0.0,0.0,0.0,0.0,1.0,8.255087893414037,4.459797532972339,13.966075138951927,0.40751713070421114,0.19879745380986547,1.0811129658652374,0.3576510621505873,0.7830242212466028,0.6987143655673522
2003-12-02,NYC,Classic Cars,Shipped,45.0,49.81,2241.45,NYC,0.0,0.0,0.0,1.0,0.0,0.0,0.0,0.0,0.0,0.0,0.0,1.0,0.0,0.0,0.0,0.0,0.0,0.0,0.0,0.0,0.0,0.0,0.0,1.0,7.715324297140344,3.9280931856056407,13.966075138951927,-0.6453834850641688,-1.6700537494642052,1.0811129658652374,0.1639304867752478,0.25051518681121765,0.6987143655673522
2003-12-02,Madrid,Classic Cars,Shipped,20.0,100.0,2254.8,Madrid,1.0,0.0,0.0,0.0,0.0,0.0,0.0,0.0,0.0,0.0,0.0,1.0,0.0,0.0,0.0,0.0,0.0,0.0,0.0,0.0,0.0,0.0,0.0,1.0,7.721259956205817,4.61512051684126,8.268807419728406,-0.6338049734191223,0.7447315744112115,-1.7503495890608907,0.16554210868667107,1.0,0.0
2003-12-02,Madrid,Classic Cars,Shipped,48.0,100.0,8291.04,Madrid,1.0,0.0,0.0,0.0,0.0,0.0,0.0,0.0,0.0,0.0,0.0,1.0,0.0,0.0,0.0,0.0,0.0,0.0,0.0,0.0,0.0,0.0,0.0,1.0,9.023051297470712,4.61512051684126,14.546755227281093,1.9055602492120571,0.7447315744112115,1.3697028667658944,0.8942414829645042,1.0,0.7825600894354343
2003-12-02,NYC,Classic Cars,Shipped,42.0,100.0,4242.0,NYC,0.0,0.0,0.0,1.0,0.0,0.0,0.0,0.0,0.0,0.0,0.0,1.0,0.0,0.0,0.0,0.0,0.0,0.0,0.0,0.0,0.0,0.0,0.0,1.0,8.353025845202325,4.61512051684126,13.369046010543581,0.5985617481198211,0.7447315744112115,0.7843978201850537,0.4054383680409893,1.0,0.6148686416992699
2003-12-02,NYC,Classic Cars,Shipped,47.0,96.32,4527.04,NYC,0.0,0.0,0.0,1.0,0.0,0.0,0.0,0.0,0.0,0.0,0.0,1.0,0.0,0.0,0.0,0.0,0.0,0.0,0.0,0.0,0.0,0.0,0.0,1.0,8.418044453766262,4.578004517915322,14.35492029635209,0.7253915926406072,0.6142750912227841,1.2743635830212399,0.4398486084628668,0.9450467401367857,0.7546115148127404
2003-12-02,Madrid,Classic Cars,Shipped,21.0,37.0,883.5186,Madrid,1.0,0.0,0.0,0.0,0.0,0.0,0.0,0.0,0.0,0.0,0.0,1.0,0.0,0.0,0.0,0.0,0.0,0.0,0.0,0.0,0.0,0.0,0.0,1.0,6.785043542208585,3.6375861597263857,8.539972716394377,-2.4600541788033214,-2.69113700289788,-1.6155842205467048,0.0,0.059224083863453125,0.027948574622694067
2003-12-02,NYC,Vintage Cars,Shipped,39.0,33.23,1295.97,NYC,0.0,0.0,0.0,1.0,0.0,0.0,0.0,0.0,0.0,0.0,0.0,0.0,0.0,0.0,0.0,0.0,0.0,1.0,0.0,0.0,0.0,0.0,0.0,1.0,7.16778605374824,3.533102452542094,12.754015005493859,-1.713449871171395,-3.0583796309880205,0.4787359930181514,0.049791439223757894,0.002926858405758126,0.5310229178311876
2003-12-02,NYC,Classic Cars,Shipped,40.0,79.62,3184.8,NYC,0.0,0.0,0.0,1.0,0.0,0.0,0.0,0.0,0.0,0.0,0.0,1.0,0.0,0.0,0.0,0.0,0.0,0.0,0.0,0.0,0.0,0.0,0.0,1.0,8.066458713860538,4.38974675768902,12.961139346341028,0.03956386250518668,-0.047419219660787715,0.5816739001387327,0.2778123991453647,0.695666457605352,0.5589714924538818
2003-12-02,NYC,Vintage Cars,Shipped,33.0,100.0,5890.5,NYC,0.0,0.0,0.0,1.0,0.0,0.0,0.0,0.0,0.0,0.0,0.0,0.0,0.0,0.0,0.0,0.0,0.0,1.0,0.0,0.0,0.0,0.0,0.0,1.0,8.681265913153396,4.61512051684126,11.461717832632248,1.2388497780118843,0.7447315744112115,-0.16351766875873364,0.6044465119347059,1.0,0.3633314700950231
2003-12-02,Madrid,Classic Cars,Shipped,20.0,100.0,3930.4,Madrid,1.0,0.0,0.0,0.0,0.0,0.0,0.0,0.0,0.0,0.0,0.0,1.0,0.0,0.0,0.0,0.0,0.0,0.0,0.0,0.0,0.0,0.0,0.0,1.0,8.276750875523698,4.61512051684126,8.268807419728406,0.4497744584678923,0.7447315744112115,-1.7503495890608907,0.3678217847002055,1.0,0.0
2003-12-02,NYC,Classic Cars,Shipped,27.0,100.0,4169.88,NYC,0.0,0.0,0.0,1.0,0.0,0.0,0.0,0.0,0.0,0.0,0.0,1.0,0.0,0.0,0.0,0.0,0.0,0.0,0.0,0.0,0.0,0.0,0.0,1.0,8.335882323703961,4.61512051684126,10.068010317854855,0.5651203962637898,0.7447315744112115,-0.8561708553548468,0.39673198809703125,1.0,0.19564002235885858
2003-12-02,Madrid,Classic Cars,Shipped,34.0,64.9,2206.6,Madrid,1.0,0.0,0.0,0.0,0.0,0.0,0.0,0.0,0.0,0.0,0.0,1.0,0.0,0.0,0.0,0.0,0.0,0.0,0.0,0.0,0.0,0.0,0.0,1.0,7.699661231565346,4.188138441508461,11.683463549954297,-0.6759369560699708,-0.7560384855180335,-0.05331314156158311,0.15972336890160754,0.4758534181524954,0.39128004471771716
2003-12-02,Madrid,Classic Cars,Shipped,33.0,86.04,2839.32,Madrid,1.0,0.0,0.0,0.0,0.0,0.0,0.0,0.0,0.0,0.0,0.0,1.0,0.0,0.0,0.0,0.0,0.0,0.0,0.0,0.0,0.0,0.0,0.0,1.0,7.95167200086412,4.466367783107633,11.461717832632248,-0.18434712673217166,0.2218907761269898,-0.16351766875873364,0.2361057970510964,0.7915360033449812,0.3633314700950231
2003-12-02,Madrid,Classic Cars,Shipped,47.0,100.0,5195.85,Madrid,1.0,0.0,0.0,0.0,0.0,0.0,0.0,0.0,0.0,0.0,0.0,1.0,0.0,0.0,0.0,0.0,0.0,0.0,0.0,0.0,0.0,0.0,0.0,1.0,8.555807951786438,4.61512051684126,14.35492029635209,0.9941227054781969,0.7447315744112115,1.2743635830212399,0.5205878482066075,1.0,0.7546115148127404
2003-12-02,NYC,Classic Cars,Shipped,40.0,100.0,4032.0,NYC,0.0,0.0,0.0,1.0,0.0,0.0,0.0,0.0,0.0,0.0,0.0,1.0,0.0,0.0,0.0,0.0,0.0,0.0,0.0,0.0,0.0,0.0,0.0,1.0,8.302265794873367,4.61512051684126,12.961139346341028,0.4995456443722592,0.7447315744112115,0.5816739001387327,0.3800870121309617,1.0,0.5589714924538818
2003-12-02,Madrid,Classic Cars,Shipped,47.0,100.0,6996.42,Madrid,1.0,0.0,0.0,0.0,0.0,0.0,0.0,0.0,0.0,0.0,0.0,1.0,0.0,0.0,0.0,0.0,0.0,0.0,0.0,0.0,0.0,0.0,0.0,1.0,8.853296788669736,4.61512051684126,14.35492029635209,1.5744252336609588,0.7447315744112115,1.2743635830212399,0.737953995401457,1.0,0.7546115148127404
2003-12-02,NYC,Classic Cars,Shipped,20.0,62.47,1249.4,NYC,0.0,0.0,0.0,1.0,0.0,0.0,0.0,0.0,0.0,0.0,0.0,1.0,0.0,0.0,0.0,0.0,0.0,0.0,0.0,0.0,0.0,0.0,0.0,1.0,7.131218779107267,4.150567353318379,8.268807419728406,-1.7847805541819792,-0.8880945307997685,-1.7503495890608907,0.0441694742488532,0.4395663471015142,0.0
2003-12-02,NYC,Vintage Cars,Shipped,29.0,85.59,2482.11,NYC,0.0,0.0,0.0,1.0,0.0,0.0,0.0,0.0,0.0,0.0,0.0,0.0,0.0,0.0,0.0,0.0,0.0,1.0,0.0,0.0,0.0,0.0,0.0,1.0,7.817267085775385,4.46118433545971,10.54555133395328,-0.4465267528429118,0.20367183091447683,-0.6188396341166861,0.19298314064813948,0.7848161753725771,0.2515371716042467
2003-12-02,NYC,Classic Cars,Shipped,42.0,100.0,6182.4,NYC,0.0,0.0,0.0,1.0,0.0,0.0,0.0,0.0,0.0,0.0,0.0,1.0,0.0,0.0,0.0,0.0,0.0,0.0,0.0,0.0,0.0,0.0,0.0,1.0,8.729623560980508,4.61512051684126,13.369046010543581,1.3331795874428625,0.7447315744112115,0.7843978201850537,0.6396848966496442,1.0,0.6148686416992699
2003-12-02,NYC,Vintage Cars,Shipped,23.0,71.44,1643.12,NYC,0.0,0.0,0.0,1.0,0.0,0.0,0.0,0.0,0.0,0.0,0.0,0.0,0.0,0.0,0.0,0.0,0.0,1.0,0.0,0.0,0.0,0.0,0.0,1.0,7.404960565653018,4.282758633015213,9.067037908070397,-1.2508006829840512,-0.42346445330034777,-1.353640175122944,0.09169964495788205,0.5735149180180987,0.0838457238680822
2003-12-02,NYC,Vintage Cars,Shipped,26.0,100.0,3206.32,NYC,0.0,0.0,0.0,1.0,0.0,0.0,0.0,0.0,0.0,0.0,0.0,0.0,0.0,0.0,0.0,0.0,0.0,1.0,0.0,0.0,0.0,0.0,0.0,1.0,8.07319097644276,4.61512051684126,9.823805373555334,0.05269628467532108,0.7447315744112115,-0.9775373049564378,0.28041030952243035,1.0,0.1676914477361645
2003-12-02,Madrid,Classic Cars,Shipped,32.0,100.0,5127.04,Madrid,1.0,0.0,0.0,0.0,0.0,0.0,0.0,0.0,0.0,0.0,0.0,1.0,0.0,0.0,0.0,0.0,0.0,0.0,0.0,0.0,0.0,0.0,0.0,1.0,8.542478798882096,4.61512051684126,11.237179911736995,0.9681219277348668,0.7447315744112115,-0.2751098821684491,0.5122810539200885,1.0,0.335382895472329
2003-12-02,NYC,Classic Cars,Shipped,38.0,100.0,6432.64,NYC,0.0,0.0,0.0,1.0,0.0,0.0,0.0,0.0,0.0,0.0,0.0,1.0,0.0,0.0,0.0,0.0,0.0,0.0,0.0,0.0,0.0,0.0,0.0,1.0,8.769295753482547,4.61512051684126,12.544675977743431,1.4105669403555954,0.7447315744112115,0.3746974174111126,0.6698940552350029,1.0,0.5030743432084936
2003-12-02,Madrid,Classic Cars,Shipped,44.0,82.99,3651.56,Madrid,1.0,0.0,0.0,0.0,0.0,0.0,0.0,0.0,0.0,0.0,0.0,1.0,0.0,0.0,0.0,0.0,0.0,0.0,0.0,0.0,0.0,0.0,0.0,1.0,8.203183570594653,4.430697744137536,13.768958087112637,0.30626892901952524,0.09651659857842014,0.9831485417366043,0.33416001288138597,0.7459905026431322,0.670765790944658
2003-12-02,NYC,Classic Cars,Shipped,45.0,76.26,3431.7,NYC,0.0,0.0,0.0,1.0,0.0,0.0,0.0,0.0,0.0,0.0,0.0,1.0,0.0,0.0,0.0,0.0,0.0,0.0,0.0,0.0,0.0,0.0,0.0,1.0,8.141102402514251,4.347176357238135,13.966075138951927,0.18516906131682928,-0.19704700529110938,1.0811129658652374,0.3076183504510114,0.6454917420780695,0.6987143655673522
2003-12-02,NYC,Classic Cars,Shipped,48.0,91.02,4368.96,NYC,0.0,0.0,0.0,1.0,0.0,0.0,0.0,0.0,0.0,0.0,0.0,1.0,0.0,0.0,0.0,0.0,0.0,0.0,0.0,0.0,0.0,0.0,0.0,1.0,8.382509134729666,4.522005944727322,14.546755227281093,0.6560739143950635,0.4174495407033539,1.3697028667658944,0.42076507349973746,0.8659020995729174,0.7825600894354343
2003-12-02,NYC,Classic Cars,Shipped,35.0,100.0,5735.8,NYC,0.0,0.0,0.0,1.0,0.0,0.0,0.0,0.0,0.0,0.0,0.0,1.0,0.0,0.0,0.0,0.0,0.0,0.0,0.0,0.0,0.0,0.0,0.0,1.0,8.654656842568365,4.61512051684126,11.902530119204657,1.1869442641954284,0.7447315744112115,0.05555988642964223,0.5857710130809857,1.0,0.41922861934041133
2003-12-03,Madrid,Classic Cars,Shipped,24.0,38.08,913.92,Madrid,1.0,0.0,0.0,0.0,0.0,0.0,0.0,0.0,0.0,0.0,0.0,1.0,0.0,0.0,0.0,0.0,0.0,0.0,0.0,0.0,0.0,0.0,0.0,1.0,6.818836629759159,3.6656108271745818,9.323544176118064,-2.394135019126105,-2.592635018211649,-1.226160139275199,0.003670079578871957,0.07535167099722251,0.11179429849077627
2003-12-03,Madrid,Vintage Cars,Shipped,40.0,100.0,7492.4,Madrid,1.0,0.0,0.0,0.0,0.0,0.0,0.0,0.0,0.0,0.0,0.0,0.0,0.0,0.0,0.0,0.0,0.0,1.0,0.0,0.0,0.0,0.0,0.0,1.0,8.921777912097095,4.61512051684126,12.961139346341028,1.7080093018029234,0.7447315744112115,0.5816739001387327,0.797829069231245,1.0,0.5589714924538818
2003-12-03,Madrid,Vintage Cars,Shipped,48.0,63.61,3053.28,Madrid,1.0,0.0,0.0,0.0,0.0,0.0,0.0,0.0,0.0,0.0,0.0,0.0,0.0,0.0,0.0,0.0,0.0,1.0,0.0,0.0,0.0,0.0,0.0,1.0,8.024299164614582,4.168369197570074,14.546755227281093,-0.04267550240944017,-0.8255240473815946,1.3697028667658944,0.2619352071011417,0.45658991129827076,0.7825600894354343
2003-12-03,Madrid,Vintage Cars,Shipped,32.0,37.17,1189.44,Madrid,1.0,0.0,0.0,0.0,0.0,0.0,0.0,0.0,0.0,0.0,0.0,0.0,0.0,0.0,0.0,0.0,0.0,1.0,0.0,0.0,0.0,0.0,0.0,1.0,7.082078265664825,3.6420498667571386,11.237179911736995,-1.880637476026864,-2.675447824698003,-0.2751098821684491,0.03693105853282819,0.061762685541916884,0.335382895472329
2003-12-03,Madrid,Vintage Cars,Shipped,36.0,100.0,3735.72,Madrid,1.0,0.0,0.0,0.0,0.0,0.0,0.0,0.0,0.0,0.0,0.0,0.0,0.0,0.0,0.0,0.0,0.0,1.0,0.0,0.0,0.0,0.0,0.0,1.0,8.2259635002668,4.61512051684126,12.119023021201402,0.35070505280509867,0.7447315744112115,0.16315383770961095,0.3443198705641856,1.0,0.4471771939631053
2003-12-05,Vancouver,Classic Cars,Shipped,47.0,100.0,9064.89,Other,0.0,0.0,0.0,0.0,0.0,0.0,1.0,0.0,0.0,0.0,0.0,1.0,0.0,0.0,0.0,0.0,0.0,0.0,0.0,0.0,0.0,0.0,0.0,1.0,9.112274298182095,4.61512051684126,14.35492029635209,2.0796048736333073,0.7447315744112115,1.2743635830212399,0.9876612294929559,1.0,0.7546115148127404
2003-12-05,Vancouver,Classic Cars,Shipped,33.0,100.0,3871.89,Other,0.0,0.0,0.0,0.0,0.0,0.0,1.0,0.0,0.0,0.0,0.0,1.0,0.0,0.0,0.0,0.0,0.0,0.0,0.0,0.0,0.0,0.0,0.0,1.0,8.26175627735567,4.61512051684126,11.461717832632248,0.42052494673107016,0.7447315744112115,-0.16351766875873364,0.3607584140607021,1.0,0.3633314700950231
2003-12-05,Vancouver,Vintage Cars,Shipped,28.0,87.3,2444.4,Other,0.0,0.0,0.0,0.0,0.0,0.0,1.0,0.0,0.0,0.0,0.0,0.0,0.0,0.0,0.0,0.0,0.0,1.0,0.0,0.0,0.0,0.0,0.0,1.0,7.8019639877100895,4.480740107609915,10.308532382015233,-0.47637804605228873,0.27240707540676684,-0.7366347457903012,0.18843076145115312,0.810351521667712,0.22358859698155265
2003-12-05,Vancouver,Trucks and Buses,Shipped,28.0,100.0,4056.36,Other,0.0,0.0,0.0,0.0,0.0,0.0,1.0,0.0,0.0,0.0,0.0,0.0,0.0,0.0,0.0,0.0,1.0,0.0,0.0,0.0,0.0,0.0,0.0,1.0,8.30828779478854,4.61512051684126,10.308532382015233,0.5112925785164213,0.7447315744112115,-0.7366347457903012,0.38302776941652494,1.0,0.22358859698155265
2003-12-05,Vancouver,Trucks and Buses,Shipped,36.0,58.82,2117.52,Other,0.0,0.0,0.0,0.0,0.0,0.0,1.0,0.0,0.0,0.0,0.0,0.0,0.0,0.0,0.0,0.0,1.0,0.0,0.0,0.0,0.0,0.0,0.0,1.0,7.658473010664015,4.091340053201802,12.119023021201402,-0.7562815799920067,-1.0962685125204823,0.16315383770961095,0.1489695651660587,0.38506107576979365,0.4471771939631053
2003-12-05,Vancouver,Vintage Cars,Shipped,33.0,97.39,3213.87,Other,0.0,0.0,0.0,0.0,0.0,0.0,1.0,0.0,0.0,0.0,0.0,0.0,0.0,0.0,0.0,0.0,0.0,1.0,0.0,0.0,0.0,0.0,0.0,1.0,8.075542200395397,4.588939172877674,11.461717832632248,0.05728274653497833,0.652708561223518,-0.16351766875873364,0.28132175112776703,0.9610249977600573,0.3633314700950231
2003-12-05,Vancouver,Vintage Cars,Shipped,30.0,100.0,3581.4,Other,0.0,0.0,0.0,0.0,0.0,0.0,1.0,0.0,0.0,0.0,0.0,0.0,0.0,0.0,0.0,0.0,0.0,1.0,0.0,0.0,0.0,0.0,0.0,1.0,8.183788245844491,4.61512051684126,10.779232502977782,0.2684350522752356,0.7447315744112115,-0.5027033539745942,0.3256902455925882,1.0,0.2794857462269409
2003-12-05,Vancouver,Vintage Cars,Shipped,21.0,53.33,1119.93,Other,0.0,0.0,0.0,0.0,0.0,0.0,1.0,0.0,0.0,0.0,0.0,0.0,0.0,0.0,0.0,0.0,0.0,1.0,0.0,0.0,0.0,0.0,0.0,1.0,7.021913976876228,3.9950765605634317,8.539972716394377,-1.9979981449384066,-1.4346184713642647,-1.6155842205467048,0.02853975972660905,0.30307917450646593,0.027948574622694067
2003-12-05,Vancouver,Trucks and Buses,Shipped,34.0,100.0,3966.78,Other,0.0,0.0,0.0,0.0,0.0,0.0,1.0,0.0,0.0,0.0,0.0,0.0,0.0,0.0,0.0,0.0,1.0,0.0,0.0,0.0,0.0,0.0,0.0,1.0,8.285962023319327,4.61512051684126,11.683463549954297,0.4677423674801061,0.7447315744112115,-0.05331314156158311,0.3722136053097617,1.0,0.39128004471771716
2003-12-05,Vancouver,Vintage Cars,Shipped,28.0,67.46,1888.88,Other,0.0,0.0,0.0,0.0,0.0,0.0,1.0,0.0,0.0,0.0,0.0,0.0,0.0,0.0,0.0,0.0,0.0,1.0,0.0,0.0,0.0,0.0,0.0,1.0,7.54426861397449,4.226249633102039,10.308532382015233,-0.9790566623206153,-0.6220840677657441,-0.7366347457903012,0.12136797461716009,0.5140817728399485,0.22358859698155265
2003-12-05,Vancouver,Vintage Cars,Shipped,37.0,90.17,3336.29,Other,0.0,0.0,0.0,0.0,0.0,0.0,1.0,0.0,0.0,0.0,0.0,0.0,0.0,0.0,0.0,0.0,0.0,1.0,0.0,0.0,0.0,0.0,0.0,1.0,8.112914379380559,4.5127258955968115,12.33304085962557,0.130183532245119,0.3848317314454646,0.26951771693185156,0.2961003844158889,0.8532090911805992,0.47512576858579947
2003-12-09,Boston,Classic Cars,Shipped,25.0,100.0,3937.25,Other,0.0,0.0,0.0,0.0,0.0,0.0,1.0,0.0,0.0,0.0,0.0,1.0,0.0,0.0,0.0,0.0,0.0,0.0,0.0,0.0,0.0,0.0,0.0,1.0,8.278491741186079,4.61512051684126,9.57572149487329,0.4531703127651156,0.7447315744112115,-1.1008315308182302,0.3686487217858421,1.0,0.13974287311347044
2003-12-09,Boston,Trucks and Buses,Shipped,28.0,94.92,2657.76,Other,0.0,0.0,0.0,0.0,0.0,0.0,1.0,0.0,0.0,0.0,0.0,0.0,0.0,0.0,0.0,0.0,1.0,0.0,0.0,0.0,0.0,0.0,0.0,1.0,7.8856151276733355,4.5635145107192585,10.308532382015233,-0.3132022828384084,0.5633451571006967,-0.7366347457903012,0.21418773905574112,0.9241406086670847,0.22358859698155265
2003-12-09,Boston,Trucks and Buses,Shipped,46.0,100.0,6819.04,Other,0.0,0.0,0.0,0.0,0.0,0.0,1.0,0.0,0.0,0.0,0.0,0.0,0.0,0.0,0.0,0.0,1.0,0.0,0.0,0.0,0.0,0.0,0.0,1.0,8.827620615922948,4.61512051684126,14.161377611660777,1.5243394956039584,0.7447315744112115,1.1781755694872693,0.7165405501094536,1.0,0.7266629401900462
2003-12-09,Boston,Classic Cars,Shipped,42.0,33.034,1247.4,Other,0.0,0.0,0.0,0.0,0.0,0.0,1.0,0.0,0.0,0.0,0.0,1.0,0.0,0.0,0.0,0.0,0.0,0.0,0.0,0.0,0.0,0.0,0.0,1.0,7.129618010396625,3.5273600249492447,13.369046010543581,-1.7879031255683675,-3.0785632965340333,0.7843978201850537,0.04392803276399579,0.0,0.6148686416992699
2003-12-09,Boston,Classic Cars,Shipped,49.0,46.82,2294.18,Other,0.0,0.0,0.0,0.0,0.0,0.0,1.0,0.0,0.0,0.0,0.0,1.0,0.0,0.0,0.0,0.0,0.0,0.0,0.0,0.0,0.0,0.0,0.0,1.0,7.7385665507916155,3.867443962030179,14.736931873780104,-0.6000455197952778,-1.8832255525874741,1.464218006289084,0.17029609152351333,0.2058656631723561,0.8105086640581285
2003-12-09,Boston,Classic Cars,Shipped,44.0,100.0,7060.24,Other,0.0,0.0,0.0,0.0,0.0,0.0,1.0,0.0,0.0,0.0,0.0,1.0,0.0,0.0,0.0,0.0,0.0,0.0,0.0,0.0,0.0,0.0,0.0,1.0,8.862375952458613,4.61512051684126,13.768958087112637,1.5921356854401554,0.7447315744112115,0.9831485417366043,0.7456583931832568,1.0,0.670765790944658
2003-12-09,Boston,Trucks and Buses,Shipped,37.0,69.89,2585.93,Other,0.0,0.0,0.0,0.0,0.0,0.0,1.0,0.0,0.0,0.0,0.0,0.0,0.0,0.0,0.0,0.0,1.0,0.0,0.0,0.0,0.0,0.0,0.0,1.0,7.858227123451178,4.261129379866926,12.33304085962557,-0.36662723907713,-0.4994876341757493,0.26951771693185156,0.2055163681270874,0.5503688438909298,0.47512576858579947
2003-12-09,Boston,Trains,Shipped,45.0,56.55,2544.75,Other,0.0,0.0,0.0,0.0,0.0,0.0,1.0,0.0,0.0,0.0,0.0,0.0,0.0,0.0,0.0,1.0,0.0,0.0,0.0,0.0,0.0,0.0,0.0,1.0,7.842180581051775,4.0526541351678915,13.966075138951927,-0.3979287467925888,-1.232242996884767,1.0811129658652374,0.20054508795387344,0.3511632768867783,0.6987143655673522
2003-12-09,Boston,Trucks and Buses,Shipped,34.0,99.54,3384.36,Other,0.0,0.0,0.0,0.0,0.0,0.0,1.0,0.0,0.0,0.0,0.0,0.0,0.0,0.0,0.0,0.0,1.0,0.0,0.0,0.0,0.0,0.0,0.0,1.0,8.12721553124241,4.610555658264429,11.683463549954297,0.1580803591254272,0.7286868655681564,-0.05331314156158311,0.30190343050443663,0.9931308425170984,0.39128004471771716
2003-12-09,Boston,Classic Cars,Shipped,28.0,100.0,2980.6,Other,0.0,0.0,0.0,0.0,0.0,0.0,1.0,0.0,0.0,0.0,0.0,1.0,0.0,0.0,0.0,0.0,0.0,0.0,0.0,0.0,0.0,0.0,0.0,1.0,8.000215348165048,4.61512051684126,10.308532382015233,-0.08965507892187646,0.7447315744112115,-0.7366347457903012,0.2531612235414235,1.0,0.22358859698155265
2003-12-09,Boston,Trucks and Buses,Shipped,47.0,100.0,6658.02,Other,0.0,0.0,0.0,0.0,0.0,0.0,1.0,0.0,0.0,0.0,0.0,0.0,0.0,0.0,0.0,0.0,1.0,0.0,0.0,0.0,0.0,0.0,0.0,1.0,8.803727605560084,4.61512051684126,14.35492029635209,1.4777321187869727,0.7447315744112115,1.2743635830212399,0.697102096163584,1.0,0.7546115148127404
2003-12-09,Boston,Classic Cars,Shipped,40.0,100.0,6146.8,Other,0.0,0.0,0.0,0.0,0.0,0.0,1.0,0.0,0.0,0.0,0.0,1.0,0.0,0.0,0.0,0.0,0.0,0.0,0.0,0.0,0.0,0.0,0.0,1.0,8.723849573224985,4.61512051684126,12.961139346341028,1.3219164431604407,0.7447315744112115,0.5816739001387327,0.6353872382191825,1.0,0.5589714924538818
2003-12-09,Boston,Classic Cars,Shipped,31.0,100.0,4076.19,Other,0.0,0.0,0.0,0.0,0.0,0.0,1.0,0.0,0.0,0.0,0.0,1.0,0.0,0.0,0.0,0.0,0.0,0.0,0.0,0.0,0.0,0.0,0.0,1.0,8.313163304627658,4.61512051684126,11.009728365329204,0.5208030889458576,0.7447315744112115,-0.388150126800217,0.3854216617388861,1.0,0.30743432084963496
2003-12-09,Boston,Trucks and Buses,Shipped,43.0,100.0,5752.54,Other,0.0,0.0,0.0,0.0,0.0,0.0,1.0,0.0,0.0,0.0,0.0,0.0,0.0,0.0,0.0,0.0,1.0,0.0,0.0,0.0,0.0,0.0,0.0,1.0,8.657570596529256,4.61512051684126,13.569968697266269,1.1926280364260857,0.7447315744112115,0.8842535917456676,0.5877918783092421,1.0,0.6428172163219641
2003-12-09,Boston,Trucks and Buses,Shipped,27.0,60.06,1621.62,Other,0.0,0.0,0.0,0.0,0.0,0.0,1.0,0.0,0.0,0.0,0.0,0.0,0.0,0.0,0.0,0.0,1.0,0.0,0.0,0.0,0.0,0.0,0.0,1.0,7.39179740578171,4.111856987306732,10.068010317854855,-1.276477663109495,-1.0241549456869776,-0.8561708553548468,0.08910414899566496,0.40357793507152884,0.19564002235885858
2003-12-09,Boston,Trucks and Buses,Shipped,49.0,80.9,3964.1,Other,0.0,0.0,0.0,0.0,0.0,0.0,1.0,0.0,0.0,0.0,0.0,0.0,0.0,0.0,0.0,0.0,1.0,0.0,0.0,0.0,0.0,0.0,0.0,1.0,8.285286354431872,4.405498990859024,14.736931873780104,0.4664243604997018,0.007947226108957426,1.464218006289084,0.3718900737200528,0.7147806349490786,0.8105086640581285
2004-01-02,Lyon,Ships,Shipped,42.0,63.88,2682.96,Other,0.0,0.0,0.0,0.0,0.0,0.0,1.0,0.0,0.0,0.0,0.0,0.0,0.0,0.0,1.0,0.0,0.0,0.0,0.0,0.0,0.0,0.0,0.0,1.0,7.895048594850863,4.1725394098071575,13.369046010543581,-0.2948007020933947,-0.8108664539355769,0.7843978201850537,0.21722990176494444,0.46062180808171316,0.6148686416992699
2004-01-02,Lyon,Classic Cars,Shipped,26.0,100.0,3142.36,Other,0.0,0.0,0.0,0.0,0.0,0.0,1.0,0.0,0.0,0.0,0.0,1.0,0.0,0.0,0.0,0.0,0.0,0.0,0.0,0.0,0.0,0.0,0.0,1.0,8.053047570486505,4.61512051684126,9.823805373555334,0.01340314841820593,0.7447315744112115,-0.9775373049564378,0.2726890108366905,1.0,0.1676914477361645
2004-01-02,Lyon,Vintage Cars,Shipped,20.0,89.4,1788.0,Other,0.0,0.0,0.0,0.0,0.0,0.0,1.0,0.0,0.0,0.0,0.0,0.0,0.0,0.0,0.0,0.0,0.0,1.0,0.0,0.0,0.0,0.0,0.0,1.0,7.489412083508719,4.504244267398131,8.268807419728406,-1.0860636466838955,0.35502023725074955,-1.7503495890608907,0.10918966612095254,0.8417107188722637,0.0
2004-01-02,Lyon,Trains,Shipped,30.0,65.61,1968.3,Other,0.0,0.0,0.0,0.0,0.0,0.0,1.0,0.0,0.0,0.0,0.0,0.0,0.0,0.0,0.0,1.0,0.0,0.0,0.0,0.0,0.0,0.0,0.0,1.0,7.585433428638151,4.198854716425088,10.779232502977782,-0.8987576962425422,-0.7183725845869252,-0.5027033539745942,0.13095561598084765,0.4864558133978437,0.2794857462269409
2004-01-02,Lyon,Ships,Shipped,38.0,74.67,2837.46,Other,0.0,0.0,0.0,0.0,0.0,0.0,1.0,0.0,0.0,0.0,0.0,0.0,0.0,0.0,1.0,0.0,0.0,0.0,0.0,0.0,0.0,0.0,0.0,1.0,7.951016930561515,4.326381780706431,12.544675977743431,-0.1856249526725382,-0.2701364384795295,0.3746974174111126,0.23588125647017905,0.6217483499089089,0.5030743432084936
2004-01-02,Lyon,Ships,Shipped,33.0,85.41,2818.53,Other,0.0,0.0,0.0,0.0,0.0,0.0,1.0,0.0,0.0,0.0,0.0,0.0,0.0,0.0,1.0,0.0,0.0,0.0,0.0,0.0,0.0,0.0,0.0,1.0,7.94432548337506,4.4591034098533076,11.461717832632248,-0.1986777574775284,0.1963577279873344,-0.16351766875873364,0.23359601281600367,0.7821282441836155,0.3633314700950231
2004-01-02,Lyon,Trains,Shipped,48.0,100.0,5614.56,Other,0.0,0.0,0.0,0.0,0.0,0.0,1.0,0.0,0.0,0.0,0.0,0.0,0.0,0.0,0.0,1.0,0.0,0.0,0.0,0.0,0.0,0.0,0.0,1.0,8.633296595057967,4.61512051684126,14.546755227281093,1.1452774717108558,0.7447315744112115,1.3697028667658944,0.5711348302689297,1.0,0.7825600894354343
2004-01-02,Lyon,Ships,Shipped,46.0,74.45,3424.7,Other,0.0,0.0,0.0,0.0,0.0,0.0,1.0,0.0,0.0,0.0,0.0,0.0,0.0,0.0,1.0,0.0,0.0,0.0,0.0,0.0,0.0,0.0,0.0,1.0,8.139061109375712,4.323470185213858,14.161377611660777,0.18118717217615798,-0.2803702061112791,1.1781755694872693,0.3067733052540105,0.618463100677956,0.7266629401900462
2004-01-02,Lyon,Classic Cars,Shipped,20.0,100.0,3114.4,Other,0.0,0.0,0.0,0.0,0.0,0.0,1.0,0.0,0.0,0.0,0.0,1.0,0.0,0.0,0.0,0.0,0.0,0.0,0.0,0.0,0.0,0.0,0.0,1.0,8.044112833892505,4.61512051684126,8.268807419728406,-0.004025573575080864,0.7447315744112115,-1.7503495890608907,0.269313658878384,1.0,0.0
2004-01-02,Lyon,Ships,Shipped,40.0,80.55,3222.0,Other,0.0,0.0,0.0,0.0,0.0,0.0,1.0,0.0,0.0,0.0,0.0,0.0,0.0,0.0,1.0,0.0,0.0,0.0,0.0,0.0,0.0,0.0,0.0,1.0,8.078067881815437,4.401216329067023,12.961139346341028,0.062209517330108446,-0.007105608577903721,0.5816739001387327,0.2823032107637124,0.7095541020816534,0.5589714924538818
2004-01-02,Lyon,Vintage Cars,Shipped,24.0,100.0,2622.48,Other,0.0,0.0,0.0,0.0,0.0,0.0,1.0,0.0,0.0,0.0,0.0,0.0,0.0,0.0,0.0,0.0,0.0,1.0,0.0,0.0,0.0,0.0,0.0,1.0,7.872256959693859,4.61512051684126,9.323544176118064,-0.3392596594162775,0.7447315744112115,-1.226160139275199,0.2099287112628565,1.0,0.11179429849077627
2004-01-02,Lyon,Classic Cars,Shipped,46.0,100.0,8602.92,Other,0.0,0.0,0.0,0.0,0.0,0.0,1.0,0.0,0.0,0.0,0.0,1.0,0.0,0.0,0.0,0.0,0.0,0.0,0.0,0.0,0.0,0.0,0.0,1.0,9.059973192343465,4.61512051684126,14.161377611660777,1.977582679244825,0.7447315744112115,1.1781755694872693,0.931891868113168,1.0,0.7266629401900462
2004-01-02,Lyon,Ships,Shipped,35.0,100.0,4301.15,Other,0.0,0.0,0.0,0.0,0.0,0.0,1.0,0.0,0.0,0.0,0.0,0.0,0.0,0.0,1.0,0.0,0.0,0.0,0.0,0.0,0.0,0.0,0.0,1.0,8.366870176723305,4.61512051684126,11.902530119204657,0.6255674692984505,0.7447315744112115,0.05555988642964223,0.41257899995564706,1.0,0.41922861934041133
2004-01-02,Lyon,Ships,Shipped,37.0,100.0,4447.4,Other,0.0,0.0,0.0,0.0,0.0,0.0,1.0,0.0,0.0,0.0,0.0,0.0,0.0,0.0,1.0,0.0,0.0,0.0,0.0,0.0,0.0,0.0,0.0,1.0,8.400299759944687,4.61512051684126,12.33304085962557,0.6907775520118207,0.7447315744112115,0.26951771693185156,0.4302344085358448,1.0,0.47512576858579947
2004-01-02,Lyon,Vintage Cars,Shipped,45.0,87.77,3949.65,Other,0.0,0.0,0.0,0.0,0.0,0.0,1.0,0.0,0.0,0.0,0.0,0.0,0.0,0.0,0.0,0.0,0.0,1.0,0.0,0.0,0.0,0.0,0.0,1.0,8.281635401319182,4.486048755080228,13.966075138951927,0.45930255605229114,0.2910660769022173,1.0811129658652374,0.37014565899195806,0.8173700086611115,0.6987143655673522
2004-01-09,Los Angeles,Planes,Shipped,43.0,82.21,3535.03,Other,0.0,0.0,0.0,0.0,0.0,0.0,1.0,0.0,0.0,0.0,0.0,0.0,0.0,1.0,0.0,0.0,0.0,0.0,0.0,0.0,0.0,0.0,0.0,1.0,8.17075990788444,4.421367532912338,13.569968697266269,0.24302106519778746,0.06372247800865499,0.8842535917456676,0.3200924247661693,0.7343428008242987,0.6428172163219641
2004-01-09,Los Angeles,Ships,Shipped,33.0,88.71,2927.43,Other,0.0,0.0,0.0,0.0,0.0,0.0,1.0,0.0,0.0,0.0,0.0,0.0,0.0,0.0,1.0,0.0,0.0,0.0,0.0,0.0,0.0,0.0,0.0,1.0,7.98222172222213,4.496582245571192,11.461717832632248,-0.12475470395401249,0.3280895213713248,-0.16351766875873364,0.24674250166648937,0.8314069826479107,0.3633314700950231
2004-01-09,Los Angeles,Vintage Cars,Shipped,20.0,100.0,2498.6,Other,0.0,0.0,0.0,0.0,0.0,0.0,1.0,0.0,0.0,0.0,0.0,0.0,0.0,0.0,0.0,0.0,0.0,1.0,0.0,0.0,0.0,0.0,0.0,1.0,7.8238859980549265,4.61512051684126,8.268807419728406,-0.43361543969960725,0.7447315744112115,-1.7503495890608907,0.19497382569078875,1.0,0.0
2004-01-09,Los Angeles,Planes,Shipped,48.0,44.69,2145.12,Other,0.0,0.0,0.0,0.0,0.0,0.0,1.0,0.0,0.0,0.0,0.0,0.0,0.0,1.0,0.0,0.0,0.0,0.0,0.0,0.0,0.0,0.0,0.0,1.0,7.671416839614244,3.8218794555751803,14.546755227281093,-0.7310324420987103,-2.0433771163968366,1.3697028667658944,0.1523014576570909,0.17405847743631098,0.7825600894354343
2004-01-09,Los Angeles,Ships,Shipped,28.0,100.0,2817.92,Other,0.0,0.0,0.0,0.0,0.0,0.0,1.0,0.0,0.0,0.0,0.0,0.0,0.0,0.0,1.0,0.0,0.0,0.0,0.0,0.0,0.0,0.0,0.0,1.0,7.944109111853674,4.61512051684126,10.308532382015233,-0.19909982689768735,0.7447315744112115,-0.7366347457903012,0.2335223731631222,1.0,0.22358859698155265
2004-01-09,Los Angeles,Vintage Cars,Shipped,22.0,89.73,1974.06,Other,0.0,0.0,0.0,0.0,0.0,0.0,1.0,0.0,0.0,0.0,0.0,0.0,0.0,0.0,0.0,0.0,0.0,1.0,0.0,0.0,0.0,0.0,0.0,1.0,7.588354056620602,4.507888063181538,8.805943150564206,-0.8930605150647397,0.3678275655489474,-1.4834006262023,0.13165096745723698,0.846638592718693,0.055897149245388134
2004-01-09,Los Angeles,Classic Cars,Shipped,39.0,100.0,5197.92,Other,0.0,0.0,0.0,0.0,0.0,0.0,1.0,0.0,0.0,0.0,0.0,1.0,0.0,0.0,0.0,0.0,0.0,0.0,0.0,0.0,0.0,0.0,0.0,1.0,8.556206190690792,4.61512051684126,12.754015005493859,0.9948995381332938,0.7447315744112115,0.4787359930181514,0.5208377401434349,1.0,0.5310229178311876
2004-01-09,Los Angeles,Vintage Cars,Shipped,36.0,77.59,2793.24,Other,0.0,0.0,0.0,0.0,0.0,0.0,1.0,0.0,0.0,0.0,0.0,0.0,0.0,0.0,0.0,0.0,0.0,1.0,0.0,0.0,0.0,0.0,0.0,1.0,7.93531543448147,4.364244464878084,12.119023021201402,-0.21625338890887502,-0.13705548244856527,0.16315383770961095,0.23054298523998173,0.6653525669742855,0.4471771939631053
2004-01-12,Osaka,Motorcycles,Shipped,30.0,61.7,1851.0,Other,0.0,0.0,0.0,0.0,0.0,0.0,1.0,0.0,0.0,0.0,0.0,0.0,1.0,0.0,0.0,0.0,0.0,0.0,0.0,0.0,0.0,0.0,0.0,1.0,7.524021415206125,4.138361447638875,10.779232502977782,-1.0185522640951121,-0.9309962329001242,-0.5027033539745942,0.11679507289396082,0.4280679747931787,0.2794857462269409
2004-01-12,Osaka,Planes,Shipped,31.0,86.4,2678.4,Other,0.0,0.0,0.0,0.0,0.0,0.0,1.0,0.0,0.0,0.0,0.0,0.0,0.0,1.0,0.0,0.0,0.0,0.0,0.0,0.0,0.0,0.0,0.0,1.0,7.893348167842886,4.470495282661489,11.009728365329204,-0.29811767392352223,0.23639824168739085,-0.388150126800217,0.21667941517946954,0.7969118657229042,0.30743432084963496
2004-01-12,Osaka,Planes,Shipped,42.0,70.33,2953.86,Other,0.0,0.0,0.0,0.0,0.0,0.0,1.0,0.0,0.0,0.0,0.0,0.0,0.0,1.0,0.0,0.0,0.0,0.0,0.0,0.0,0.0,0.0,0.0,1.0,7.991206551391293,4.267316996289947,13.369046010543581,-0.10722826788071332,-0.4777392048938919,0.7843978201850537,0.24993315088888002,0.5569393423528357,0.6148686416992699
2004-01-12,Osaka,Planes,Shipped,29.0,69.6,2018.4,Other,0.0,0.0,0.0,0.0,0.0,0.0,1.0,0.0,0.0,0.0,0.0,0.0,0.0,1.0,0.0,0.0,0.0,0.0,0.0,0.0,0.0,0.0,0.0,1.0,7.610555716570221,4.257030144499196,10.54555133395328,-0.8497524046374847,-0.5138957558836618,-0.6188396341166861,0.13700372517652568,0.5460382880864916,0.2515371716042467
2004-01-12,Osaka,Planes,Shipped,40.0,71.0,2840.0,Other,0.0,0.0,0.0,0.0,0.0,0.0,1.0,0.0,0.0,0.0,0.0,0.0,0.0,1.0,0.0,0.0,0.0,0.0,0.0,0.0,0.0,0.0,0.0,1.0,7.951911381854188,4.276666119016055,12.961139346341028,-0.1838801734333824,-0.44487861358449793,0.5816739001387327,0.2361878871559479,0.5669444195561928,0.5589714924538818
2004-01-12,Osaka,Planes,Shipped,25.0,100.0,2818.0,Other,0.0,0.0,0.0,0.0,0.0,0.0,1.0,0.0,0.0,0.0,0.0,0.0,0.0,1.0,0.0,0.0,0.0,0.0,0.0,0.0,0.0,0.0,0.0,1.0,7.9441374911141125,4.61512051684126,9.57572149487329,-0.19904446832775588,0.7447315744112115,-1.1008315308182302,0.23353203082251645,1.0,0.13974287311347044
2004-01-12,Osaka,Planes,Shipped,50.0,76.88,3844.0,Other,0.0,0.0,0.0,0.0,0.0,0.0,1.0,0.0,0.0,0.0,0.0,0.0,0.0,1.0,0.0,0.0,0.0,0.0,0.0,0.0,0.0,0.0,0.0,1.0,8.254528881939745,4.3551691805039985,14.925497315272617,0.4064266838316032,-0.16895357808491104,1.5579323994073224,0.3573915125543656,0.654750171728937,0.8384572386808227
2004-01-12,Osaka,Motorcycles,Shipped,34.0,100.0,6123.4,Other,0.0,0.0,0.0,0.0,0.0,0.0,1.0,0.0,0.0,0.0,0.0,0.0,1.0,0.0,0.0,0.0,0.0,0.0,0.0,0.0,0.0,0.0,0.0,1.0,8.72003607143094,4.61512051684126,11.683463549954297,1.3144775598883862,0.7447315744112115,-0.05331314156158311,0.6325623728463508,1.0,0.39128004471771716
2004-01-12,Osaka,Planes,Shipped,27.0,98.48,2658.96,Other,0.0,0.0,0.0,0.0,0.0,0.0,1.0,0.0,0.0,0.0,0.0,0.0,0.0,1.0,0.0,0.0,0.0,0.0,0.0,0.0,0.0,0.0,0.0,1.0,7.886066364068694,4.599956618935204,10.068010317854855,-0.3123220695713228,0.6914330279757569,-0.8561708553548468,0.21433260394665554,0.9773019144043247,0.19564002235885858
2004-01-12,Osaka,Classic Cars,Shipped,46.0,79.91,3675.86,Other,0.0,0.0,0.0,0.0,0.0,0.0,1.0,0.0,0.0,0.0,0.0,1.0,0.0,0.0,0.0,0.0,0.0,0.0,0.0,0.0,0.0,0.0,0.0,1.0,8.20981440605915,4.393337425819748,14.161377611660777,0.31920350036117545,-0.03479862611118886,1.1781755694872693,0.3370935269224035,0.6999970134097899,0.7266629401900462
2004-01-12,Osaka,Motorcycles,Shipped,40.0,49.67,1986.8,Other,0.0,0.0,0.0,0.0,0.0,0.0,1.0,0.0,0.0,0.0,0.0,0.0,1.0,0.0,0.0,0.0,0.0,0.0,0.0,0.0,0.0,0.0,0.0,1.0,7.594783778533905,3.9253340194878183,12.961139346341028,-0.8805182498796241,-1.6797517535239106,0.5816739001387327,0.13318894971577866,0.24842457366424753,0.5589714924538818
2004-01-12,Osaka,Motorcycles,Shipped,23.0,100.0,3009.09,Other,0.0,0.0,0.0,0.0,0.0,0.0,1.0,0.0,0.0,0.0,0.0,0.0,1.0,0.0,0.0,0.0,0.0,0.0,0.0,0.0,0.0,0.0,0.0,1.0,8.00972525762814,4.61512051684126,9.067037908070397,-0.07110438450914179,0.7447315744112115,-1.353640175122944,0.2566005574932173,1.0,0.0838457238680822
2004-01-12,Osaka,Vintage Cars,Shipped,43.0,41.02,1763.86,Other,0.0,0.0,0.0,0.0,0.0,0.0,1.0,0.0,0.0,0.0,0.0,0.0,0.0,0.0,0.0,0.0,0.0,1.0,0.0,0.0,0.0,0.0,0.0,1.0,7.475826646108076,3.7381456954168546,13.569968697266269,-1.1125643508873087,-2.33768717649237,0.8842535917456676,0.10627546739872365,0.11925454708359473,0.6428172163219641
2004-01-12,Osaka,Planes,Shipped,21.0,78.55,1649.55,Other,0.0,0.0,0.0,0.0,0.0,0.0,1.0,0.0,0.0,0.0,0.0,0.0,0.0,1.0,0.0,0.0,0.0,0.0,0.0,0.0,0.0,0.0,0.0,1.0,7.408863844684746,4.376385754783795,8.539972716394377,-1.2431866739541815,-0.09438089390708816,-1.6155842205467048,0.09247587933169862,0.6796881999820803,0.027948574622694067
2004-01-12,Osaka,Planes,Shipped,31.0,100.0,5719.5,Other,0.0,0.0,0.0,0.0,0.0,0.0,1.0,0.0,0.0,0.0,0.0,0.0,0.0,1.0,0.0,0.0,0.0,0.0,0.0,0.0,0.0,0.0,0.0,1.0,8.651811493140999,4.61512051684126,11.009728365329204,1.1813939266312947,0.7447315744112115,-0.388150126800217,0.5838032649793977,1.0,0.30743432084963496
2004-01-12,Osaka,Planes,Shipped,26.0,99.72,2592.72,Other,0.0,0.0,0.0,0.0,0.0,0.0,1.0,0.0,0.0,0.0,0.0,0.0,0.0,1.0,0.0,0.0,0.0,0.0,0.0,0.0,0.0,0.0,0.0,1.0,7.860848417647058,4.612344389736092,9.823805373555334,-0.36151395931538555,0.7349739553384508,-0.9775373049564378,0.20633606196817827,0.9958187737060598,0.1676914477361645
2004-01-12,Osaka,Vintage Cars,Shipped,39.0,59.16,2307.24,Other,0.0,0.0,0.0,0.0,0.0,0.0,1.0,0.0,0.0,0.0,0.0,0.0,0.0,0.0,0.0,0.0,0.0,1.0,0.0,0.0,0.0,0.0,0.0,1.0,7.744240608356988,4.097007679641584,12.754015005493859,-0.5889773063297349,-1.076347760425539,0.4787359930181514,0.17187270441963215,0.39013827912672094,0.5310229178311876
2004-01-15,Paris,Classic Cars,Shipped,35.0,78.0,2730.0,Paris,0.0,0.0,0.0,0.0,0.0,0.0,0.0,1.0,0.0,0.0,0.0,1.0,0.0,0.0,0.0,0.0,0.0,0.0,0.0,0.0,0.0,0.0,0.0,1.0,7.912423121473705,4.3694478524670215,11.902530119204657,-0.26090873548770516,-0.11876645170272301,0.05555988642964223,0.2229086054887906,0.671475076904698,0.41922861934041133
2004-01-15,Paris,Motorcycles,Shipped,41.0,42.24,1731.84,Paris,0.0,0.0,0.0,0.0,0.0,0.0,0.0,1.0,0.0,0.0,0.0,0.0,1.0,0.0,0.0,0.0,0.0,0.0,0.0,0.0,0.0,0.0,0.0,1.0,7.457516960006148,3.7667659927710075,13.166125611826143,-1.148280504967233,-2.2370916530341383,0.6835492136397722,0.10240998922615657,0.13747274736433424,0.5869200670765757
2004-01-15,Paris,Motorcycles,Shipped,25.0,90.16,2254.0,Paris,0.0,0.0,0.0,0.0,0.0,0.0,0.0,1.0,0.0,0.0,0.0,0.0,1.0,0.0,0.0,0.0,0.0,0.0,0.0,0.0,0.0,0.0,0.0,1.0,7.720905251936779,4.512616204377483,9.57572149487329,-0.6344968843702564,0.384446185289513,-1.1008315308182302,0.16544553209272805,0.8530597616701012,0.13974287311347044
2004-01-15,Paris,Classic Cars,Shipped,48.0,48.98,2351.04,Paris,0.0,0.0,0.0,0.0,0.0,0.0,0.0,1.0,0.0,0.0,0.0,1.0,0.0,0.0,0.0,0.0,0.0,0.0,0.0,0.0,0.0,0.0,0.0,1.0,7.763038315676624,3.9116229254068062,14.546755227281093,-0.5523091839359404,-1.727943939272265,1.3697028667658944,0.1771602729380094,0.23812083743989487,0.7825600894354343
2004-01-15,Paris,Motorcycles,Shipped,36.0,100.0,4771.8,Paris,0.0,0.0,0.0,0.0,0.0,0.0,0.0,1.0,0.0,0.0,0.0,0.0,1.0,0.0,0.0,0.0,0.0,0.0,0.0,0.0,0.0,0.0,0.0,1.0,8.470688413760485,4.61512051684126,12.119023021201402,0.8280825823202762,0.7447315744112115,0.16315383770961095,0.46939621737971604,1.0,0.4471771939631053
2004-01-15,Paris,Classic Cars,Shipped,28.0,100.0,3745.28,Paris,0.0,0.0,0.0,0.0,0.0,0.0,0.0,1.0,0.0,0.0,0.0,1.0,0.0,0.0,0.0,0.0,0.0,0.0,0.0,0.0,0.0,0.0,0.0,1.0,8.228518626606817,4.61512051684126,10.308532382015233,0.3556892609201741,0.7447315744112115,-0.7366347457903012,0.34547396086180404,1.0,0.22358859698155265
2004-01-15,Paris,Classic Cars,Shipped,28.0,92.57,2591.96,Paris,0.0,0.0,0.0,0.0,0.0,0.0,0.0,1.0,0.0,0.0,0.0,1.0,0.0,0.0,0.0,0.0,0.0,0.0,0.0,0.0,0.0,0.0,0.0,1.0,7.86055535927236,4.5387098192878215,10.308532382015233,-0.3620856194742141,0.4761608456350001,-0.7366347457903012,0.20624431420393247,0.8890481737000864,0.22358859698155265
2004-01-15,Paris,Motorcycles,Shipped,21.0,63.72,1338.12,Paris,0.0,0.0,0.0,0.0,0.0,0.0,0.0,1.0,0.0,0.0,0.0,0.0,1.0,0.0,0.0,0.0,0.0,0.0,0.0,0.0,0.0,0.0,0.0,1.0,7.1997679607943645,4.170070272750237,8.539972716394377,-1.651063726839355,-0.8195450547082219,-1.6155842205467048,0.0548798185171277,0.45823253591374724,0.027948574622694067
2004-01-15,Paris,Motorcycles,Shipped,37.0,100.0,4040.03,Paris,0.0,0.0,0.0,0.0,0.0,0.0,0.0,1.0,0.0,0.0,0.0,0.0,1.0,0.0,0.0,0.0,0.0,0.0,0.0,0.0,0.0,0.0,0.0,1.0,8.30425488895589,4.61512051684126,12.33304085962557,0.5034257103840617,0.7447315744112115,0.26951771693185156,0.3810563996926642,1.0,0.47512576858579947
2004-01-15,Paris,Motorcycles,Shipped,41.0,100.0,4708.44,Paris,0.0,0.0,0.0,0.0,0.0,0.0,0.0,1.0,0.0,0.0,0.0,0.0,1.0,0.0,0.0,0.0,0.0,0.0,0.0,0.0,0.0,0.0,0.0,1.0,8.457324283975748,4.61512051684126,13.166125611826143,0.8020135762281664,0.7447315744112115,0.6835492136397722,0.46174735113943344,1.0,0.5869200670765757
2004-01-15,Paris,Motorcycles,Shipped,46.0,54.09,2488.14,Paris,0.0,0.0,0.0,0.0,0.0,0.0,0.0,1.0,0.0,0.0,0.0,0.0,1.0,0.0,0.0,0.0,0.0,0.0,0.0,0.0,0.0,0.0,0.0,1.0,7.819692548274713,4.008968211484625,14.161377611660777,-0.44179547608268727,-1.3857916587415906,1.1781755694872693,0.19371108672498455,0.3144282173043037,0.7266629401900462
2004-01-15,Paris,Motorcycles,Shipped,40.0,80.55,3222.0,Paris,0.0,0.0,0.0,0.0,0.0,0.0,0.0,1.0,0.0,0.0,0.0,0.0,1.0,0.0,0.0,0.0,0.0,0.0,0.0,0.0,0.0,0.0,0.0,1.0,8.078067881815437,4.401216329067023,12.961139346341028,0.062209517330108446,-0.007105608577903721,0.5816739001387327,0.2823032107637124,0.7095541020816534,0.5589714924538818
2004-01-15,Paris,Classic Cars,Shipped,22.0,92.16,2027.52,Paris,0.0,0.0,0.0,0.0,0.0,0.0,0.0,1.0,0.0,0.0,0.0,1.0,0.0,0.0,0.0,0.0,0.0,0.0,0.0,0.0,0.0,0.0,0.0,1.0,7.615061742099993,4.53431844501614,8.805943150564206,-0.8409626361393522,0.4607259048971575,-1.4834006262023,0.13810469834747544,0.8829256637696741,0.055897149245388134
2004-01-15,Paris,Classic Cars,Shipped,41.0,100.0,5673.58,Paris,0.0,0.0,0.0,0.0,0.0,0.0,0.0,1.0,0.0,0.0,0.0,1.0,0.0,0.0,0.0,0.0,0.0,0.0,0.0,0.0,0.0,0.0,0.0,1.0,8.643751830800243,4.61512051684126,13.166125611826143,1.1656721856690455,0.7447315744112115,0.6835492136397722,0.5782597684870717,1.0,0.5869200670765757
2004-01-15,Paris,Classic Cars,Shipped,41.0,100.0,7498.9,Paris,0.0,0.0,0.0,0.0,0.0,0.0,0.0,1.0,0.0,0.0,0.0,1.0,0.0,0.0,0.0,0.0,0.0,0.0,0.0,0.0,0.0,0.0,0.0,1.0,8.92264496610218,4.61512051684126,13.166125611826143,1.7097006379770563,0.7447315744112115,0.6835492136397722,0.7986137540570315,1.0,0.5869200670765757
2004-01-16,Madrid,Classic Cars,Shipped,45.0,53.33,2399.85,Madrid,1.0,0.0,0.0,0.0,0.0,0.0,0.0,0.0,0.0,0.0,0.0,1.0,0.0,0.0,0.0,0.0,0.0,0.0,0.0,0.0,0.0,0.0,0.0,1.0,7.783578120300494,3.9950765605634317,13.966075138951927,-0.5122428047181965,-1.4346184713642647,1.0811129658652374,0.18305265237595436,0.30307917450646593,0.6987143655673522
2004-01-16,Madrid,Classic Cars,Shipped,33.0,100.0,4180.44,Madrid,1.0,0.0,0.0,0.0,0.0,0.0,0.0,0.0,0.0,0.0,0.0,1.0,0.0,0.0,0.0,0.0,0.0,0.0,0.0,0.0,0.0,0.0,0.0,1.0,8.338410963800781,4.61512051684126,11.461717832632248,0.5700529384607412,0.7447315744112115,-0.16351766875873364,0.39800679913707826,1.0,0.3633314700950231
2004-01-16,Madrid,Classic Cars,Shipped,45.0,88.14,3966.3,Madrid,1.0,0.0,0.0,0.0,0.0,0.0,0.0,0.0,0.0,0.0,0.0,1.0,0.0,0.0,0.0,0.0,0.0,0.0,0.0,0.0,0.0,0.0,0.0,1.0,8.285841041552139,4.49020816751841,13.966075138951927,0.4675063719849527,0.305685710874569,1.0811129658652374,0.37215565935339595,0.8228952005495327,0.6987143655673522
2004-01-16,Madrid,Classic Cars,Shipped,38.0,100.0,4492.36,Madrid,1.0,0.0,0.0,0.0,0.0,0.0,0.0,0.0,0.0,0.0,0.0,1.0,0.0,0.0,0.0,0.0,0.0,0.0,0.0,0.0,0.0,0.0,0.0,1.0,8.41035603049868,4.61512051684126,12.544675977743431,0.7103940165746936,0.7447315744112115,0.3746974174111126,0.4356620131154393,1.0,0.5030743432084936
2004-01-16,Madrid,Classic Cars,Shipped,41.0,82.31,3374.71,Madrid,1.0,0.0,0.0,0.0,0.0,0.0,0.0,0.0,0.0,0.0,0.0,1.0,0.0,0.0,0.0,0.0,0.0,0.0,0.0,0.0,0.0,0.0,0.0,1.0,8.124360951552257,4.422568589986818,13.166125611826143,0.15251201636524245,0.06794399128000236,0.6835492136397722,0.30073847533999964,0.7358360959292776,0.5869200670765757
2004-01-16,Madrid,Classic Cars,Shipped,49.0,100.0,6949.67,Madrid,1.0,0.0,0.0,0.0,0.0,0.0,0.0,0.0,0.0,0.0,0.0,1.0,0.0,0.0,0.0,0.0,0.0,0.0,0.0,0.0,0.0,0.0,0.0,1.0,8.846593336790077,4.61512051684126,14.736931873780104,1.5613490116619344,0.7447315744112115,1.464218006289084,0.7323103006929151,1.0,0.8105086640581285
2004-01-16,Madrid,Classic Cars,Shipped,35.050383351588174,87.81,4039.26,Madrid,1.0,0.0,0.0,0.0,0.0,0.0,0.0,0.0,0.0,0.0,0.0,1.0,0.0,0.0,0.0,0.0,0.0,0.0,0.0,0.0,0.0,0.0,0.0,1.0,8.304064325320052,4.486499256270413,11.913498472712774,0.5030539836301597,0.2926495126885216,0.06101100506720186,0.38096344472099414,0.8179673267031031,0.42063676220201485
2004-01-16,Madrid,Classic Cars,Shipped,20.0,66.99,1339.8,Madrid,1.0,0.0,0.0,0.0,0.0,0.0,0.0,0.0,0.0,0.0,0.0,1.0,0.0,0.0,0.0,0.0,0.0,0.0,0.0,0.0,0.0,0.0,0.0,1.0,7.2010217297278185,4.219360635538369,8.268807419728406,-1.6486180374835364,-0.6462977335933421,-1.7503495890608907,0.055082629364407915,0.5070632858465489,0.0
2004-01-16,Madrid,Classic Cars,Shipped,29.0,100.0,4186.73,Madrid,1.0,0.0,0.0,0.0,0.0,0.0,0.0,0.0,0.0,0.0,0.0,1.0,0.0,0.0,0.0,0.0,0.0,0.0,0.0,0.0,0.0,0.0,0.0,1.0,8.339914099998113,4.61512051684126,10.54555133395328,0.5729850610393677,0.7447315744112115,-0.6188396341166861,0.3987661326069548,1.0,0.2515371716042467
2004-01-16,Madrid,Classic Cars,Shipped,39.0,100.0,4946.76,Madrid,1.0,0.0,0.0,0.0,0.0,0.0,0.0,0.0,0.0,0.0,0.0,1.0,0.0,0.0,0.0,0.0,0.0,0.0,0.0,0.0,0.0,0.0,0.0,1.0,8.50669022788976,4.61512051684126,12.754015005493859,0.8983102385149176,0.7447315744112115,0.4787359930181514,0.490517518475042,1.0,0.5310229178311876
2004-01-16,Madrid,Classic Cars,Shipped,41.0,100.0,4840.87,Madrid,1.0,0.0,0.0,0.0,0.0,0.0,0.0,0.0,0.0,0.0,0.0,1.0,0.0,0.0,0.0,0.0,0.0,0.0,0.0,0.0,0.0,0.0,0.0,1.0,8.485056288727831,4.61512051684126,13.166125611826143,0.8561095639560135,0.7447315744112115,0.6835492136397722,0.4777343990592665,1.0,0.5869200670765757
2004-01-16,Madrid,Classic Cars,Shipped,27.0,79.62,2149.74,Madrid,1.0,0.0,0.0,0.0,0.0,0.0,0.0,0.0,0.0,0.0,0.0,1.0,0.0,0.0,0.0,0.0,0.0,0.0,0.0,0.0,0.0,0.0,0.0,1.0,7.673567247949791,4.38974675768902,10.068010317854855,-0.7268377052244902,-0.047419219660787715,-0.8561708553548468,0.15285918748711147,0.695666457605352,0.19564002235885858
2004-01-16,Madrid,Classic Cars,Shipped,45.0,100.0,6357.6,Madrid,1.0,0.0,0.0,0.0,0.0,0.0,0.0,0.0,0.0,0.0,0.0,1.0,0.0,0.0,0.0,0.0,0.0,0.0,0.0,0.0,0.0,0.0,0.0,1.0,8.757563506316767,4.61512051684126,13.966075138951927,1.3876811986151825,0.7447315744112115,1.0811129658652374,0.660835170723153,1.0,0.6987143655673522
2004-01-16,Madrid,Classic Cars,Shipped,35.050383351588174,43.42,1476.28,Madrid,1.0,0.0,0.0,0.0,0.0,0.0,0.0,0.0,0.0,0.0,0.0,1.0,0.0,0.0,0.0,0.0,0.0,0.0,0.0,0.0,0.0,0.0,0.0,1.0,7.297957838024318,3.7936898184662815,11.913498472712774,-1.4595276860404547,-2.142458941647537,0.06101100506720186,0.0715585962910773,0.15509362960308226,0.42063676220201485
2004-01-16,Madrid,Classic Cars,Shipped,40.0,100.0,5554.4,Madrid,1.0,0.0,0.0,0.0,0.0,0.0,0.0,0.0,0.0,0.0,0.0,1.0,0.0,0.0,0.0,0.0,0.0,0.0,0.0,0.0,0.0,0.0,0.0,1.0,8.622525706682056,4.61512051684126,12.961139346341028,1.1242670236523722,0.7447315744112115,0.5816739001387327,0.5638722704044189,1.0,0.5589714924538818
2004-01-16,Madrid,Classic Cars,Shipped,40.0,100.0,4910.4,Madrid,1.0,0.0,0.0,0.0,0.0,0.0,0.0,0.0,0.0,0.0,0.0,1.0,0.0,0.0,0.0,0.0,0.0,0.0,0.0,0.0,0.0,0.0,0.0,1.0,8.499314312528945,4.61512051684126,12.961139346341028,0.8839222622251661,0.7447315744112115,0.5816739001387327,0.48612811228033426,1.0,0.5589714924538818
2004-01-22,London,Vintage Cars,Shipped,38.0,94.79,3602.02,Other,0.0,0.0,0.0,0.0,0.0,0.0,1.0,0.0,0.0,0.0,0.0,0.0,0.0,0.0,0.0,0.0,0.0,1.0,0.0,0.0,0.0,0.0,0.0,1.0,8.189527661662467,4.5621582953948,12.544675977743431,0.27963075811871246,0.5585782887206185,0.3746974174111126,0.32817950730146805,0.9221993250306126,0.5030743432084936
2004-01-22,London,Classic Cars,Shipped,25.0,83.39,2084.75,Other,0.0,0.0,0.0,0.0,0.0,0.0,1.0,0.0,0.0,0.0,0.0,1.0,0.0,0.0,0.0,0.0,0.0,0.0,0.0,0.0,0.0,0.0,0.0,1.0,7.642883781782184,4.435448911169876,9.57572149487329,-0.7866910199808261,0.11321615025468361,-1.1008315308182302,0.14501354643667008,0.751963683063047,0.13974287311347044
2004-01-22,London,Classic Cars,Shipped,27.0,100.0,2790.45,Other,0.0,0.0,0.0,0.0,0.0,0.0,1.0,0.0,0.0,0.0,0.0,1.0,0.0,0.0,0.0,0.0,0.0,0.0,0.0,0.0,0.0,0.0,0.0,1.0,7.9343164530728965,4.61512051684126,10.068010317854855,-0.218202071901743,0.7447315744112115,-0.8561708553548468,0.2302061743686057,1.0,0.19564002235885858
2004-01-26,Madrid,Vintage Cars,Shipped,27.0,100.0,3604.23,Madrid,1.0,0.0,0.0,0.0,0.0,0.0,0.0,0.0,0.0,0.0,0.0,0.0,0.0,0.0,0.0,0.0,0.0,1.0,0.0,0.0,0.0,0.0,0.0,1.0,8.19014084796129,4.61512051684126,10.068010317854855,0.2808268821924155,0.7447315744112115,-0.8561708553548468,0.32844630014223547,1.0,0.19564002235885858
2004-01-26,Madrid,Vintage Cars,Shipped,20.0,34.19,883.5186,Madrid,1.0,0.0,0.0,0.0,0.0,0.0,0.0,0.0,0.0,0.0,0.0,0.0,0.0,0.0,0.0,0.0,0.0,1.0,0.0,0.0,0.0,0.0,0.0,1.0,6.785043542208585,3.5607619513334936,8.268807419728406,-2.4600541788033214,-2.961161152609443,-1.7503495890608907,0.0,0.017262491413553183,0.0
2004-01-26,Madrid,Vintage Cars,Shipped,44.0,34.88,1534.72,Madrid,1.0,0.0,0.0,0.0,0.0,0.0,0.0,0.0,0.0,0.0,0.0,0.0,0.0,0.0,0.0,0.0,0.0,1.0,0.0,0.0,0.0,0.0,0.0,1.0,7.336754605423805,3.5801800371905954,13.768958087112637,-1.3838479985499519,-2.892909852241014,0.9831485417366043,0.0786135164786107,0.027566227637905838,0.670765790944658
2004-01-26,Madrid,Vintage Cars,Shipped,49.0,47.94,2349.06,Madrid,1.0,0.0,0.0,0.0,0.0,0.0,0.0,0.0,0.0,0.0,0.0,0.0,0.0,0.0,0.0,0.0,0.0,1.0,0.0,0.0,0.0,0.0,0.0,1.0,7.762196138727164,3.8905950580145254,14.736931873780104,-0.5539519931857564,-1.8018533505324463,1.464218006289084,0.17692124586800057,0.22259056834811697,0.8105086640581285
2004-01-26,Madrid,Classic Cars,Shipped,50.0,100.0,9167.099200000002,Madrid,1.0,0.0,0.0,0.0,0.0,0.0,0.0,0.0,0.0,0.0,0.0,1.0,0.0,0.0,0.0,0.0,0.0,0.0,0.0,0.0,0.0,0.0,0.0,1.0,9.123485259140311,4.61512051684126,14.925497315272617,2.1014737580444667,0.7447315744112115,1.5579323994073224,1.0,1.0,0.8384572386808227
2004-01-26,Madrid,Vintage Cars,Shipped,21.0,62.96,1322.16,Madrid,1.0,0.0,0.0,0.0,0.0,0.0,0.0,0.0,0.0,0.0,0.0,0.0,0.0,0.0,0.0,0.0,0.0,1.0,0.0,0.0,0.0,0.0,0.0,1.0,7.187778094066429,4.158257887965753,8.539972716394377,-1.6744519993126674,-0.8610635971601481,-1.6155842205467048,0.052953115467965634,0.4468834931159096,0.027948574622694067
2004-01-26,Madrid,Classic Cars,Shipped,30.0,100.0,5967.0,Madrid,1.0,0.0,0.0,0.0,0.0,0.0,0.0,0.0,0.0,0.0,0.0,1.0,0.0,0.0,0.0,0.0,0.0,0.0,0.0,0.0,0.0,0.0,0.0,1.0,8.694167141883597,4.61512051684126,10.779232502977782,1.2640158169370233,0.7447315744112115,-0.5027033539745942,0.6136816487305017,1.0,0.2794857462269409
2004-01-29,Burbank,Vintage Cars,Shipped,33.0,43.13,1423.29,Other,0.0,0.0,0.0,0.0,0.0,0.0,1.0,0.0,0.0,0.0,0.0,0.0,0.0,0.0,0.0,0.0,0.0,1.0,0.0,0.0,0.0,0.0,0.0,1.0,7.2614287229231245,3.7871398232814557,11.461717832632248,-1.5307839323843042,-2.1654810712261745,-0.16351766875873364,0.06516160414978034,0.15076307379864418,0.3633314700950231
2004-01-29,Burbank,Vintage Cars,Shipped,39.0,90.57,3532.23,Other,0.0,0.0,0.0,0.0,0.0,0.0,1.0,0.0,0.0,0.0,0.0,0.0,0.0,0.0,0.0,0.0,0.0,1.0,0.0,0.0,0.0,0.0,0.0,1.0,8.169967745721378,4.517103707119641,12.754015005493859,0.24147581828777967,0.4002190014060467,0.4787359930181514,0.3197544066873689,0.8591822716005135,0.5310229178311876
2004-01-29,Burbank,Vintage Cars,Shipped,27.0,89.38,2413.26,Other,0.0,0.0,0.0,0.0,0.0,0.0,1.0,0.0,0.0,0.0,0.0,0.0,0.0,0.0,0.0,0.0,0.0,1.0,0.0,0.0,0.0,0.0,0.0,1.0,7.789148100911556,4.504023003983134,10.068010317854855,-0.5013776110376812,0.3542425336239014,-0.8561708553548468,0.1846715175319233,0.8414120598512678,0.19564002235885858
2004-01-29,Burbank,Trucks and Buses,Shipped,46.0,100.0,5152.0,Other,0.0,0.0,0.0,0.0,0.0,0.0,1.0,0.0,0.0,0.0,0.0,0.0,0.0,0.0,0.0,0.0,1.0,0.0,0.0,0.0,0.0,0.0,0.0,1.0,8.547334348328224,4.61512051684126,14.161377611660777,0.9775935020259392,0.7447315744112115,1.1781755694872693,0.5152942436511089,1.0,0.7266629401900462
2004-01-29,Burbank,Vintage Cars,Shipped,41.0,100.0,4555.92,Other,0.0,0.0,0.0,0.0,0.0,0.0,1.0,0.0,0.0,0.0,0.0,0.0,0.0,0.0,0.0,0.0,0.0,1.0,0.0,0.0,0.0,0.0,0.0,1.0,8.424402235700525,4.61512051684126,13.166125611826143,0.737793526671949,0.7447315744112115,0.6835492136397722,0.4433350235042077,1.0,0.5869200670765757
2004-01-29,Burbank,Vintage Cars,Shipped,49.0,100.0,5285.14,Other,0.0,0.0,0.0,0.0,0.0,0.0,1.0,0.0,0.0,0.0,0.0,0.0,0.0,0.0,0.0,0.0,0.0,1.0,0.0,0.0,0.0,0.0,0.0,1.0,8.572843579868374,4.61512051684126,14.736931873780104,1.0273535928913173,0.7447315744112115,1.464218006289084,0.5313670032980664,1.0,0.8105086640581285
2004-01-29,Burbank,Vintage Cars,Shipped,31.0,58.71,1820.01,Other,0.0,0.0,0.0,0.0,0.0,0.0,1.0,0.0,0.0,0.0,0.0,0.0,0.0,0.0,0.0,0.0,0.0,1.0,0.0,0.0,0.0,0.0,0.0,1.0,7.507146571200723,4.089499510558901,11.009728365329204,-1.0514695148451496,-1.1027377098289073,-0.388150126800217,0.11305393708609532,0.38341845115431716,0.30743432084963496
2004-01-29,Burbank,Vintage Cars,Shipped,46.0,45.28,2082.88,Other,0.0,0.0,0.0,0.0,0.0,0.0,1.0,0.0,0.0,0.0,0.0,0.0,0.0,0.0,0.0,0.0,0.0,1.0,0.0,0.0,0.0,0.0,0.0,1.0,7.641986819641478,3.834709902325476,14.161377611660777,-0.7884406970557342,-1.9982802576508296,1.1781755694872693,0.14478779864832847,0.182868918555685,0.7266629401900462
2004-01-29,Burbank,Classic Cars,Shipped,35.0,100.0,6075.3,Other,0.0,0.0,0.0,0.0,0.0,0.0,1.0,0.0,0.0,0.0,0.0,1.0,0.0,0.0,0.0,0.0,0.0,0.0,0.0,0.0,0.0,0.0,0.0,1.0,8.712151237085324,4.61512051684126,11.902530119204657,1.299096850638923,0.7447315744112115,0.05555988642964223,0.6267557051355302,1.0,0.41922861934041133
2004-01-29,Burbank,Vintage Cars,Shipped,49.0,100.0,5510.05,Other,0.0,0.0,0.0,0.0,0.0,0.0,1.0,0.0,0.0,0.0,0.0,0.0,0.0,0.0,0.0,0.0,0.0,1.0,0.0,0.0,0.0,0.0,0.0,1.0,8.614510446605642,4.61512051684126,14.736931873780104,1.1086318968519333,0.7447315744112115,1.464218006289084,0.558518305477706,1.0,0.8105086640581285
2004-02-02,Versailles,Trucks and Buses,Shipped,35.050383351588174,100.0,5759.42,Other,0.0,0.0,0.0,0.0,0.0,0.0,1.0,0.0,0.0,0.0,0.0,0.0,0.0,0.0,0.0,0.0,1.0,0.0,0.0,0.0,0.0,0.0,0.0,1.0,8.658765667698313,4.61512051684126,11.913498472712774,1.1949592258180237,0.7447315744112115,0.06101100506720186,0.5886224370171516,1.0,0.42063676220201485
2004-02-04,Singapore,Trucks and Buses,Shipped,35.0,61.38,2148.3,Singapore,0.0,0.0,0.0,0.0,0.0,0.0,0.0,0.0,0.0,0.0,1.0,0.0,0.0,0.0,0.0,0.0,1.0,0.0,0.0,0.0,0.0,0.0,0.0,1.0,7.6728974867132305,4.133244711179657,11.902530119204657,-0.7281441883279459,-0.9489806995233608,0.05555988642964223,0.15268534961801422,0.423289430457247,0.41922861934041133
2004-02-04,Singapore,Trucks and Buses,Shipped,38.0,100.0,4509.08,Singapore,0.0,0.0,0.0,0.0,0.0,0.0,0.0,0.0,0.0,0.0,1.0,0.0,0.0,0.0,0.0,0.0,1.0,0.0,0.0,0.0,0.0,0.0,0.0,1.0,8.414070170698603,4.61512051684126,12.544675977743431,0.7176390781730425,0.7447315744112115,0.3746974174111126,0.4376804639288473,1.0,0.5030743432084936
2004-02-04,Singapore,Trucks and Buses,Shipped,21.0,100.0,2244.9,Singapore,0.0,0.0,0.0,0.0,0.0,0.0,0.0,0.0,0.0,0.0,1.0,0.0,0.0,0.0,0.0,0.0,1.0,0.0,0.0,0.0,0.0,0.0,0.0,1.0,7.716861610709677,4.61512051684126,8.539972716394377,-0.6423846937137437,0.7447315744112115,-1.6155842205467048,0.1643469733366269,1.0,0.027948574622694067
2004-02-04,Singapore,Classic Cars,Shipped,28.0,100.0,3148.88,Singapore,0.0,0.0,0.0,0.0,0.0,0.0,0.0,0.0,0.0,0.0,1.0,1.0,0.0,0.0,0.0,0.0,0.0,0.0,0.0,0.0,0.0,0.0,0.0,1.0,8.055119635855942,4.61512051684126,10.308532382015233,0.017445064024321433,0.7447315744112115,-0.7366347457903012,0.2734761100773257,1.0,0.22358859698155265
2004-02-04,Singapore,Classic Cars,Shipped,48.0,100.0,7020.48,Singapore,0.0,0.0,0.0,0.0,0.0,0.0,0.0,0.0,0.0,0.0,1.0,1.0,0.0,0.0,0.0,0.0,0.0,0.0,0.0,0.0,0.0,0.0,0.0,1.0,8.85672930100996,4.61512051684126,14.546755227281093,1.5811209322623545,0.7447315744112115,1.3697028667658944,0.7408585364642915,1.0,0.7825600894354343
2004-02-04,Singapore,Trucks and Buses,Shipped,39.0,62.05,2419.95,Singapore,0.0,0.0,0.0,0.0,0.0,0.0,0.0,0.0,0.0,0.0,1.0,0.0,0.0,0.0,0.0,0.0,1.0,0.0,0.0,0.0,0.0,0.0,0.0,1.0,7.791915304101907,4.143928062410929,12.754015005493859,-0.49597971098812194,-0.9114305197995296,0.4787359930181514,0.1854791392987713,0.43329450766060384,0.5310229178311876
2004-02-04,Singapore,Classic Cars,Shipped,31.0,88.0,2728.0,Singapore,0.0,0.0,0.0,0.0,0.0,0.0,0.0,0.0,0.0,0.0,1.0,1.0,0.0,0.0,0.0,0.0,0.0,0.0,0.0,0.0,0.0,0.0,0.0,1.0,7.911690520708339,4.48863636973214,11.009728365329204,-0.2623377977703265,0.3001611064610027,-0.388150126800217,0.22266716400393322,0.8208045874025625,0.30743432084963496
2004-02-10,Brisbane,Trucks and Buses,Shipped,48.0,100.0,4891.68,Other,0.0,0.0,0.0,0.0,0.0,0.0,1.0,0.0,0.0,0.0,0.0,0.0,0.0,0.0,0.0,0.0,1.0,0.0,0.0,0.0,0.0,0.0,0.0,1.0,8.495495489600101,4.61512051684126,14.546755227281093,0.8764729991754745,0.7447315744112115,1.3697028667658944,0.48386821998206897,1.0,0.7825600894354343
2004-02-10,Brisbane,Trucks and Buses,Shipped,35.0,55.19,1931.65,Other,0.0,0.0,0.0,0.0,0.0,0.0,1.0,0.0,0.0,0.0,0.0,0.0,0.0,0.0,0.0,0.0,1.0,0.0,0.0,0.0,0.0,0.0,0.0,1.0,7.566647397112975,4.028738805124107,11.902530119204657,-0.9354030430151915,-1.3163013529060688,0.05555988642964223,0.1265312007708357,0.33085446345906877,0.41922861934041133
2004-02-10,Brisbane,Classic Cars,Shipped,21.0,40.31,883.5186,Other,0.0,0.0,0.0,0.0,0.0,0.0,1.0,0.0,0.0,0.0,0.0,1.0,0.0,0.0,0.0,0.0,0.0,0.0,0.0,0.0,0.0,0.0,0.0,1.0,6.785043542208585,3.721104601408673,8.539972716394377,-2.4600541788033214,-2.397583750970315,-1.6155842205467048,0.0,0.10865215183824628,0.027948574622694067
2004-02-10,Brisbane,Classic Cars,Shipped,43.0,100.0,8448.64,Other,0.0,0.0,0.0,0.0,0.0,0.0,1.0,0.0,0.0,0.0,0.0,1.0,0.0,0.0,0.0,0.0,0.0,0.0,0.0,0.0,0.0,0.0,0.0,1.0,9.041879115893366,4.61512051684126,13.569968697266269,1.942287108429024,0.7447315744112115,0.8842535917456676,0.9132670719712677,1.0,0.6428172163219641
2004-02-12,Dublin,Classic Cars,Shipped,32.0,100.0,7181.44,Other,0.0,0.0,0.0,0.0,0.0,0.0,1.0,0.0,0.0,0.0,0.0,1.0,0.0,0.0,0.0,0.0,0.0,0.0,0.0,0.0,0.0,0.0,0.0,1.0,8.87939443718124,4.61512051684126,11.237179911736995,1.625333131817796,0.7447315744112115,-0.2751098821684491,0.7602897471656155,1.0,0.335382895472329
2004-02-12,Dublin,Classic Cars,Shipped,30.0,100.0,4713.6,Other,0.0,0.0,0.0,0.0,0.0,0.0,1.0,0.0,0.0,0.0,0.0,1.0,0.0,0.0,0.0,0.0,0.0,0.0,0.0,0.0,0.0,0.0,0.0,1.0,8.458419355837847,4.61512051684126,10.779232502977782,0.8041496999791478,0.7447315744112115,-0.5027033539745942,0.4623702701703656,1.0,0.2794857462269409
2004-02-12,Dublin,Classic Cars,Shipped,35.050383351588174,100.0,8258.0,Other,0.0,0.0,0.0,0.0,0.0,0.0,1.0,0.0,0.0,0.0,0.0,1.0,0.0,0.0,0.0,0.0,0.0,0.0,0.0,0.0,0.0,0.0,0.0,1.0,9.019058793810718,4.61512051684126,11.913498472712774,1.8977721923829456,0.7447315744112115,0.06101100506720186,0.8902528696346599,1.0,0.42063676220201485
2004-02-12,Dublin,Classic Cars,Shipped,27.0,100.0,5045.22,Other,0.0,0.0,0.0,0.0,0.0,0.0,1.0,0.0,0.0,0.0,0.0,1.0,0.0,0.0,0.0,0.0,0.0,0.0,0.0,0.0,0.0,0.0,0.0,1.0,8.52639472714081,4.61512051684126,10.068010317854855,0.9367472126607591,0.7447315744112115,-0.8561708553548468,0.502403682774572,1.0,0.19564002235885858
2004-02-12,Dublin,Trains,Shipped,20.0,52.82,1056.4,Other,0.0,0.0,0.0,0.0,0.0,0.0,1.0,0.0,0.0,0.0,0.0,0.0,0.0,0.0,0.0,1.0,0.0,0.0,0.0,0.0,0.0,0.0,0.0,1.0,6.96356834380135,3.9856451452987596,8.268807419728406,-2.1118112168388428,-1.467768307082655,-1.7503495890608907,0.02087037096011357,0.2954633694710749,0.0
2004-02-12,Dublin,Trains,Shipped,30.0,68.54,2056.2,Other,0.0,0.0,0.0,0.0,0.0,0.0,1.0,0.0,0.0,0.0,0.0,0.0,0.0,0.0,0.0,1.0,0.0,0.0,0.0,0.0,0.0,0.0,0.0,1.0,7.629101113900761,4.241902126579715,10.779232502977782,-0.8135764557520874,-0.567068190211108,-0.5027033539745942,0.14156696924033063,0.5302093599737181,0.2794857462269409
2004-02-12,Dublin,Trucks and Buses,Shipped,37.0,100.0,3983.05,Other,0.0,0.0,0.0,0.0,0.0,0.0,1.0,0.0,0.0,0.0,0.0,0.0,0.0,0.0,0.0,0.0,1.0,0.0,0.0,0.0,0.0,0.0,0.0,1.0,8.290054168826538,4.61512051684126,12.33304085962557,0.4757247926642087,0.7447315744112115,0.26951771693185156,0.3741777317890767,1.0,0.47512576858579947
2004-02-12,Dublin,Classic Cars,Shipped,37.0,100.0,5032.74,Other,0.0,0.0,0.0,0.0,0.0,0.0,1.0,0.0,0.0,0.0,0.0,1.0,0.0,0.0,0.0,0.0,0.0,0.0,0.0,0.0,0.0,0.0,0.0,1.0,8.523918525573176,4.61512051684126,12.33304085962557,0.9319169607257883,0.7447315744112115,0.26951771693185156,0.5008970879090617,1.0,0.47512576858579947
2004-02-12,Dublin,Classic Cars,Shipped,26.0,56.07,1457.82,Other,0.0,0.0,0.0,0.0,0.0,0.0,1.0,0.0,0.0,0.0,0.0,1.0,0.0,0.0,0.0,0.0,0.0,0.0,0.0,0.0,0.0,0.0,0.0,1.0,7.285383168739092,4.044278584548617,9.823805373555334,-1.484056715276402,-1.2616816462590577,-0.9775373049564378,0.06933009138584342,0.34399546038288087,0.1676914477361645
2004-02-18,Bruxelles,Ships,Shipped,49.0,100.0,6804.63,Other,0.0,0.0,0.0,0.0,0.0,0.0,1.0,0.0,0.0,0.0,0.0,0.0,0.0,0.0,1.0,0.0,0.0,0.0,0.0,0.0,0.0,0.0,0.0,1.0,8.825505489786437,4.61512051684126,14.736931873780104,1.5202135826544108,0.7447315744112115,1.464218006289084,0.7148009642110561,1.0,0.8105086640581285
2004-02-18,Bruxelles,Vintage Cars,Shipped,33.0,100.0,4417.38,Other,0.0,0.0,0.0,0.0,0.0,0.0,1.0,0.0,0.0,0.0,0.0,0.0,0.0,0.0,0.0,0.0,0.0,1.0,0.0,0.0,0.0,0.0,0.0,1.0,8.393528392051294,4.61512051684126,11.461717832632248,0.6775688482871398,0.7447315744112115,-0.16351766875873364,0.4266103718481352,1.0,0.3633314700950231
2004-02-18,Bruxelles,Trains,Shipped,23.0,80.67,1855.41,Other,0.0,0.0,0.0,0.0,0.0,0.0,1.0,0.0,0.0,0.0,0.0,0.0,0.0,0.0,0.0,1.0,0.0,0.0,0.0,0.0,0.0,0.0,0.0,1.0,7.526399794122605,4.402686737370185,9.067037908070397,-1.0139128318640762,-0.0019373711160946795,-1.353640175122944,0.1173274513680714,0.7113460562076277,0.0838457238680822
2004-02-18,Bruxelles,Ships,Shipped,23.0,97.0,2231.0,Other,0.0,0.0,0.0,0.0,0.0,0.0,1.0,0.0,0.0,0.0,0.0,0.0,0.0,0.0,1.0,0.0,0.0,0.0,0.0,0.0,0.0,0.0,0.0,1.0,7.710653323501202,4.584967478670572,9.067037908070397,-0.6544950128790186,0.6387487252079976,-1.353640175122944,0.1626689550168679,0.9552011468506405,0.0838457238680822
2004-02-18,Bruxelles,Vintage Cars,Shipped,39.0,89.53,3491.67,Other,0.0,0.0,0.0,0.0,0.0,0.0,1.0,0.0,0.0,0.0,0.0,0.0,0.0,0.0,0.0,0.0,0.0,1.0,0.0,0.0,0.0,0.0,0.0,1.0,8.158421765680206,4.505681287487349,12.754015005493859,0.21895342222601402,0.36007112076555187,0.4787359930181514,0.3148579733744607,0.8436520025087357,0.5310229178311876
2004-02-19,San Diego,Ships,Shipped,36.0,80.95,2914.2,Other,0.0,0.0,0.0,0.0,0.0,0.0,1.0,0.0,0.0,0.0,0.0,0.0,0.0,0.0,1.0,0.0,0.0,0.0,0.0,0.0,0.0,0.0,0.0,1.0,7.977693707065639,4.406109305189839,12.119023021201402,-0.13358736695572462,0.01009237816040728,0.16315383770961095,0.24514536624415767,0.7155272825015679,0.4471771939631053
2004-02-19,San Diego,Ships,Shipped,26.0,100.0,2659.54,Other,0.0,0.0,0.0,0.0,0.0,0.0,1.0,0.0,0.0,0.0,0.0,0.0,0.0,0.0,1.0,0.0,0.0,0.0,0.0,0.0,0.0,0.0,0.0,1.0,7.886284388691304,4.61512051684126,9.823805373555334,-0.31189677549631756,0.7447315744112115,-0.9775373049564378,0.21440262197726423,1.0,0.1676914477361645
2004-02-19,San Diego,Planes,Shipped,49.0,100.0,6954.08,Other,0.0,0.0,0.0,0.0,0.0,0.0,1.0,0.0,0.0,0.0,0.0,0.0,0.0,1.0,0.0,0.0,0.0,0.0,0.0,0.0,0.0,0.0,0.0,1.0,8.847227606807564,4.61512051684126,14.736931873780104,1.5625862631116174,0.7447315744112115,1.464218006289084,0.7328426791670257,1.0,0.8105086640581285
2004-02-19,San Diego,Planes,Shipped,43.0,74.03,3183.29,Other,0.0,0.0,0.0,0.0,0.0,0.0,1.0,0.0,0.0,0.0,0.0,0.0,0.0,1.0,0.0,0.0,0.0,0.0,0.0,0.0,0.0,0.0,0.0,1.0,8.065984623218716,4.3178880335576375,13.569968697266269,0.0386390681467858,-0.2999905287421775,0.8842535917456676,0.27763011082429734,0.6121912612370457,0.6428172163219641
2004-02-19,San Diego,Ships,Shipped,31.0,62.67,1942.77,Other,0.0,0.0,0.0,0.0,0.0,0.0,1.0,0.0,0.0,0.0,0.0,0.0,0.0,0.0,1.0,0.0,0.0,0.0,0.0,0.0,0.0,0.0,0.0,1.0,7.572384665263677,4.153713494028934,11.009728365329204,-0.9242115265616829,-0.8770363762412995,-0.388150126800217,0.12787361542664288,0.4425529373114715,0.30743432084963496
2004-02-19,San Diego,Ships,Shipped,31.0,95.34,2955.54,Other,0.0,0.0,0.0,0.0,0.0,0.0,1.0,0.0,0.0,0.0,0.0,0.0,0.0,0.0,1.0,0.0,0.0,0.0,0.0,0.0,0.0,0.0,0.0,1.0,7.991774944680608,4.567883601202075,11.009728365329204,-0.10611952018366565,0.5787017740748918,-0.388150126800217,0.25013596173616026,0.9304124481079952,0.30743432084963496
2004-02-19,San Diego,Planes,Shipped,31.0,45.69,1416.39,Other,0.0,0.0,0.0,0.0,0.0,0.0,1.0,0.0,0.0,0.0,0.0,0.0,0.0,1.0,0.0,0.0,0.0,0.0,0.0,0.0,0.0,0.0,0.0,1.0,7.256572431179827,3.8435300089828455,11.009728365329204,-1.5402569546521414,-1.9672790686982353,-0.388150126800217,0.0643286310270223,0.1889914284860974,0.30743432084963496
2004-02-19,San Diego,Vintage Cars,Shipped,35.050383351588174,70.35,3025.05,Other,0.0,0.0,0.0,0.0,0.0,0.0,1.0,0.0,0.0,0.0,0.0,0.0,0.0,0.0,0.0,0.0,0.0,1.0,0.0,0.0,0.0,0.0,0.0,1.0,8.015013417675108,4.267597343922845,11.913498472712774,-0.060788929728247426,-0.4767538301952041,0.06101100506720186,0.2585272605423794,0.5572380013738314,0.42063676220201485
2004-02-19,San Diego,Classic Cars,Shipped,49.0,100.0,5997.6,Other,0.0,0.0,0.0,0.0,0.0,0.0,1.0,0.0,0.0,0.0,0.0,1.0,0.0,0.0,0.0,0.0,0.0,0.0,0.0,0.0,0.0,0.0,0.0,1.0,8.699281387650402,4.61512051684126,14.736931873780104,1.2739920223614611,0.7447315744112115,1.464218006289084,0.6173757034488201,1.0,0.8105086640581285
2004-02-19,San Diego,Planes,Shipped,32.0,81.53,2608.96,Other,0.0,0.0,0.0,0.0,0.0,0.0,1.0,0.0,0.0,0.0,0.0,0.0,0.0,1.0,0.0,0.0,0.0,0.0,0.0,0.0,0.0,0.0,0.0,1.0,7.867090174528801,4.413161863604593,11.237179911736995,-0.3493383518649498,0.03488093282400921,-0.2751098821684491,0.2082965668252204,0.7241883941104441,0.335382895472329
2004-02-19,San Diego,Ships,Shipped,36.0,63.34,2280.24,Other,0.0,0.0,0.0,0.0,0.0,0.0,1.0,0.0,0.0,0.0,0.0,0.0,0.0,0.0,1.0,0.0,0.0,0.0,0.0,0.0,0.0,0.0,0.0,1.0,7.73247443375955,4.16418152181088,12.119023021201402,-0.6119292292908369,-0.8402430221657043,0.16315383770961095,0.16861324437405723,0.45255801451482847,0.4471771939631053
2004-02-19,San Diego,Vintage Cars,Shipped,45.0,85.75,3858.75,Other,0.0,0.0,0.0,0.0,0.0,0.0,1.0,0.0,0.0,0.0,0.0,0.0,0.0,0.0,0.0,0.0,0.0,1.0,0.0,0.0,0.0,0.0,0.0,1.0,8.258357693522036,4.4630304188269685,13.966075138951927,0.41389543144720137,0.21016050293555738,1.0811129658652374,0.35917214350518895,0.787205447540543,0.6987143655673522
2004-02-19,San Diego,Vintage Cars,Shipped,47.0,70.81,3328.07,Other,0.0,0.0,0.0,0.0,0.0,0.0,1.0,0.0,0.0,0.0,0.0,0.0,0.0,0.0,0.0,0.0,0.0,1.0,0.0,0.0,0.0,0.0,0.0,1.0,8.11044826468949,4.2740237421222265,14.35492029635209,0.12537295647693483,-0.45416612319767385,1.2743635830212399,0.29510805991312494,0.5641071588567332,0.7546115148127404
2004-02-19,San Diego,Planes,Shipped,37.0,87.75,3246.75,Other,0.0,0.0,0.0,0.0,0.0,0.0,1.0,0.0,0.0,0.0,0.0,0.0,0.0,1.0,0.0,0.0,0.0,0.0,0.0,0.0,0.0,0.0,0.0,1.0,8.085717727875842,4.485823428355525,12.33304085962557,0.07713184199805294,0.29027409142631116,0.26951771693185156,0.2852910491388228,0.8170713496401159,0.47512576858579947
2004-02-19,San Diego,Ships,Shipped,49.0,94.62,4636.38,Other,0.0,0.0,0.0,0.0,0.0,0.0,1.0,0.0,0.0,0.0,0.0,0.0,0.0,0.0,1.0,0.0,0.0,0.0,0.0,0.0,0.0,0.0,0.0,1.0,8.441904830570119,4.560382003197957,14.736931873780104,0.7719353121553767,0.5523349209056339,1.464218006289084,0.4530482144400212,0.919660723352149,0.8105086640581285
2004-02-19,San Diego,Vintage Cars,Shipped,46.0,80.51,3703.46,Other,0.0,0.0,0.0,0.0,0.0,0.0,1.0,0.0,0.0,0.0,0.0,0.0,0.0,0.0,0.0,0.0,0.0,1.0,0.0,0.0,0.0,0.0,0.0,1.0,8.217292778119917,4.400725712106366,14.161377611660777,0.33379133585450127,-0.008830044538999864,1.1781755694872693,0.3404254194134357,0.708956784039662,0.7266629401900462
2004-02-19,San Diego,Ships,Shipped,38.0,100.0,4187.22,Other,0.0,0.0,0.0,0.0,0.0,0.0,1.0,0.0,0.0,0.0,0.0,0.0,0.0,0.0,1.0,0.0,0.0,0.0,0.0,0.0,0.0,0.0,0.0,1.0,8.34003110165179,4.61512051684126,12.544675977743431,0.5732132926467853,0.7447315744112115,0.3746974174111126,0.39882528577074494,1.0,0.5030743432084936
2004-02-19,San Diego,Planes,Shipped,48.0,56.64,2718.72,Other,0.0,0.0,0.0,0.0,0.0,0.0,1.0,0.0,0.0,0.0,0.0,0.0,0.0,1.0,0.0,0.0,0.0,0.0,0.0,0.0,0.0,0.0,0.0,1.0,7.908284212814766,4.054216771131322,14.546755227281093,-0.26898238014564657,-1.226750594734965,1.3697028667658944,0.22154687551419483,0.3525072424812592,0.7825600894354343
2004-02-20,Melbourne,Vintage Cars,Shipped,41.0,46.26,1896.66,Melbourne,0.0,0.0,1.0,0.0,0.0,0.0,0.0,0.0,0.0,0.0,0.0,0.0,0.0,0.0,0.0,0.0,0.0,1.0,0.0,0.0,0.0,0.0,0.0,1.0,7.548376827190555,3.8556642717587617,13.166125611826143,-0.9710428943400307,-1.9246291793341088,0.6835492136397722,0.12230718199325541,0.19750321058447573,0.5869200670765757
2004-02-20,Melbourne,Motorcycles,Shipped,47.0,100.0,5422.39,Melbourne,0.0,0.0,1.0,0.0,0.0,0.0,0.0,0.0,0.0,0.0,0.0,0.0,1.0,0.0,0.0,0.0,0.0,0.0,0.0,0.0,0.0,0.0,0.0,1.0,8.598476360168936,4.61512051684126,14.35492029635209,1.0773546866083383,0.7447315744112115,1.2743635830212399,0.5479359251964059,1.0,0.7546115148127404
2004-02-20,Melbourne,Planes,Shipped,29.0,100.0,3199.86,Melbourne,0.0,0.0,1.0,0.0,0.0,0.0,0.0,0.0,0.0,0.0,0.0,0.0,0.0,1.0,0.0,0.0,0.0,0.0,0.0,0.0,0.0,0.0,0.0,1.0,8.071174802681005,4.61512051684126,10.54555133395328,0.04876339514756749,0.7447315744112115,-0.6188396341166861,0.2796304535263409,1.0,0.2515371716042467
2004-02-20,Melbourne,Planes,Shipped,23.0,74.62,1716.26,Melbourne,0.0,0.0,1.0,0.0,0.0,0.0,0.0,0.0,0.0,0.0,0.0,0.0,0.0,1.0,0.0,0.0,0.0,0.0,0.0,0.0,0.0,0.0,0.0,1.0,7.448485276340976,4.325720798462787,9.067037908070397,-1.1658983386969157,-0.27245967970840795,-1.353640175122944,0.10052916005911741,0.6210017023564198,0.0838457238680822
2004-02-20,Melbourne,Planes,Shipped,47.0,100.0,4724.91,Melbourne,0.0,0.0,1.0,0.0,0.0,0.0,0.0,0.0,0.0,0.0,0.0,0.0,0.0,1.0,0.0,0.0,0.0,0.0,0.0,0.0,0.0,0.0,0.0,1.0,8.460815413976864,4.61512051684126,14.35492029635209,0.8088236185379457,0.7447315744112115,1.2743635830212399,0.46373562176723415,1.0,0.7546115148127404
2004-02-20,Melbourne,Motorcycles,Shipped,28.0,60.57,1695.96,Melbourne,0.0,0.0,1.0,0.0,0.0,0.0,0.0,0.0,0.0,0.0,0.0,0.0,1.0,0.0,0.0,0.0,0.0,0.0,0.0,0.0,0.0,0.0,0.0,1.0,7.436593693948765,4.120174738923119,10.308532382015233,-1.189094890872083,-0.9949194500702778,-0.7366347457903012,0.09807852898781474,0.4111937401069199,0.22358859698155265
2004-02-20,Melbourne,Vintage Cars,Shipped,20.0,66.04,1320.8,Melbourne,0.0,0.0,1.0,0.0,0.0,0.0,0.0,0.0,0.0,0.0,0.0,0.0,0.0,0.0,0.0,0.0,0.0,1.0,0.0,0.0,0.0,0.0,0.0,1.0,7.186749723036352,4.205289456173828,8.268807419728406,-1.6764580117564134,-0.6957555584487229,-1.7503495890608907,0.05278893525826256,0.4928769823492519,0.0
2004-02-20,Melbourne,Motorcycles,Shipped,49.0,100.0,9167.099200000002,Melbourne,0.0,0.0,1.0,0.0,0.0,0.0,0.0,0.0,0.0,0.0,0.0,0.0,1.0,0.0,0.0,0.0,0.0,0.0,0.0,0.0,0.0,0.0,0.0,1.0,9.123485259140311,4.61512051684126,14.736931873780104,2.1014737580444667,0.7447315744112115,1.464218006289084,1.0,1.0,0.8105086640581285
2004-02-20,Melbourne,Motorcycles,Shipped,37.0,100.0,3965.66,Melbourne,0.0,0.0,1.0,0.0,0.0,0.0,0.0,0.0,0.0,0.0,0.0,0.0,1.0,0.0,0.0,0.0,0.0,0.0,0.0,0.0,0.0,0.0,0.0,1.0,8.28567970975783,4.61512051684126,12.33304085962557,0.4671916669052764,0.7447315744112115,0.26951771693185156,0.37207839807824156,1.0,0.47512576858579947
2004-02-20,Melbourne,Motorcycles,Shipped,32.0,91.29,2921.28,Melbourne,0.0,0.0,1.0,0.0,0.0,0.0,0.0,0.0,0.0,0.0,0.0,0.0,1.0,0.0,0.0,0.0,0.0,0.0,0.0,0.0,0.0,0.0,0.0,1.0,7.980119412497293,4.524935793277486,11.237179911736995,-0.12885561631471573,0.4277474647573911,-0.2751098821684491,0.24600006910055294,0.8699339963563599,0.335382895472329
2004-02-20,Melbourne,Planes,Shipped,34.0,100.0,3608.76,Melbourne,0.0,0.0,1.0,0.0,0.0,0.0,0.0,0.0,0.0,0.0,0.0,0.0,0.0,1.0,0.0,0.0,0.0,0.0,0.0,0.0,0.0,0.0,0.0,1.0,8.19139656712244,4.61512051684126,11.683463549954297,0.2832763757987558,0.7447315744112115,-0.05331314156158311,0.3289931651054375,1.0,0.39128004471771716
2004-02-20,Melbourne,Planes,Shipped,25.0,100.0,2534.75,Melbourne,0.0,0.0,1.0,0.0,0.0,0.0,0.0,0.0,0.0,0.0,0.0,0.0,0.0,1.0,0.0,0.0,0.0,0.0,0.0,0.0,0.0,0.0,0.0,1.0,7.838244730256105,4.61512051684126,9.57572149487329,-0.40560629258289776,0.7447315744112115,-1.1008315308182302,0.1993378805295864,1.0,0.13974287311347044
2004-02-20,Melbourne,Motorcycles,Shipped,38.0,69.31,2633.78,Melbourne,0.0,0.0,1.0,0.0,0.0,0.0,0.0,0.0,0.0,0.0,0.0,0.0,1.0,0.0,0.0,0.0,0.0,0.0,0.0,0.0,0.0,0.0,0.0,1.0,7.876554966028756,4.25291403621107,12.544675977743431,-0.3308756677061451,-0.5283631830641379,0.3746974174111126,0.21129285565230083,0.5417077322820536,0.5030743432084936
2004-02-20,Melbourne,Planes,Shipped,26.0,67.2,1747.2,Melbourne,0.0,0.0,1.0,0.0,0.0,0.0,0.0,0.0,0.0,0.0,0.0,0.0,0.0,1.0,0.0,0.0,0.0,0.0,0.0,0.0,0.0,0.0,0.0,1.0,7.466341966146388,4.222444564849416,9.823805373555334,-1.1310658308703416,-0.6354582416232132,-0.9775373049564378,0.10426425982986148,0.5101992055670042,0.1676914477361645
2004-02-20,Melbourne,Motorcycles,Shipped,21.0,100.0,2475.27,Melbourne,0.0,0.0,1.0,0.0,0.0,0.0,0.0,0.0,0.0,0.0,0.0,0.0,1.0,0.0,0.0,0.0,0.0,0.0,0.0,0.0,0.0,0.0,0.0,1.0,7.814508674709069,4.61512051684126,8.539972716394377,-0.4519075023605097,0.7447315744112115,-1.6155842205467048,0.19215741076992715,1.0,0.027948574622694067
2004-02-21,Lille,Motorcycles,Shipped,37.0,80.34,2972.58,Other,0.0,0.0,0.0,0.0,0.0,0.0,1.0,0.0,0.0,0.0,0.0,0.0,1.0,0.0,0.0,0.0,0.0,0.0,0.0,0.0,0.0,0.0,0.0,1.0,7.99752189310624,4.398637900479079,12.33304085962557,-0.09490912070894936,-0.016168350669446052,0.26951771693185156,0.25219304318714536,0.7064181823611984,0.47512576858579947
2004-02-21,Lille,Motorcycles,Shipped,43.0,39.43,1695.49,Other,0.0,0.0,0.0,0.0,0.0,0.0,1.0,0.0,0.0,0.0,0.0,0.0,1.0,0.0,0.0,0.0,0.0,0.0,0.0,0.0,0.0,0.0,0.0,1.0,7.436316689718259,3.6995720836526793,13.569968697266269,-1.1896352346946084,-2.4732669232390876,0.8842535917456676,0.09802179023887325,0.09551115491443418,0.6428172163219641
2004-02-21,Lille,Motorcycles,Shipped,30.0,100.0,3336.9,Other,0.0,0.0,0.0,0.0,0.0,0.0,1.0,0.0,0.0,0.0,0.0,0.0,1.0,0.0,0.0,0.0,0.0,0.0,0.0,0.0,0.0,0.0,0.0,1.0,8.113097145714312,4.61512051684126,10.779232502977782,0.13054004903631852,0.7447315744112115,-0.5027033539745942,0.29617402406877036,1.0,0.2794857462269409
2004-02-21,Lille,Motorcycles,Shipped,43.0,100.0,6087.94,Other,0.0,0.0,0.0,0.0,0.0,0.0,1.0,0.0,0.0,0.0,0.0,0.0,1.0,0.0,0.0,0.0,0.0,0.0,0.0,0.0,0.0,0.0,0.0,1.0,8.71422928972524,4.61512051684126,13.569968697266269,1.3031504454335185,0.7447315744112115,0.8842535917456676,0.628281615319829,1.0,0.6428172163219641
2004-02-21,Lille,Motorcycles,Shipped,50.0,77.29,3864.5,Other,0.0,0.0,0.0,0.0,0.0,0.0,1.0,0.0,0.0,0.0,0.0,0.0,1.0,0.0,0.0,0.0,0.0,0.0,0.0,0.0,0.0,0.0,0.0,1.0,8.259846318760529,4.360419880919823,14.925497315272617,0.41679924793478473,-0.15049825072348702,1.5579323994073224,0.35986628777415397,0.6608726816593495,0.8384572386808227
2004-02-21,Lille,Motorcycles,Shipped,38.0,58.44,2220.72,Other,0.0,0.0,0.0,0.0,0.0,0.0,1.0,0.0,0.0,0.0,0.0,0.0,1.0,0.0,0.0,0.0,0.0,0.0,0.0,0.0,0.0,0.0,0.0,1.0,7.70603694965806,4.084967400409504,12.544675977743431,-0.6635000345137054,-1.1186673134667549,0.3746974174111126,0.16142794578470082,0.37938655437087476,0.5030743432084936
2004-02-22,Gensve,Classic Cars,Shipped,43.0,100.0,6407.86,Other,0.0,0.0,0.0,0.0,0.0,0.0,1.0,0.0,0.0,0.0,0.0,1.0,0.0,0.0,0.0,0.0,0.0,0.0,0.0,0.0,0.0,0.0,0.0,1.0,8.765436686984158,4.61512051684126,13.569968697266269,1.403039175384975,0.7447315744112115,0.8842535917456676,0.6669025952376196,1.0,0.6428172163219641
2004-02-22,Gensve,Classic Cars,Shipped,42.0,36.63,1538.46,Other,0.0,0.0,0.0,0.0,0.0,0.0,1.0,0.0,0.0,0.0,0.0,1.0,0.0,0.0,0.0,0.0,0.0,0.0,0.0,0.0,0.0,0.0,0.0,1.0,7.339186984565167,3.627801604605346,13.369046010543581,-1.3791032297041046,-2.725528065716942,0.7843978201850537,0.07906501205529404,0.05369889197503219,0.6148686416992699
2004-02-22,Gensve,Classic Cars,Shipped,35.0,100.0,5260.15,Other,0.0,0.0,0.0,0.0,0.0,0.0,1.0,0.0,0.0,0.0,0.0,1.0,0.0,0.0,0.0,0.0,0.0,0.0,0.0,0.0,0.0,0.0,0.0,1.0,8.56810491301415,4.61512051684126,11.902530119204657,1.018110017957441,0.7447315744112115,0.05555988642964223,0.5283501919447731,1.0,0.41922861934041133
2004-02-22,Gensve,Classic Cars,Shipped,24.0,50.21,1205.04,Other,0.0,0.0,0.0,0.0,0.0,0.0,1.0,0.0,0.0,0.0,0.0,1.0,0.0,0.0,0.0,0.0,0.0,0.0,0.0,0.0,0.0,0.0,0.0,1.0,7.095097544232956,3.935934825474459,9.323544176118064,-1.8552411608328072,-1.6424917064283295,-1.226160139275199,0.038814302114715926,0.2564883672311322,0.11179429849077627
2004-02-22,Gensve,Classic Cars,Shipped,37.0,95.69,3540.53,Other,0.0,0.0,0.0,0.0,0.0,0.0,1.0,0.0,0.0,0.0,0.0,1.0,0.0,0.0,0.0,0.0,0.0,0.0,0.0,0.0,0.0,0.0,0.0,1.0,8.172314116144669,4.5715099844954565,12.33304085962557,0.24605281251369532,0.5914479004041828,0.26951771693185156,0.3207563888495271,0.9356389809754202,0.47512576858579947
2004-02-22,Gensve,Classic Cars,Shipped,32.0,100.0,4529.28,Other,0.0,0.0,0.0,0.0,0.0,0.0,1.0,0.0,0.0,0.0,0.0,1.0,0.0,0.0,0.0,0.0,0.0,0.0,0.0,0.0,0.0,0.0,0.0,1.0,8.418539026721437,4.61512051684126,11.237179911736995,0.7263563412317324,0.7447315744112115,-0.2751098821684491,0.440119022925907,1.0,0.335382895472329
2004-02-22,Gensve,Classic Cars,Shipped,21.0,100.0,2684.43,Other,0.0,0.0,0.0,0.0,0.0,0.0,1.0,0.0,0.0,0.0,0.0,1.0,0.0,0.0,0.0,0.0,0.0,0.0,0.0,0.0,0.0,0.0,0.0,1.0,7.895596143096278,4.61512051684126,8.539972716394377,-0.2937326161966415,0.7447315744112115,-1.6155842205467048,0.2174073612563146,1.0,0.027948574622694067
2004-02-22,Gensve,Classic Cars,Shipped,47.0,64.68,3039.96,Other,0.0,0.0,0.0,0.0,0.0,0.0,1.0,0.0,0.0,0.0,0.0,1.0,0.0,0.0,0.0,0.0,0.0,0.0,0.0,0.0,0.0,0.0,0.0,1.0,8.01992853402295,4.184794465144173,14.35492029635209,-0.051201160073266846,-0.7677919990694471,1.2743635830212399,0.26032720681199134,0.4725681689215424,0.7546115148127404
2004-02-22,Gensve,Classic Cars,Shipped,27.0,100.0,4564.08,Other,0.0,0.0,0.0,0.0,0.0,0.0,1.0,0.0,0.0,0.0,0.0,1.0,0.0,0.0,0.0,0.0,0.0,0.0,0.0,0.0,0.0,0.0,0.0,1.0,8.426191317519544,4.61512051684126,10.068010317854855,0.7412834347759971,0.7447315744112115,-0.8561708553548468,0.4443201047624259,1.0,0.19564002235885858
2004-02-22,Gensve,Classic Cars,Shipped,25.0,99.82,2495.5,Other,0.0,0.0,0.0,0.0,0.0,0.0,1.0,0.0,0.0,0.0,0.0,1.0,0.0,0.0,0.0,0.0,0.0,0.0,0.0,0.0,0.0,0.0,0.0,1.0,7.822645029940664,4.6133367486544845,9.57572149487329,-0.43603615888236874,0.7384619297511168,-1.1008315308182302,0.1945995913892598,0.9973120688110384,0.13974287311347044
2004-02-22,Gensve,Classic Cars,Shipped,37.0,77.41,2864.17,Other,0.0,0.0,0.0,0.0,0.0,0.0,1.0,0.0,0.0,0.0,0.0,1.0,0.0,0.0,0.0,0.0,0.0,0.0,0.0,0.0,0.0,0.0,0.0,1.0,7.960382964212215,4.361951470242831,12.33304085962557,-0.16735491248048162,-0.14511497228425432,0.26951771693185156,0.23910570750044968,0.6626646357853239,0.47512576858579947
2004-02-22,Gensve,Classic Cars,Shipped,27.0,100.0,4517.91,Other,0.0,0.0,0.0,0.0,0.0,0.0,1.0,0.0,0.0,0.0,0.0,1.0,0.0,0.0,0.0,0.0,0.0,0.0,0.0,0.0,0.0,0.0,0.0,1.0,8.416026093302355,4.61512051684126,10.068010317854855,0.7214544375787216,0.7447315744112115,-0.8561708553548468,0.4387464280844927,1.0,0.19564002235885858
2004-02-22,Gensve,Classic Cars,Shipped,46.0,70.33,3235.18,Other,0.0,0.0,0.0,0.0,0.0,0.0,1.0,0.0,0.0,0.0,0.0,1.0,0.0,0.0,0.0,0.0,0.0,0.0,0.0,0.0,0.0,0.0,0.0,1.0,8.082148900858854,4.267316996289947,14.161377611660777,0.07017023845587567,-0.4777392048938919,1.1781755694872693,0.2838943101489227,0.5569393423528357,0.7266629401900462
2004-02-22,Gensve,Classic Cars,Shipped,40.0,100.0,4550.0,Other,0.0,0.0,0.0,0.0,0.0,0.0,1.0,0.0,0.0,0.0,0.0,1.0,0.0,0.0,0.0,0.0,0.0,0.0,0.0,0.0,0.0,0.0,0.0,1.0,8.423102268016642,4.61512051684126,12.961139346341028,0.7352577188029331,0.7447315744112115,0.5816739001387327,0.44262035670902977,1.0,0.5589714924538818
2004-02-26,San Diego,Classic Cars,Shipped,46.0,100.0,7343.9,Other,0.0,0.0,0.0,0.0,0.0,0.0,1.0,0.0,0.0,0.0,0.0,1.0,0.0,0.0,0.0,0.0,0.0,0.0,0.0,0.0,0.0,0.0,0.0,1.0,8.901761473811417,4.61512051684126,14.161377611660777,1.6689638375626976,0.7447315744112115,1.1781755694872693,0.7799020389805826,1.0,0.7266629401900462
2004-02-26,San Diego,Classic Cars,Shipped,48.0,92.09,4420.32,Other,0.0,0.0,0.0,0.0,0.0,0.0,1.0,0.0,0.0,0.0,0.0,1.0,0.0,0.0,0.0,0.0,0.0,0.0,0.0,0.0,0.0,0.0,0.0,1.0,8.394193573020875,4.533566767128399,14.546755227281093,0.6788663968015333,0.4580838837590236,1.3697028667658944,0.42696529083087553,0.8818803571961891,0.7825600894354343
2004-02-26,San Diego,Classic Cars,Shipped,21.0,60.26,1265.46,Other,0.0,0.0,0.0,0.0,0.0,0.0,1.0,0.0,0.0,0.0,0.0,1.0,0.0,0.0,0.0,0.0,0.0,0.0,0.0,0.0,0.0,0.0,0.0,1.0,7.143980885839933,4.115127101404629,8.539972716394377,-1.7598858963538289,-1.0126610455581462,-1.6155842205467048,0.04610824937225816,0.4065645252814861,0.027948574622694067
2004-02-26,San Diego,Classic Cars,Shipped,36.0,43.27,1557.72,Other,0.0,0.0,0.0,0.0,0.0,0.0,1.0,0.0,0.0,0.0,0.0,1.0,0.0,0.0,0.0,0.0,0.0,0.0,0.0,0.0,0.0,0.0,0.0,1.0,7.351620250618178,3.7903072467440495,12.119023021201402,-1.3548500315010348,-2.154348111379855,0.16315383770961095,0.08139009355447085,0.1528536869456143,0.4471771939631053
2004-02-26,San Diego,Classic Cars,Shipped,35.050383351588174,100.0,3231.36,Other,0.0,0.0,0.0,0.0,0.0,0.0,1.0,0.0,0.0,0.0,0.0,1.0,0.0,0.0,0.0,0.0,0.0,0.0,0.0,0.0,0.0,0.0,0.0,1.0,8.080967799576625,4.61512051684126,11.913498472712774,0.06786629970207764,0.7447315744112115,0.06101100506720186,0.2834331569128451,1.0,0.42063676220201485
2004-02-26,San Diego,Classic Cars,Shipped,38.0,100.0,4161.38,Other,0.0,0.0,0.0,0.0,0.0,0.0,1.0,0.0,0.0,0.0,0.0,1.0,0.0,0.0,0.0,0.0,0.0,0.0,0.0,0.0,0.0,0.0,0.0,1.0,8.333842305044312,4.61512051684126,12.544675977743431,0.5611409932107647,0.7447315744112115,0.3746974174111126,0.39570586178638734,1.0,0.5030743432084936
2004-02-26,San Diego,Classic Cars,Shipped,24.0,100.0,3892.08,Other,0.0,0.0,0.0,0.0,0.0,0.0,1.0,0.0,0.0,0.0,0.0,1.0,0.0,0.0,0.0,0.0,0.0,0.0,0.0,0.0,0.0,0.0,0.0,1.0,8.26695589710391,4.61512051684126,9.323544176118064,0.4306676886137753,0.7447315744112115,-1.226160139275199,0.3631957658503376,1.0,0.11179429849077627
2004-03-02,Lyon,Vintage Cars,Shipped,31.0,48.52,1504.12,Other,0.0,0.0,0.0,0.0,0.0,0.0,1.0,0.0,0.0,0.0,0.0,0.0,0.0,0.0,0.0,0.0,0.0,1.0,0.0,0.0,0.0,0.0,0.0,1.0,7.316627908223642,3.9023766283763406,11.009728365329204,-1.4231085415390177,-1.7604431155848066,-0.388150126800217,0.07491946176029238,0.23125167995699314,0.30743432084963496
2004-03-02,Lyon,Classic Cars,Shipped,35.050383351588174,100.0,4340.49,Other,0.0,0.0,0.0,0.0,0.0,0.0,1.0,0.0,0.0,0.0,0.0,1.0,0.0,0.0,0.0,0.0,0.0,0.0,0.0,0.0,0.0,0.0,0.0,1.0,8.375972886146672,4.61512051684126,11.913498472712774,0.6433238508387936,0.7447315744112115,0.06101100506720186,0.4173281539627922,1.0,0.42063676220201485
2004-03-02,Lyon,Classic Cars,Shipped,37.0,57.73,2136.01,Other,0.0,0.0,0.0,0.0,0.0,0.0,1.0,0.0,0.0,0.0,0.0,1.0,0.0,0.0,0.0,0.0,0.0,0.0,0.0,0.0,0.0,0.0,0.0,1.0,7.667162934765382,4.072950669534428,12.33304085962557,-0.7393304063662296,-1.1609040980003533,0.26951771693185156,0.15120169169356545,0.3687841591255263,0.47512576858579947
2004-03-02,Lyon,Vintage Cars,Shipped,33.0,100.0,3666.96,Other,0.0,0.0,0.0,0.0,0.0,0.0,1.0,0.0,0.0,0.0,0.0,0.0,0.0,0.0,0.0,0.0,0.0,1.0,0.0,0.0,0.0,0.0,0.0,1.0,8.207390928191485,4.61512051684126,11.461717832632248,0.3144760949622526,0.7447315744112115,-0.16351766875873364,0.33601911231478804,1.0,0.3633314700950231
2004-03-02,Lyon,Vintage Cars,Shipped,46.0,100.0,7017.76,Other,0.0,0.0,0.0,0.0,0.0,0.0,1.0,0.0,0.0,0.0,0.0,0.0,0.0,0.0,0.0,0.0,0.0,1.0,0.0,0.0,0.0,0.0,0.0,1.0,8.856341843240859,4.61512051684126,14.161377611660777,1.5803651300435928,0.7447315744112115,1.1781755694872693,0.7405301760448855,1.0,0.7266629401900462
2004-03-02,Lyon,Vintage Cars,Shipped,24.0,48.38,1161.12,Other,0.0,0.0,0.0,0.0,0.0,0.0,1.0,0.0,0.0,0.0,0.0,0.0,0.0,0.0,0.0,0.0,0.0,1.0,0.0,0.0,0.0,0.0,0.0,1.0,7.058001202303606,3.8995454839170334,9.323544176118064,-1.9276038794929993,-1.770394111388439,-1.226160139275199,0.03351224710724729,0.22916106681002302,0.11179429849077627
2004-03-02,Lyon,Vintage Cars,Shipped,29.0,100.0,5579.02,Other,0.0,0.0,0.0,0.0,0.0,0.0,1.0,0.0,0.0,0.0,0.0,0.0,0.0,0.0,0.0,0.0,0.0,1.0,0.0,0.0,0.0,0.0,0.0,1.0,8.626947639598324,4.61512051684126,10.54555133395328,1.1328927552181294,0.7447315744112115,-0.6188396341166861,0.5668444150830136,1.0,0.2515371716042467
2004-03-02,Lyon,Vintage Cars,Shipped,27.0,43.9,1185.3,Other,0.0,0.0,0.0,0.0,0.0,0.0,1.0,0.0,0.0,0.0,0.0,0.0,0.0,0.0,0.0,0.0,0.0,1.0,0.0,0.0,0.0,0.0,0.0,1.0,7.078594498667058,3.8044377947482086,10.068010317854855,-1.8874331555474282,-2.1046816157582153,-0.8561708553548468,0.03643127465917334,0.16226144610697968,0.19564002235885858
2004-03-02,Lyon,Classic Cars,Shipped,47.0,88.14,4142.58,Other,0.0,0.0,0.0,0.0,0.0,0.0,1.0,0.0,0.0,0.0,0.0,1.0,0.0,0.0,0.0,0.0,0.0,0.0,0.0,0.0,0.0,0.0,0.0,1.0,8.329315427451572,4.49020816751841,14.35492029635209,0.5523105492204529,0.305685710874569,1.2743635830212399,0.3934363118287276,0.8228952005495327,0.7546115148127404
2004-03-02,Lyon,Classic Cars,Shipped,40.0,79.62,3184.8,Other,0.0,0.0,0.0,0.0,0.0,0.0,1.0,0.0,0.0,0.0,0.0,1.0,0.0,0.0,0.0,0.0,0.0,0.0,0.0,0.0,0.0,0.0,0.0,1.0,8.066458713860538,4.38974675768902,12.961139346341028,0.03956386250518668,-0.047419219660787715,0.5816739001387327,0.2778123991453647,0.695666457605352,0.5589714924538818
2004-03-02,Lyon,Vintage Cars,Shipped,28.0,50.85,1423.8,Other,0.0,0.0,0.0,0.0,0.0,0.0,1.0,0.0,0.0,0.0,0.0,0.0,0.0,0.0,0.0,0.0,0.0,1.0,0.0,0.0,0.0,0.0,0.0,1.0,7.261786731975452,3.948354934675536,10.308532382015233,-1.5300855748917865,-1.5988371150371097,-0.7366347457903012,0.06522317172841896,0.26604545590299555,0.22358859698155265
2004-03-02,Lyon,Vintage Cars,Shipped,26.0,100.0,3712.8,Other,0.0,0.0,0.0,0.0,0.0,0.0,1.0,0.0,0.0,0.0,0.0,0.0,0.0,0.0,0.0,0.0,0.0,1.0,0.0,0.0,0.0,0.0,0.0,1.0,8.219810890166496,4.61512051684126,9.823805373555334,0.3387033413004408,0.7447315744112115,-0.9775373049564378,0.3415529511477198,1.0,0.1676914477361645
2004-03-02,Lyon,Vintage Cars,Shipped,34.0,100.0,3566.94,Other,0.0,0.0,0.0,0.0,0.0,0.0,1.0,0.0,0.0,0.0,0.0,0.0,0.0,0.0,0.0,0.0,0.0,1.0,0.0,0.0,0.0,0.0,0.0,1.0,8.17974367741501,4.61512051684126,11.683463549954297,0.2605454342659484,0.7447315744112115,-0.05331314156158311,0.32394462365706916,1.0,0.39128004471771716
2004-03-02,Lyon,Vintage Cars,Shipped,42.0,33.034,1226.82,Other,0.0,0.0,0.0,0.0,0.0,0.0,1.0,0.0,0.0,0.0,0.0,0.0,0.0,0.0,0.0,0.0,0.0,1.0,0.0,0.0,0.0,0.0,0.0,1.0,7.112995518158658,3.5273600249492447,13.369046010543581,-1.8203281213142566,-3.0785632965340333,0.7843978201850537,0.04144359988481308,0.0,0.6148686416992699
2004-03-02,Lyon,Vintage Cars,Shipped,25.0,100.0,2953.75,Other,0.0,0.0,0.0,0.0,0.0,0.0,1.0,0.0,0.0,0.0,0.0,0.0,0.0,0.0,0.0,0.0,0.0,1.0,0.0,0.0,0.0,0.0,0.0,1.0,7.99116932389235,4.61512051684126,9.57572149487329,-0.10730088644341611,0.7447315744112115,-1.1008315308182302,0.24991987160721285,1.0,0.13974287311347044
2004-03-10,Cambridge,Vintage Cars,Shipped,45.0,63.71,2866.95,Other,0.0,0.0,0.0,0.0,0.0,0.0,1.0,0.0,0.0,0.0,0.0,0.0,0.0,0.0,0.0,0.0,0.0,1.0,0.0,0.0,0.0,0.0,0.0,1.0,7.961352767815798,4.169915749069175,13.966075138951927,-0.16546314575438803,-0.8200881794141156,1.0811129658652374,0.23944131116440143,0.4580832064032494,0.6987143655673522
2004-03-10,Cambridge,Vintage Cars,Shipped,31.0,100.0,3181.53,Other,0.0,0.0,0.0,0.0,0.0,0.0,1.0,0.0,0.0,0.0,0.0,0.0,0.0,0.0,0.0,0.0,0.0,1.0,0.0,0.0,0.0,0.0,0.0,1.0,8.065431756938585,4.61512051684126,11.009728365329204,0.03756060851963375,0.7447315744112115,-0.388150126800217,0.27741764231762284,1.0,0.30743432084963496
2004-03-10,Cambridge,Classic Cars,Shipped,29.0,100.0,6463.23,Other,0.0,0.0,0.0,0.0,0.0,0.0,1.0,0.0,0.0,0.0,0.0,1.0,0.0,0.0,0.0,0.0,0.0,0.0,0.0,0.0,0.0,0.0,0.0,1.0,8.774039181251087,4.61512051684126,10.54555133395328,1.4198198022618589,0.7447315744112115,-0.6188396341166861,0.6735869027458968,1.0,0.2515371716042467
2004-03-10,Cambridge,Vintage Cars,Shipped,33.0,100.0,3406.59,Other,0.0,0.0,0.0,0.0,0.0,0.0,1.0,0.0,0.0,0.0,0.0,0.0,0.0,0.0,0.0,0.0,0.0,1.0,0.0,0.0,0.0,0.0,0.0,1.0,8.13376057554764,4.61512051684126,11.461717832632248,0.1708475802325623,0.7447315744112115,-0.16351766875873364,0.3045870526086267,1.0,0.3633314700950231
2004-03-10,Cambridge,Trucks and Buses,Shipped,32.0,100.0,3360.0,Other,0.0,0.0,0.0,0.0,0.0,0.0,1.0,0.0,0.0,0.0,0.0,0.0,0.0,0.0,0.0,0.0,1.0,0.0,0.0,0.0,0.0,0.0,0.0,1.0,8.119993827725105,4.61512051684126,11.237179911736995,0.14399319924143447,0.7447315744112115,-0.2751098821684491,0.2989626732188734,1.0,0.335382895472329
2004-03-10,Cambridge,Vintage Cars,Shipped,24.0,100.0,2504.4,Other,0.0,0.0,0.0,0.0,0.0,0.0,1.0,0.0,0.0,0.0,0.0,0.0,0.0,0.0,0.0,0.0,0.0,1.0,0.0,0.0,0.0,0.0,0.0,1.0,7.8262036814100915,4.61512051684126,9.323544176118064,-0.4290944044748234,0.7447315744112115,-1.226160139275199,0.1956740059968753,1.0,0.11179429849077627
2004-03-11,San Rafael,Vintage Cars,Shipped,39.0,40.25,1569.75,San Rafael,0.0,0.0,0.0,0.0,0.0,0.0,0.0,0.0,0.0,1.0,0.0,0.0,0.0,0.0,0.0,0.0,0.0,1.0,0.0,0.0,0.0,0.0,0.0,1.0,7.359308491283056,3.71965111278069,12.754015005493859,-1.3398528116327257,-2.4026925186243773,0.4787359930181514,0.08284236408588816,0.10775617477525912,0.5310229178311876
2004-03-11,San Rafael,Trucks and Buses,Shipped,28.0,59.55,1667.4,San Rafael,0.0,0.0,0.0,0.0,0.0,0.0,0.0,0.0,0.0,1.0,0.0,0.0,0.0,0.0,0.0,0.0,1.0,0.0,0.0,0.0,0.0,0.0,0.0,1.0,7.4196203623227905,4.1034694699991014,10.308532382015233,-1.2222042584619048,-1.0536356559547775,-0.7366347457903012,0.09463074458405099,0.39596213003613767,0.22358859698155265
2004-03-11,San Rafael,Trucks and Buses,Shipped,25.0,100.0,2793.0,San Rafael,0.0,0.0,0.0,0.0,0.0,0.0,0.0,0.0,0.0,1.0,0.0,0.0,0.0,0.0,0.0,0.0,1.0,0.0,0.0,0.0,0.0,0.0,0.0,1.0,7.935229539816907,4.61512051684126,9.57572149487329,-0.21642094104805826,0.7447315744112115,-1.1008315308182302,0.2305140122617989,1.0,0.13974287311347044
2004-03-11,San Rafael,Trucks and Buses,Shipped,25.0,100.0,3451.0,San Rafael,0.0,0.0,0.0,0.0,0.0,0.0,0.0,0.0,0.0,1.0,0.0,0.0,0.0,0.0,0.0,0.0,1.0,0.0,0.0,0.0,0.0,0.0,0.0,1.0,8.146709052203319,4.61512051684126,9.57572149487329,0.19610578426511638,0.7447315744112115,-1.1008315308182302,0.30994826077988535,1.0,0.13974287311347044
2004-03-11,San Rafael,Trucks and Buses,Shipped,36.0,100.0,4521.96,San Rafael,0.0,0.0,0.0,0.0,0.0,0.0,0.0,0.0,0.0,1.0,0.0,0.0,0.0,0.0,0.0,0.0,1.0,0.0,0.0,0.0,0.0,0.0,0.0,1.0,8.41692192575092,4.61512051684126,12.119023021201402,0.7232019109971424,0.7447315744112115,0.16315383770961095,0.43923534709132894,1.0,0.4471771939631053
2004-03-11,San Rafael,Classic Cars,Shipped,50.0,100.0,5614.0,San Rafael,0.0,0.0,0.0,0.0,0.0,0.0,0.0,0.0,0.0,1.0,0.0,1.0,0.0,0.0,0.0,0.0,0.0,0.0,0.0,0.0,0.0,0.0,0.0,1.0,8.633196867172543,4.61512051684126,14.925497315272617,1.1450829355237238,0.7447315744112115,1.5579323994073224,0.5710672266531696,1.0,0.8384572386808227
2004-03-11,San Rafael,Trucks and Buses,Shipped,30.0,73.04,2191.2,San Rafael,0.0,0.0,0.0,0.0,0.0,0.0,0.0,0.0,0.0,1.0,0.0,0.0,0.0,0.0,0.0,0.0,1.0,0.0,0.0,0.0,0.0,0.0,0.0,1.0,7.692660884781623,4.304605487705297,10.779232502977782,-0.6895923220302884,-0.34667643966547085,-0.5027033539745942,0.15786426946820548,0.5974076396977572,0.2794857462269409
2004-03-11,San Rafael,Classic Cars,Shipped,33.0,33.034,1085.04,San Rafael,0.0,0.0,0.0,0.0,0.0,0.0,0.0,0.0,0.0,1.0,0.0,1.0,0.0,0.0,0.0,0.0,0.0,0.0,0.0,0.0,0.0,0.0,0.0,1.0,6.990293332228107,3.5273600249492447,11.461717832632248,-2.0596795855743526,-3.0785632965340333,-0.16351766875873364,0.024327813023271583,0.0,0.3633314700950231
2004-03-11,San Rafael,Classic Cars,Shipped,22.0,100.0,4172.52,San Rafael,0.0,0.0,0.0,0.0,0.0,0.0,0.0,0.0,0.0,1.0,0.0,1.0,0.0,0.0,0.0,0.0,0.0,0.0,0.0,0.0,0.0,0.0,0.0,1.0,8.336515083420197,4.61512051684126,8.805943150564206,0.5663547016142393,0.7447315744112115,-1.4834006262023,0.39705069085704303,1.0,0.055897149245388134
2004-03-11,San Rafael,Trucks and Buses,Shipped,23.0,54.11,1244.53,San Rafael,0.0,0.0,0.0,0.0,0.0,0.0,0.0,0.0,0.0,1.0,0.0,0.0,0.0,0.0,0.0,0.0,1.0,0.0,0.0,0.0,0.0,0.0,0.0,1.0,7.127316421124319,4.009331187895144,9.067037908070397,-1.7923927665496904,-1.3845158578102665,-1.353640175122944,0.0435815642332254,0.3147268763252994,0.0838457238680822
2004-03-11,San Rafael,Trucks and Buses,Shipped,48.0,100.0,5704.32,San Rafael,0.0,0.0,0.0,0.0,0.0,0.0,0.0,0.0,0.0,1.0,0.0,0.0,0.0,0.0,0.0,0.0,1.0,0.0,0.0,0.0,0.0,0.0,0.0,1.0,8.649154351871243,4.61512051684126,14.546755227281093,1.1762107210605153,0.7447315744112115,1.3697028667658944,0.58197072410933,1.0,0.7825600894354343
2004-03-11,San Rafael,Classic Cars,Shipped,50.0,100.0,6426.5,San Rafael,0.0,0.0,0.0,0.0,0.0,0.0,0.0,0.0,0.0,1.0,0.0,1.0,0.0,0.0,0.0,0.0,0.0,0.0,0.0,0.0,0.0,0.0,0.0,1.0,8.768340939140044,4.61512051684126,14.925497315272617,1.408704412730342,0.7447315744112115,1.5579323994073224,0.6691528298764906,1.0,0.8384572386808227
2004-03-11,San Rafael,Trucks and Buses,Shipped,26.0,100.0,3765.32,San Rafael,0.0,0.0,0.0,0.0,0.0,0.0,0.0,0.0,0.0,1.0,0.0,0.0,0.0,0.0,0.0,0.0,1.0,0.0,0.0,0.0,0.0,0.0,0.0,1.0,8.233853676398574,4.61512051684126,9.823805373555334,0.3660961821161854,0.7447315744112115,-0.9775373049564378,0.3478932045400753,1.0,0.1676914477361645
2004-03-11,San Rafael,Trucks and Buses,Shipped,41.0,100.0,4716.23,San Rafael,0.0,0.0,0.0,0.0,0.0,0.0,0.0,0.0,0.0,1.0,0.0,0.0,0.0,0.0,0.0,0.0,1.0,0.0,0.0,0.0,0.0,0.0,0.0,1.0,8.458977041900502,4.61512051684126,13.166125611826143,0.8052375614111301,0.7447315744112115,0.6835492136397722,0.462687765722953,1.0,0.5869200670765757
2004-03-15,Frankfurt,Classic Cars,Shipped,49.0,100.0,7300.51,Other,0.0,0.0,0.0,0.0,0.0,0.0,1.0,0.0,0.0,0.0,0.0,1.0,0.0,0.0,0.0,0.0,0.0,0.0,0.0,0.0,0.0,0.0,0.0,1.0,8.89583645506118,4.61512051684126,14.736931873780104,1.6574060816606122,0.7447315744112115,1.464218006289084,0.7746639659666013,1.0,0.8105086640581285
2004-03-15,Frankfurt,Classic Cars,Shipped,36.0,54.33,1955.88,Other,0.0,0.0,0.0,0.0,0.0,0.0,1.0,0.0,0.0,0.0,0.0,1.0,0.0,0.0,0.0,0.0,0.0,0.0,0.0,0.0,0.0,0.0,0.0,1.0,7.579106647171625,4.013315256910018,12.119023021201402,-0.9110991585936993,-1.3705125264302451,0.16315383770961095,0.1294562643598832,0.31801212555625236,0.4471771939631053
2004-03-15,Frankfurt,Trains,Shipped,43.0,52.14,2242.02,Other,0.0,0.0,0.0,0.0,0.0,0.0,1.0,0.0,0.0,0.0,0.0,0.0,0.0,0.0,0.0,1.0,0.0,0.0,0.0,0.0,0.0,0.0,0.0,1.0,7.71557845110997,3.9729299403316674,13.569968697266269,-0.6448877145584029,-1.512460110375808,0.8842535917456676,0.16399929759843218,0.28530896275722006,0.6428172163219641
2004-03-15,Frankfurt,Classic Cars,Shipped,43.0,100.0,7016.31,Other,0.0,0.0,0.0,0.0,0.0,0.0,1.0,0.0,0.0,0.0,0.0,1.0,0.0,0.0,0.0,0.0,0.0,0.0,0.0,0.0,0.0,0.0,0.0,1.0,8.856135232700279,4.61512051684126,13.569968697266269,1.5799621010751648,0.7447315744112115,0.8842535917456676,0.7403551309683639,1.0,0.6428172163219641
2004-03-15,Frankfurt,Classic Cars,Shipped,42.0,100.0,7238.28,Other,0.0,0.0,0.0,0.0,0.0,0.0,1.0,0.0,0.0,0.0,0.0,1.0,0.0,0.0,0.0,0.0,0.0,0.0,0.0,0.0,0.0,0.0,0.0,1.0,8.887277032920718,4.61512051684126,13.369046010543581,1.6407094742855841,0.7447315744112115,0.7843978201850537,0.767151514165263,1.0,0.6148686416992699
2004-03-15,Frankfurt,Classic Cars,Shipped,45.0,100.0,4737.15,Other,0.0,0.0,0.0,0.0,0.0,0.0,1.0,0.0,0.0,0.0,0.0,1.0,0.0,0.0,0.0,0.0,0.0,0.0,0.0,0.0,0.0,0.0,0.0,1.0,8.463402043145415,4.61512051684126,13.966075138951927,0.8138692782733067,0.7447315744112115,1.0811129658652374,0.4652132436545615,1.0,0.6987143655673522
2004-03-15,Frankfurt,Trains,Shipped,46.0,60.9,2801.4,Other,0.0,0.0,0.0,0.0,0.0,0.0,1.0,0.0,0.0,0.0,0.0,0.0,0.0,0.0,0.0,1.0,0.0,0.0,0.0,0.0,0.0,0.0,0.0,1.0,7.938231471883277,4.12552017969055,14.161377611660777,-0.21056516243868859,-0.9761311263341261,1.1781755694872693,0.2315280664982,0.41612161395334946,0.7266629401900462
2004-03-15,Frankfurt,Trucks and Buses,Shipped,34.0,100.0,3974.94,Other,0.0,0.0,0.0,0.0,0.0,0.0,1.0,0.0,0.0,0.0,0.0,0.0,0.0,0.0,0.0,0.0,1.0,0.0,0.0,0.0,0.0,0.0,0.0,1.0,8.288016477119342,4.61512051684126,11.683463549954297,0.4717499287273586,0.7447315744112115,-0.05331314156158311,0.37319868656797994,1.0,0.39128004471771716
2004-03-19,Madrid,Classic Cars,Shipped,42.0,100.0,8378.58,Madrid,1.0,0.0,0.0,0.0,0.0,0.0,0.0,0.0,0.0,0.0,0.0,1.0,0.0,0.0,0.0,0.0,0.0,0.0,0.0,0.0,0.0,0.0,0.0,1.0,9.03355307288837,4.61512051684126,13.369046010543581,1.9260457467154999,0.7447315744112115,0.7843978201850537,0.9048093767567129,1.0,0.6148686416992699
2004-03-19,Madrid,Classic Cars,Shipped,49.0,100.0,6952.12,Madrid,1.0,0.0,0.0,0.0,0.0,0.0,0.0,0.0,0.0,0.0,0.0,1.0,0.0,0.0,0.0,0.0,0.0,0.0,0.0,0.0,0.0,0.0,0.0,1.0,8.846945758687323,4.61512051684126,14.736931873780104,1.562036470459048,0.7447315744112115,1.464218006289084,0.7326060665118654,1.0,0.8105086640581285
2004-03-20,Cowes,Ships,Shipped,35.050383351588174,100.0,5652.94,Other,0.0,0.0,0.0,0.0,0.0,0.0,1.0,0.0,0.0,0.0,0.0,0.0,0.0,0.0,1.0,0.0,0.0,0.0,0.0,0.0,0.0,0.0,0.0,1.0,8.640107926241091,4.61512051684126,11.913498472712774,1.1585641306230614,0.7447315744112115,0.06101100506720186,0.5757680923633433,1.0,0.42063676220201485
2004-03-20,Cowes,Trains,Shipped,48.0,95.8,4598.4,Other,0.0,0.0,0.0,0.0,0.0,0.0,1.0,0.0,0.0,0.0,0.0,0.0,0.0,0.0,0.0,1.0,0.0,0.0,0.0,0.0,0.0,0.0,0.0,1.0,8.433681139187222,4.572646994282532,14.546755227281093,0.755893604673217,0.5954442982505299,1.3697028667658944,0.4484632406425789,0.9372816055908968,0.7825600894354343
2004-03-20,Cowes,Vintage Cars,Shipped,23.0,89.53,2059.19,Other,0.0,0.0,0.0,0.0,0.0,0.0,1.0,0.0,0.0,0.0,0.0,0.0,0.0,0.0,0.0,0.0,0.0,1.0,0.0,0.0,0.0,0.0,0.0,1.0,7.630553490540133,4.505681287487349,9.067037908070397,-0.8107433483167599,0.36007112076555187,-1.353640175122944,0.14192792426019246,0.8436520025087357,0.0838457238680822
2004-03-20,Cowes,Ships,Shipped,26.0,88.34,2296.84,Other,0.0,0.0,0.0,0.0,0.0,0.0,1.0,0.0,0.0,0.0,0.0,0.0,0.0,0.0,1.0,0.0,0.0,0.0,0.0,0.0,0.0,0.0,0.0,1.0,7.739724830223183,4.492449315923973,9.823805373555334,-0.597786098939279,0.31356296994757754,-0.9775373049564378,0.1706172086983737,0.82588179075949,0.1676914477361645
2004-03-20,Cowes,Ships,Shipped,24.0,49.69,1192.56,Other,0.0,0.0,0.0,0.0,0.0,0.0,1.0,0.0,0.0,0.0,0.0,0.0,0.0,0.0,1.0,0.0,0.0,0.0,0.0,0.0,0.0,0.0,0.0,1.0,7.084695716823611,3.925728652484258,9.323544176118064,-1.8755316927620147,-1.6783646850263507,-1.226160139275199,0.03730770724920571,0.2487232326852432,0.11179429849077627
2004-03-20,Cowes,Ships,Shipped,35.0,82.43,2885.05,Other,0.0,0.0,0.0,0.0,0.0,0.0,1.0,0.0,0.0,0.0,0.0,0.0,0.0,0.0,1.0,0.0,0.0,0.0,0.0,0.0,0.0,0.0,0.0,1.0,7.967644064201065,4.424007956913983,11.902530119204657,-0.15319090308415476,0.07300312353481347,0.05555988642964223,0.24162635660236104,0.7376280500552519,0.41922861934041133
2004-03-20,Cowes,Ships,Shipped,48.0,96.16,4615.68,Other,0.0,0.0,0.0,0.0,0.0,0.0,1.0,0.0,0.0,0.0,0.0,0.0,0.0,0.0,1.0,0.0,0.0,0.0,0.0,0.0,0.0,0.0,0.0,1.0,8.437431111029847,4.576359104133972,14.546755227281093,0.7632085619794743,0.6084917389888034,1.3697028667658944,0.450549295071747,0.94265746796882,0.7825600894354343
2004-03-20,Cowes,Vintage Cars,Shipped,22.0,100.0,3606.02,Other,0.0,0.0,0.0,0.0,0.0,0.0,1.0,0.0,0.0,0.0,0.0,0.0,0.0,0.0,0.0,0.0,0.0,1.0,0.0,0.0,0.0,0.0,0.0,1.0,8.190637225662217,4.61512051684126,8.805943150564206,0.28179515124680776,0.7447315744112115,-1.4834006262023,0.3286623902711829,1.0,0.055897149245388134
2004-03-29,Newark,Vintage Cars,Shipped,35.050383351588174,94.71,3788.4,Other,0.0,0.0,0.0,0.0,0.0,0.0,1.0,0.0,0.0,0.0,0.0,0.0,0.0,0.0,0.0,0.0,0.0,1.0,0.0,0.0,0.0,0.0,0.0,1.0,8.239962974198262,4.561322786207815,11.913498472712774,0.3780134056184938,0.5556416146889366,0.06101100506720186,0.3506794392753297,0.9210046889466295,0.42063676220201485
2004-03-29,Newark,Ships,Shipped,36.0,70.67,2544.12,Other,0.0,0.0,0.0,0.0,0.0,0.0,1.0,0.0,0.0,0.0,0.0,0.0,0.0,0.0,1.0,0.0,0.0,0.0,0.0,0.0,0.0,0.0,0.0,1.0,7.84193307915005,4.272072250005828,12.119023021201402,-0.39841154130953776,-0.461025289213474,0.16315383770961095,0.20046903388614334,0.5620165457097632,0.4471771939631053
2004-03-29,Newark,Ships,Shipped,29.0,82.4,2389.6,Other,0.0,0.0,0.0,0.0,0.0,0.0,1.0,0.0,0.0,0.0,0.0,0.0,0.0,0.0,1.0,0.0,0.0,0.0,0.0,0.0,0.0,0.0,0.0,1.0,7.779299659443881,4.423648309364701,10.54555133395328,-0.5205886696516018,0.07173902298991601,-0.6188396341166861,0.18181526476606014,0.7371800615237585,0.2515371716042467
2004-04-02,Tsawassen,Planes,Shipped,32.0,92.0,2944.0,Other,0.0,0.0,0.0,0.0,0.0,0.0,1.0,0.0,0.0,0.0,0.0,0.0,0.0,1.0,0.0,0.0,0.0,0.0,0.0,0.0,0.0,0.0,0.0,1.0,7.987864096085687,4.532599493153256,11.237179911736995,-0.11374829493282662,0.45468407869575284,-0.2751098821684491,0.248742844368533,0.8805363916017084,0.335382895472329
2004-04-02,Tsawassen,Planes,Shipped,35.050383351588174,100.0,2580.25,Other,0.0,0.0,0.0,0.0,0.0,0.0,1.0,0.0,0.0,0.0,0.0,0.0,0.0,1.0,0.0,0.0,0.0,0.0,0.0,0.0,0.0,0.0,0.0,1.0,7.8560290567093425,4.61512051684126,11.913498472712774,-0.37091494177133816,0.7447315744112115,0.06101100506720186,0.2048306743100924,1.0,0.42063676220201485
2004-04-02,Tsawassen,Planes,Shipped,34.0,72.55,2466.7,Other,0.0,0.0,0.0,0.0,0.0,0.0,1.0,0.0,0.0,0.0,0.0,0.0,0.0,1.0,0.0,0.0,0.0,0.0,0.0,0.0,0.0,0.0,0.0,1.0,7.811041821721038,4.297965447047447,11.683463549954297,-0.45867018823090916,-0.37001506391157696,-0.05331314156158311,0.1911228340073131,0.5900904936833617,0.39128004471771716
2004-04-02,Tsawassen,Planes,Shipped,23.0,96.29,2214.67,Other,0.0,0.0,0.0,0.0,0.0,0.0,1.0,0.0,0.0,0.0,0.0,0.0,0.0,1.0,0.0,0.0,0.0,0.0,0.0,0.0,0.0,0.0,0.0,1.0,7.703310119810433,4.577696208987336,9.067037908070397,-0.6688191794977001,0.6131914372825821,-1.353640175122944,0.1606975852930072,0.9445987516052923,0.0838457238680822
2004-04-02,Tsawassen,Vintage Cars,Shipped,41.0,35.35,1449.35,Other,0.0,0.0,0.0,0.0,0.0,0.0,1.0,0.0,0.0,0.0,0.0,0.0,0.0,0.0,0.0,0.0,0.0,1.0,0.0,0.0,0.0,0.0,0.0,1.0,7.279560185597666,3.5931942039795284,13.166125611826143,-1.4954154333847418,-2.847167248511026,0.6835492136397722,0.0683075866974723,0.034584714631305524,0.5869200670765757
2004-04-02,Tsawassen,Motorcycles,Shipped,41.0,100.0,4177.49,Other,0.0,0.0,0.0,0.0,0.0,0.0,1.0,0.0,0.0,0.0,0.0,0.0,1.0,0.0,0.0,0.0,0.0,0.0,0.0,0.0,0.0,0.0,0.0,1.0,8.337705216235324,4.61512051684126,13.166125611826143,0.5686762579076691,0.7447315744112115,0.6835492136397722,0.3976506729469137,1.0,0.5869200670765757
2004-04-02,Tsawassen,Planes,Shipped,38.0,88.75,3372.5,Other,0.0,0.0,0.0,0.0,0.0,0.0,1.0,0.0,0.0,0.0,0.0,0.0,0.0,1.0,0.0,0.0,0.0,0.0,0.0,0.0,0.0,0.0,0.0,1.0,8.12370606006748,4.497028027368389,12.544675977743431,0.15123453923943583,0.32965636928636416,0.3746974174111126,0.3004716824992322,0.8320043006899023,0.5030743432084936
2004-04-02,Tsawassen,Planes,Shipped,25.0,96.11,2402.75,Other,0.0,0.0,0.0,0.0,0.0,0.0,1.0,0.0,0.0,0.0,0.0,0.0,0.0,1.0,0.0,0.0,0.0,0.0,0.0,0.0,0.0,0.0,0.0,1.0,7.78478529690299,4.575844356606263,9.57572149487329,-0.5098880016212795,0.6066824881498634,-1.1008315308182302,0.18340274252899763,0.9419108204163307,0.13974287311347044
2004-04-02,Tsawassen,Planes,Shipped,35.050383351588174,76.03,1824.72,Other,0.0,0.0,0.0,0.0,0.0,0.0,1.0,0.0,0.0,0.0,0.0,0.0,0.0,1.0,0.0,0.0,0.0,0.0,0.0,0.0,0.0,0.0,0.0,1.0,7.5097297087617685,4.344194956364874,11.913498472712774,-1.0464306660835516,-0.20752612707567017,0.06101100506720186,0.11362253178293452,0.6420571633366186,0.42063676220201485
2004-04-02,Tsawassen,Planes,Shipped,33.0,60.05,1981.65,Other,0.0,0.0,0.0,0.0,0.0,0.0,1.0,0.0,0.0,0.0,0.0,0.0,0.0,1.0,0.0,0.0,0.0,0.0,0.0,0.0,0.0,0.0,0.0,1.0,7.59218961268965,4.111693200556713,11.461717832632248,-0.8855786111816419,-1.0247306285196807,-0.16351766875873364,0.13256723789227084,0.4034286055610309,0.3633314700950231
2004-04-02,Tsawassen,Vintage Cars,Shipped,34.0,77.73,2642.82,Other,0.0,0.0,0.0,0.0,0.0,0.0,1.0,0.0,0.0,0.0,0.0,0.0,0.0,0.0,0.0,0.0,0.0,1.0,0.0,0.0,0.0,0.0,0.0,1.0,7.879980119985436,4.3660242771963755,11.683463549954297,-0.32419432288225186,-0.13079974199973363,-0.05331314156158311,0.21238417116385633,0.6674431801212557,0.39128004471771716
2004-04-02,Tsawassen,Planes,Shipped,40.0,81.14,3245.6,Other,0.0,0.0,0.0,0.0,0.0,0.0,1.0,0.0,0.0,0.0,0.0,0.0,0.0,1.0,0.0,0.0,0.0,0.0,0.0,0.0,0.0,0.0,0.0,1.0,8.085363573876744,4.408425108528412,12.961139346341028,0.07644100444194311,0.018232036745622543,0.5816739001387327,0.2851522202850298,0.7183645432010273,0.5589714924538818
2004-04-03,Philadelphia,Motorcycles,Shipped,23.0,55.72,1281.56,Other,0.0,0.0,0.0,0.0,0.0,0.0,1.0,0.0,0.0,0.0,0.0,0.0,1.0,0.0,0.0,0.0,0.0,0.0,0.0,0.0,0.0,0.0,0.0,1.0,7.156613359576336,4.038126882223872,9.067037908070397,-1.7352441097132338,-1.2833038435360244,-1.353640175122944,0.04805185332536027,0.3387689275154556,0.0838457238680822
2004-04-03,Philadelphia,Motorcycles,Shipped,36.0,87.6,3153.6,Other,0.0,0.0,0.0,0.0,0.0,0.0,1.0,0.0,0.0,0.0,0.0,0.0,1.0,0.0,0.0,0.0,0.0,0.0,0.0,0.0,0.0,0.0,0.0,1.0,8.056616984053374,4.484131857611035,12.119023021201402,0.020365896125596993,0.2843285052430876,0.16315383770961095,0.2740459119815891,0.8148314069826479,0.4471771939631053
2004-04-03,Philadelphia,Motorcycles,Shipped,22.0,100.0,2852.08,Other,0.0,0.0,0.0,0.0,0.0,0.0,1.0,0.0,0.0,0.0,0.0,0.0,1.0,0.0,0.0,0.0,0.0,0.0,0.0,0.0,0.0,0.0,0.0,1.0,7.956154391479323,4.61512051684126,8.805943150564206,-0.1756034621511516,0.7447315744112115,-1.4834006262023,0.23764619372448664,1.0,0.055897149245388134
2004-04-05,NYC,Motorcycles,Shipped,27.0,100.0,3113.64,NYC,0.0,0.0,0.0,1.0,0.0,0.0,0.0,0.0,0.0,0.0,0.0,0.0,1.0,0.0,0.0,0.0,0.0,0.0,0.0,0.0,0.0,0.0,0.0,1.0,8.043868854719411,4.61512051684126,10.068010317854855,-0.004501496411223755,0.7447315744112115,-0.8561708553548468,0.2692219111141382,1.0,0.19564002235885858
2004-04-05,NYC,Motorcycles,Shipped,20.0,100.0,2299.0,NYC,0.0,0.0,0.0,1.0,0.0,0.0,0.0,0.0,0.0,0.0,0.0,0.0,1.0,0.0,0.0,0.0,0.0,0.0,0.0,0.0,0.0,0.0,0.0,1.0,7.7406644019172415,4.61512051684126,8.268807419728406,-0.5959533046899782,0.7447315744112115,-1.7503495890608907,0.17087796550201967,1.0,0.0
2004-04-05,NYC,Motorcycles,Shipped,32.0,100.0,4193.28,NYC,0.0,0.0,0.0,1.0,0.0,0.0,0.0,0.0,0.0,0.0,0.0,0.0,1.0,0.0,0.0,0.0,0.0,0.0,0.0,0.0,0.0,0.0,0.0,1.0,8.34147697127439,4.61512051684126,11.237179911736995,0.5760337070401719,0.7447315744112115,-0.2751098821684491,0.3995568534698629,1.0,0.335382895472329
2004-04-05,NYC,Motorcycles,Shipped,23.0,100.0,2333.12,NYC,0.0,0.0,0.0,1.0,0.0,0.0,0.0,0.0,0.0,0.0,0.0,0.0,1.0,0.0,0.0,0.0,0.0,0.0,0.0,0.0,0.0,0.0,0.0,1.0,7.755390225406601,4.61512051684126,9.067037908070397,-0.5672280836363869,0.7447315744112115,-1.353640175122944,0.17499695723368702,1.0,0.0838457238680822
2004-04-05,NYC,Classic Cars,Shipped,26.0,40.23,1045.98,NYC,0.0,0.0,0.0,1.0,0.0,0.0,0.0,0.0,0.0,0.0,0.0,1.0,0.0,0.0,0.0,0.0,0.0,0.0,0.0,0.0,0.0,0.0,0.0,1.0,6.953665108491335,3.7191661467188086,9.823805373555334,-2.1311291601532827,-2.4043970926283,-0.9775373049564378,0.019612460824006472,0.10745751575426332,0.1676914477361645
2004-04-05,NYC,Motorcycles,Shipped,39.0,100.0,7023.9,NYC,0.0,0.0,0.0,1.0,0.0,0.0,0.0,0.0,0.0,0.0,0.0,0.0,1.0,0.0,0.0,0.0,0.0,0.0,0.0,0.0,0.0,0.0,0.0,1.0,8.857216259225185,4.61512051684126,12.754015005493859,1.5820708270092463,0.7447315744112115,0.4787359930181514,0.7412714014033976,1.0,0.5310229178311876
2004-04-05,NYC,Motorcycles,Shipped,26.0,79.65,2070.9,NYC,0.0,0.0,0.0,1.0,0.0,0.0,0.0,0.0,0.0,0.0,0.0,0.0,1.0,0.0,0.0,0.0,0.0,0.0,0.0,0.0,0.0,0.0,0.0,1.0,7.636221339666437,4.390118804571218,9.823805373555334,-0.7996872454666113,-0.04611153754964094,-0.9775373049564378,0.1433415641540326,0.6961144461368456,0.1676914477361645
2004-04-05,NYC,Motorcycles,Shipped,20.0,68.34,1366.8,NYC,0.0,0.0,0.0,1.0,0.0,0.0,0.0,0.0,0.0,0.0,0.0,0.0,1.0,0.0,0.0,0.0,0.0,0.0,0.0,0.0,0.0,0.0,0.0,1.0,7.220958888663995,4.239021940256878,8.268807419728406,-1.6097272210863365,-0.5771915599028286,-1.7503495890608907,0.058342089409982895,0.5272227697637608,0.0
2004-04-05,NYC,Motorcycles,Shipped,26.0,52.22,1357.72,NYC,0.0,0.0,0.0,1.0,0.0,0.0,0.0,0.0,0.0,0.0,0.0,0.0,1.0,0.0,0.0,0.0,0.0,0.0,0.0,0.0,0.0,0.0,0.0,1.0,7.214298359074837,3.9744342655495433,9.823805373555334,-1.6227197158640179,-1.5071726606728548,-0.9775373049564378,0.05724594506873029,0.286503598841203,0.1676914477361645
2004-04-09,Kobenhavn,Classic Cars,Shipped,29.0,100.0,3167.38,Other,0.0,0.0,0.0,0.0,0.0,0.0,1.0,0.0,0.0,0.0,0.0,1.0,0.0,0.0,0.0,0.0,0.0,0.0,0.0,0.0,0.0,0.0,0.0,1.0,8.0609756952359,4.61512051684126,10.54555133395328,0.02886830295651481,0.7447315744112115,-0.6188396341166861,0.27570944381225665,1.0,0.2515371716042467
2004-04-09,Kobenhavn,Classic Cars,Shipped,20.0,74.21,1484.2,Other,0.0,0.0,0.0,0.0,0.0,0.0,1.0,0.0,0.0,0.0,0.0,1.0,0.0,0.0,0.0,0.0,0.0,0.0,0.0,0.0,0.0,0.0,0.0,1.0,7.303304722302925,4.320284200838311,8.268807419728406,-1.4490976796668253,-0.29156840443961873,-1.7503495890608907,0.07251470457111261,0.6148791924260071,0.0
2004-04-09,Kobenhavn,Classic Cars,Shipped,41.0,73.17,2999.97,Other,0.0,0.0,0.0,0.0,0.0,0.0,1.0,0.0,0.0,0.0,0.0,1.0,0.0,0.0,0.0,0.0,0.0,0.0,0.0,0.0,0.0,0.0,0.0,1.0,8.006690848722622,4.306359755748467,13.166125611826143,-0.07702351471201255,-0.3405104830401768,0.6835492136397722,0.2554995843222675,0.5993489233342293,0.5869200670765757
2004-04-09,Kobenhavn,Classic Cars,Shipped,47.0,62.45,2935.15,Other,0.0,0.0,0.0,0.0,0.0,0.0,1.0,0.0,0.0,0.0,0.0,1.0,0.0,0.0,0.0,0.0,0.0,0.0,0.0,0.0,0.0,0.0,0.0,1.0,7.984854478347617,4.150252194160397,14.35492029635209,-0.11961906575086198,-0.889202262144328,1.2743635830212399,0.24767446579803903,0.4392676880805185,0.7546115148127404
2004-04-09,Kobenhavn,Classic Cars,Shipped,44.0,100.0,6350.96,Other,0.0,0.0,0.0,0.0,0.0,0.0,1.0,0.0,0.0,0.0,0.0,1.0,0.0,0.0,0.0,0.0,0.0,0.0,0.0,0.0,0.0,0.0,0.0,1.0,8.756518705677925,4.61512051684126,13.768958087112637,1.3856431374276792,0.7447315744112115,0.9831485417366043,0.6600335849934265,1.0,0.670765790944658
2004-04-09,Kobenhavn,Classic Cars,Shipped,28.0,100.0,5774.72,Other,0.0,0.0,0.0,0.0,0.0,0.0,1.0,0.0,0.0,0.0,0.0,1.0,0.0,0.0,0.0,0.0,0.0,0.0,0.0,0.0,0.0,0.0,0.0,1.0,8.661418202943347,4.61512051684126,10.308532382015233,1.2001334465548867,0.7447315744112115,-0.7366347457903012,0.5904694643763108,1.0,0.22358859698155265
2004-04-09,Kobenhavn,Classic Cars,Shipped,49.0,100.0,6554.24,Other,0.0,0.0,0.0,0.0,0.0,0.0,1.0,0.0,0.0,0.0,0.0,1.0,0.0,0.0,0.0,0.0,0.0,0.0,0.0,0.0,0.0,0.0,0.0,1.0,8.788020008799862,4.61512051684126,14.736931873780104,1.447091782137271,0.7447315744112115,1.464218006289084,0.6845736975143332,1.0,0.8105086640581285
2004-04-09,Kobenhavn,Classic Cars,Shipped,22.0,93.77,2062.94,Other,0.0,0.0,0.0,0.0,0.0,0.0,1.0,0.0,0.0,0.0,0.0,1.0,0.0,0.0,0.0,0.0,0.0,0.0,0.0,0.0,0.0,0.0,0.0,1.0,7.632372056411477,4.551452903482104,8.805943150564206,-0.8071959265584702,0.5209506397148342,-1.4834006262023,0.1423806270443001,0.9069677149598303,0.055897149245388134
2004-04-12,Oulu,Classic Cars,Shipped,20.0,44.56,891.2,Other,0.0,0.0,0.0,0.0,0.0,0.0,1.0,0.0,0.0,0.0,0.0,1.0,0.0,0.0,0.0,0.0,0.0,0.0,0.0,0.0,0.0,0.0,0.0,1.0,6.7936903226941645,3.8190301385789813,8.268807419728406,-2.4431871641314675,-2.0533919856060647,-1.7503495890608907,0.0009273043108918438,0.1721171937998388,0.0
2004-04-12,Oulu,Classic Cars,Shipped,46.0,73.92,3400.32,Other,0.0,0.0,0.0,0.0,0.0,0.0,1.0,0.0,0.0,0.0,0.0,1.0,0.0,0.0,0.0,0.0,0.0,0.0,0.0,0.0,0.0,0.0,0.0,1.0,8.131918870554548,4.316420877575887,14.161377611660777,0.16725502168530687,-0.30514733484215356,1.1781755694872693,0.3038301335535987,0.6105486366215691,0.7266629401900462
2004-04-12,Oulu,Classic Cars,Shipped,47.0,100.0,7083.37,Other,0.0,0.0,0.0,0.0,0.0,0.0,1.0,0.0,0.0,0.0,0.0,1.0,0.0,0.0,0.0,0.0,0.0,0.0,0.0,0.0,0.0,0.0,0.0,1.0,8.865646227917082,4.61512051684126,14.35492029635209,1.5985149134350132,0.7447315744112115,1.2743635830212399,0.7484506639556326,1.0,0.7546115148127404
2004-04-12,Oulu,Classic Cars,Shipped,35.050383351588174,93.28,1958.88,Other,0.0,0.0,0.0,0.0,0.0,0.0,1.0,0.0,0.0,0.0,0.0,1.0,0.0,0.0,0.0,0.0,0.0,0.0,0.0,0.0,0.0,0.0,0.0,1.0,7.580638525860471,4.5462690780679305,11.913498472712774,-0.9081109689012054,0.5027303667175949,0.06101100506720186,0.1298184265871693,0.899650568945435,0.42063676220201485
2004-04-12,Oulu,Classic Cars,Shipped,29.0,100.0,4479.63,Other,0.0,0.0,0.0,0.0,0.0,0.0,1.0,0.0,0.0,0.0,0.0,1.0,0.0,0.0,0.0,0.0,0.0,0.0,0.0,0.0,0.0,0.0,0.0,1.0,8.407518940522262,4.61512051684126,10.54555133395328,0.7048597904731523,0.7447315744112115,-0.6188396341166861,0.434125238064322,1.0,0.2515371716042467
2004-04-13,Strasbourg,Vintage Cars,Shipped,42.0,90.19,3787.98,Other,0.0,0.0,0.0,0.0,0.0,0.0,1.0,0.0,0.0,0.0,0.0,0.0,0.0,0.0,0.0,0.0,0.0,1.0,0.0,0.0,0.0,0.0,0.0,1.0,8.239852132567087,4.512945241945574,13.369046010543581,0.37779719018173147,0.38560269690747145,0.7843978201850537,0.3506287365635096,0.8535077502015949,0.6148686416992699
2004-04-13,Strasbourg,Classic Cars,Shipped,28.0,98.65,2762.2,Other,0.0,0.0,0.0,0.0,0.0,0.0,1.0,0.0,0.0,0.0,0.0,1.0,0.0,0.0,0.0,0.0,0.0,0.0,0.0,0.0,0.0,0.0,0.0,1.0,7.924144707392414,4.6016640466588035,10.308532382015233,-0.23804379032135412,0.6974343487690802,-0.7366347457903012,0.22679581339499483,0.9798405160827883,0.22358859698155265
2004-04-13,Strasbourg,Classic Cars,Shipped,30.0,66.99,2009.7,Other,0.0,0.0,0.0,0.0,0.0,0.0,1.0,0.0,0.0,0.0,0.0,1.0,0.0,0.0,0.0,0.0,0.0,0.0,0.0,0.0,0.0,0.0,0.0,1.0,7.606238199131601,4.219360635538369,10.779232502977782,-0.85817445607092,-0.6462977335933421,-0.5027033539745942,0.13595345471739598,0.5070632858465489,0.2794857462269409
2004-04-13,Osaka,Classic Cars,Shipped,37.0,100.0,5526.32,Other,0.0,0.0,0.0,0.0,0.0,0.0,1.0,0.0,0.0,0.0,0.0,1.0,0.0,0.0,0.0,0.0,0.0,0.0,0.0,0.0,0.0,0.0,0.0,1.0,8.617458347750894,4.61512051684126,12.33304085962557,1.114382278968266,0.7447315744112115,0.26951771693185156,0.5604824319570209,1.0,0.47512576858579947
2004-04-13,Strasbourg,Classic Cars,Shipped,21.0,100.0,2508.66,Other,0.0,0.0,0.0,0.0,0.0,0.0,1.0,0.0,0.0,0.0,0.0,1.0,0.0,0.0,0.0,0.0,0.0,0.0,0.0,0.0,0.0,0.0,0.0,1.0,7.827902564783213,4.61512051684126,8.539972716394377,-0.4257804437667891,0.7447315744112115,-1.6155842205467048,0.1961882763596215,1.0,0.027948574622694067
2004-04-13,Strasbourg,Vintage Cars,Shipped,33.0,72.65,2397.45,Other,0.0,0.0,0.0,0.0,0.0,0.0,1.0,0.0,0.0,0.0,0.0,0.0,0.0,0.0,0.0,0.0,0.0,1.0,0.0,0.0,0.0,0.0,0.0,1.0,7.78257797436252,4.299324142908639,11.461717832632248,-0.5141937593235478,-0.36523947686278097,-0.16351766875873364,0.18276292259412547,0.5915837887883404,0.3633314700950231
2004-04-13,Strasbourg,Vintage Cars,Shipped,41.0,100.0,7597.3,Other,0.0,0.0,0.0,0.0,0.0,0.0,1.0,0.0,0.0,0.0,0.0,0.0,0.0,0.0,0.0,0.0,0.0,1.0,0.0,0.0,0.0,0.0,0.0,1.0,8.935679817042852,4.61512051684126,13.166125611826143,1.7351273297299463,0.7447315744112115,0.6835492136397722,0.810492675112016,1.0,0.5869200670765757
2004-04-13,Strasbourg,Classic Cars,Shipped,44.0,100.0,6853.44,Other,0.0,0.0,0.0,0.0,0.0,0.0,1.0,0.0,0.0,0.0,0.0,1.0,0.0,0.0,0.0,0.0,0.0,0.0,0.0,0.0,0.0,0.0,0.0,1.0,8.832651896463949,4.61512051684126,13.768958087112637,1.5341538632573064,0.7447315744112115,0.9831485417366043,0.720693343649001,1.0,0.670765790944658
2004-04-13,Osaka,Classic Cars,Shipped,37.0,100.0,5959.22,Other,0.0,0.0,0.0,0.0,0.0,0.0,1.0,0.0,0.0,0.0,0.0,1.0,0.0,0.0,0.0,0.0,0.0,0.0,0.0,0.0,0.0,0.0,0.0,1.0,8.692862672129815,4.61512051684126,12.33304085962557,1.261471227015639,0.7447315744112115,0.26951771693185156,0.6127424413544064,1.0,0.47512576858579947
2004-04-13,Strasbourg,Classic Cars,Shipped,27.0,86.73,2341.71,Other,0.0,0.0,0.0,0.0,0.0,0.0,1.0,0.0,0.0,0.0,0.0,1.0,0.0,0.0,0.0,0.0,0.0,0.0,0.0,0.0,0.0,0.0,0.0,1.0,7.759063657906619,4.474263916140292,10.068010317854855,-0.5600624293241027,0.24964435345315025,-0.8561708553548468,0.1760339484111496,0.8018397395693337,0.19564002235885858
2004-04-13,Strasbourg,Classic Cars,Shipped,22.0,76.43,1681.46,Other,0.0,0.0,0.0,0.0,0.0,0.0,1.0,0.0,0.0,0.0,0.0,1.0,0.0,0.0,0.0,0.0,0.0,0.0,0.0,0.0,0.0,0.0,0.0,1.0,7.428012287090657,4.349374302398632,8.805943150564206,-1.2058343831747096,-0.1893215983459359,-1.4834006262023,0.09632807822259853,0.6480303437565333,0.055897149245388134
2004-04-13,Strasbourg,Classic Cars,Shipped,21.0,40.25,883.5186,Other,0.0,0.0,0.0,0.0,0.0,0.0,1.0,0.0,0.0,0.0,0.0,1.0,0.0,0.0,0.0,0.0,0.0,0.0,0.0,0.0,0.0,0.0,0.0,1.0,6.785043542208585,3.71965111278069,8.539972716394377,-2.4600541788033214,-2.4026925186243773,-1.6155842205467048,0.0,0.10775617477525912,0.027948574622694067
2004-04-13,Osaka,Classic Cars,Shipped,41.0,100.0,5628.89,Other,0.0,0.0,0.0,0.0,0.0,0.0,1.0,0.0,0.0,0.0,0.0,1.0,0.0,0.0,0.0,0.0,0.0,0.0,0.0,0.0,0.0,0.0,0.0,1.0,8.635845182754586,4.61512051684126,13.166125611826143,1.1502489250908825,0.7447315744112115,0.6835492136397722,0.5728647585079331,1.0,0.5869200670765757
2004-04-13,Strasbourg,Classic Cars,Shipped,26.0,81.33,2114.58,Other,0.0,0.0,0.0,0.0,0.0,0.0,1.0,0.0,0.0,0.0,0.0,1.0,0.0,0.0,0.0,0.0,0.0,0.0,0.0,0.0,0.0,0.0,0.0,1.0,7.657084285564231,4.410735561310335,9.823805373555334,-0.7589905242831558,0.02635288902563254,-0.9775373049564378,0.14861464618331832,0.7212018039004868,0.1676914477361645
2004-04-13,Strasbourg,Classic Cars,Shipped,47.0,94.5,4441.5,Other,0.0,0.0,0.0,0.0,0.0,0.0,1.0,0.0,0.0,0.0,0.0,1.0,0.0,0.0,0.0,0.0,0.0,0.0,0.0,0.0,0.0,0.0,0.0,1.0,8.398972560028806,4.5591262474866845,14.35492029635209,0.6881886230467589,0.5479211511411904,1.2743635830212399,0.4295221561555155,0.9178687692261744,0.7546115148127404
2004-04-20,NYC,Vintage Cars,Shipped,46.0,36.93,1698.78,NYC,0.0,0.0,0.0,1.0,0.0,0.0,0.0,0.0,0.0,0.0,0.0,0.0,0.0,0.0,0.0,0.0,0.0,1.0,0.0,0.0,0.0,0.0,0.0,1.0,7.438254109905176,3.6357423557008075,14.161377611660777,-1.1858559673970548,-2.6976176634169615,1.1781755694872693,0.09841896148146367,0.05817877728996812,0.7266629401900462
2004-04-26,Boston,Vintage Cars,Shipped,33.0,33.034,974.82,Other,0.0,0.0,0.0,0.0,0.0,0.0,1.0,0.0,0.0,0.0,0.0,0.0,0.0,0.0,0.0,0.0,0.0,1.0,0.0,0.0,0.0,0.0,0.0,1.0,6.883278143174976,3.5273600249492447,11.461717832632248,-2.26843089675666,-3.0785632965340333,-0.16351766875873364,0.011021972792779972,0.0,0.3633314700950231
2004-04-26,Boston,Vintage Cars,Shipped,47.0,100.0,6154.18,Other,0.0,0.0,0.0,0.0,0.0,0.0,1.0,0.0,0.0,0.0,0.0,0.0,0.0,0.0,0.0,0.0,0.0,1.0,0.0,0.0,0.0,0.0,0.0,1.0,8.725049282707595,4.61512051684126,14.35492029635209,1.3242566803711435,0.7447315744112115,1.2743635830212399,0.6362781572983063,1.0,0.7546115148127404
2004-04-29,Madrid,Vintage Cars,Shipped,29.0,100.0,3340.51,Madrid,1.0,0.0,0.0,0.0,0.0,0.0,0.0,0.0,0.0,0.0,0.0,0.0,0.0,0.0,0.0,0.0,0.0,1.0,0.0,0.0,0.0,0.0,0.0,1.0,8.11417807961461,4.61512051684126,10.54555133395328,0.13264859429036516,0.7447315744112115,-0.6188396341166861,0.29660982594893803,1.0,0.2515371716042467
2004-04-29,Madrid,Vintage Cars,Shipped,39.0,45.25,1764.75,Madrid,1.0,0.0,0.0,0.0,0.0,0.0,0.0,0.0,0.0,0.0,0.0,0.0,0.0,0.0,0.0,0.0,0.0,1.0,0.0,0.0,0.0,0.0,0.0,1.0,7.476330808289032,3.834061463958434,12.754015005493859,-1.1115808968818135,-2.0005594092667547,0.4787359930181514,0.1063829088594852,0.18242093002419135,0.5310229178311876
2004-04-29,Madrid,Vintage Cars,Shipped,40.0,86.68,3467.2,Madrid,1.0,0.0,0.0,0.0,0.0,0.0,0.0,0.0,0.0,0.0,0.0,0.0,0.0,0.0,0.0,0.0,0.0,1.0,0.0,0.0,0.0,0.0,0.0,1.0,8.151391006364449,4.473693823199706,12.961139346341028,0.20523873145400712,0.24764057281214227,0.5816739001387327,0.31190393680723033,0.8010930920168444,0.5589714924538818
2004-04-29,Madrid,Vintage Cars,Shipped,24.0,58.09,1394.16,Madrid,1.0,0.0,0.0,0.0,0.0,0.0,0.0,0.0,0.0,0.0,0.0,0.0,0.0,0.0,0.0,0.0,0.0,1.0,0.0,0.0,0.0,0.0,0.0,1.0,7.24076438301896,4.079061705357583,9.323544176118064,-1.5710932388283598,-1.1394248366252766,-1.226160139275199,0.06164500892283223,0.3741600215034496,0.11179429849077627
2004-04-29,Madrid,Vintage Cars,Shipped,43.0,100.0,5950.34,Madrid,1.0,0.0,0.0,0.0,0.0,0.0,0.0,0.0,0.0,0.0,0.0,0.0,0.0,0.0,0.0,0.0,0.0,1.0,0.0,0.0,0.0,0.0,0.0,1.0,8.691371683267725,4.61512051684126,13.569968697266269,1.258562799878582,0.7447315744112115,0.8842535917456676,0.6116704411616395,1.0,0.6428172163219641
2004-04-29,Madrid,Vintage Cars,Shipped,35.050383351588174,100.0,3525.6,Madrid,1.0,0.0,0.0,0.0,0.0,0.0,0.0,0.0,0.0,0.0,0.0,0.0,0.0,0.0,0.0,0.0,0.0,1.0,0.0,0.0,0.0,0.0,0.0,1.0,8.168089512973824,4.61512051684126,11.913498472712774,0.23781200614833825,0.7447315744112115,0.06101100506720186,0.31895402816506657,1.0,0.42063676220201485
2004-04-29,Madrid,Vintage Cars,Shipped,40.0,100.0,4684.8,Madrid,1.0,0.0,0.0,0.0,0.0,0.0,0.0,0.0,0.0,0.0,0.0,0.0,0.0,0.0,0.0,0.0,0.0,1.0,0.0,0.0,0.0,0.0,0.0,1.0,8.45229193783254,4.61512051684126,12.961139346341028,0.7921971299366367,0.7447315744112115,0.5816739001387327,0.45889351278841894,1.0,0.5589714924538818
2004-04-29,Madrid,Vintage Cars,Shipped,36.0,84.33,3035.88,Madrid,1.0,0.0,0.0,0.0,0.0,0.0,0.0,0.0,0.0,0.0,0.0,0.0,0.0,0.0,0.0,0.0,0.0,1.0,0.0,0.0,0.0,0.0,0.0,1.0,8.018585951588118,4.446526092548494,12.119023021201402,-0.05382009525547157,0.1521505765967696,0.16315383770961095,0.25983466618288226,0.7660006570498461,0.4471771939631053
2004-04-29,Madrid,Vintage Cars,Shipped,20.0,58.22,1164.4,Madrid,1.0,0.0,0.0,0.0,0.0,0.0,0.0,0.0,0.0,0.0,0.0,0.0,0.0,0.0,0.0,0.0,0.0,1.0,0.0,0.0,0.0,0.0,0.0,1.0,7.060819654708974,4.0812593226734455,8.268807419728406,-1.9221060091408442,-1.1317005819987622,-1.7503495890608907,0.033908211142413464,0.3761013051399218,0.0
2004-05-04,New Haven,Trucks and Buses,Shipped,44.0,69.16,3043.04,Other,0.0,0.0,0.0,0.0,0.0,0.0,1.0,0.0,0.0,0.0,0.0,0.0,0.0,0.0,0.0,0.0,1.0,0.0,0.0,0.0,0.0,0.0,0.0,1.0,8.020940859499706,4.250778348063927,13.768958087112637,-0.049226447207870214,-0.535869767095984,0.9831485417366043,0.26069902669867173,0.5394677896245856,0.670765790944658
2004-05-04,New Haven,Trucks and Buses,Shipped,29.0,100.0,3451.0,Other,0.0,0.0,0.0,0.0,0.0,0.0,1.0,0.0,0.0,0.0,0.0,0.0,0.0,0.0,0.0,0.0,1.0,0.0,0.0,0.0,0.0,0.0,0.0,1.0,8.146709052203319,4.61512051684126,10.54555133395328,0.19610578426511638,0.7447315744112115,-0.6188396341166861,0.30994826077988535,1.0,0.2515371716042467
2004-05-04,New Haven,Classic Cars,Shipped,34.0,100.0,6120.34,Other,0.0,0.0,0.0,0.0,0.0,0.0,1.0,0.0,0.0,0.0,0.0,1.0,0.0,0.0,0.0,0.0,0.0,0.0,0.0,0.0,0.0,0.0,0.0,1.0,8.719536305787754,4.61512051684126,11.683463549954297,1.3135026820769093,0.7447315744112115,-0.05331314156158311,0.632192967374519,1.0,0.39128004471771716
2004-05-04,New Haven,Vintage Cars,Shipped,45.0,59.87,2694.15,Other,0.0,0.0,0.0,0.0,0.0,0.0,1.0,0.0,0.0,0.0,0.0,0.0,0.0,0.0,0.0,0.0,0.0,1.0,0.0,0.0,0.0,0.0,0.0,1.0,7.899209140421301,4.108740442505833,13.966075138951927,-0.28668485096284596,-1.0351090756091104,1.0811129658652374,0.21858076687272165,0.4007406743720694,0.6987143655673522
2004-05-04,New Haven,Trucks and Buses,Shipped,37.0,100.0,4133.64,Other,0.0,0.0,0.0,0.0,0.0,0.0,1.0,0.0,0.0,0.0,0.0,0.0,0.0,0.0,0.0,0.0,1.0,0.0,0.0,0.0,0.0,0.0,0.0,1.0,8.327155541999023,4.61512051684126,12.33304085962557,0.5480973256190873,0.7447315744112115,0.26951771693185156,0.3923570683914151,1.0,0.47512576858579947
2004-05-04,New Haven,Classic Cars,Shipped,44.0,100.0,4628.8,Other,0.0,0.0,0.0,0.0,0.0,0.0,1.0,0.0,0.0,0.0,0.0,1.0,0.0,0.0,0.0,0.0,0.0,0.0,0.0,0.0,0.0,0.0,0.0,1.0,8.440268949603006,4.61512051684126,13.768958087112637,0.7687442483461688,0.7447315744112115,0.9831485417366043,0.4521331512124116,1.0,0.670765790944658
2004-05-04,New Haven,Trucks and Buses,Shipped,38.0,100.0,5920.4,Other,0.0,0.0,0.0,0.0,0.0,0.0,1.0,0.0,0.0,0.0,0.0,0.0,0.0,0.0,0.0,0.0,1.0,0.0,0.0,0.0,0.0,0.0,0.0,1.0,8.686328186406016,4.61512051684126,12.544675977743431,1.24872460221579,0.7447315744112115,0.3746974174111126,0.6080560621333241,1.0,0.5030743432084936
2004-05-04,New Haven,Trucks and Buses,Shipped,21.0,100.0,2390.22,Other,0.0,0.0,0.0,0.0,0.0,0.0,1.0,0.0,0.0,0.0,0.0,0.0,0.0,0.0,0.0,0.0,1.0,0.0,0.0,0.0,0.0,0.0,0.0,1.0,7.779558974936088,4.61512051684126,8.539972716394377,-0.5200828307189501,0.7447315744112115,-1.6155842205467048,0.18189011162636592,1.0,0.027948574622694067
2004-05-04,New Haven,Classic Cars,Shipped,28.0,100.0,4591.72,Other,0.0,0.0,0.0,0.0,0.0,0.0,1.0,0.0,0.0,0.0,0.0,1.0,0.0,0.0,0.0,0.0,0.0,0.0,0.0,0.0,0.0,0.0,0.0,1.0,8.432227720133529,4.61512051684126,10.308532382015233,0.7530584638316203,0.7447315744112115,-0.7366347457903012,0.44765682608315527,1.0,0.22358859698155265
2004-05-05,Espoo,Classic Cars,Shipped,27.0,100.0,4157.73,Other,0.0,0.0,0.0,0.0,0.0,0.0,1.0,0.0,0.0,0.0,0.0,1.0,0.0,0.0,0.0,0.0,0.0,0.0,0.0,0.0,0.0,0.0,0.0,1.0,8.332965018183762,4.61512051684126,10.068010317854855,0.559429696113191,0.7447315744112115,-0.8561708553548468,0.39526523107652245,1.0,0.19564002235885858
2004-05-05,Madrid,Classic Cars,Shipped,40.0,100.0,6549.2,Madrid,1.0,0.0,0.0,0.0,0.0,0.0,0.0,0.0,0.0,0.0,0.0,1.0,0.0,0.0,0.0,0.0,0.0,0.0,0.0,0.0,0.0,0.0,0.0,1.0,8.787250862514279,4.61512051684126,12.961139346341028,1.4455914316073413,0.7447315744112115,0.5816739001387327,0.6839652649724924,1.0,0.5589714924538818
2004-05-05,Madrid,Classic Cars,Shipped,36.0,100.0,7132.68,Madrid,1.0,0.0,0.0,0.0,0.0,0.0,0.0,0.0,0.0,0.0,0.0,1.0,0.0,0.0,0.0,0.0,0.0,0.0,0.0,0.0,0.0,0.0,0.0,1.0,8.872582509291824,4.61512051684126,12.119023021201402,1.6120453089285713,0.7447315744112115,0.16315383770961095,0.7544034037647921,1.0,0.4471771939631053
2004-05-05,Espoo,Classic Cars,Shipped,44.0,100.0,9167.099200000002,Other,0.0,0.0,0.0,0.0,0.0,0.0,1.0,0.0,0.0,0.0,0.0,1.0,0.0,0.0,0.0,0.0,0.0,0.0,0.0,0.0,0.0,0.0,0.0,1.0,9.123485259140311,4.61512051684126,13.768958087112637,2.1014737580444667,0.7447315744112115,0.9831485417366043,1.0,1.0,0.670765790944658
2004-05-05,Madrid,Trucks and Buses,Shipped,46.0,100.0,5069.66,Madrid,1.0,0.0,0.0,0.0,0.0,0.0,0.0,0.0,0.0,0.0,0.0,0.0,0.0,0.0,0.0,0.0,1.0,0.0,0.0,0.0,0.0,0.0,0.0,1.0,8.531226265627664,4.61512051684126,14.161377611660777,0.9461719494956201,0.7447315744112115,1.1781755694872693,0.5053540977195294,1.0,0.7266629401900462
2004-05-05,Madrid,Trucks and Buses,Shipped,22.0,100.0,2928.42,Madrid,1.0,0.0,0.0,0.0,0.0,0.0,0.0,0.0,0.0,0.0,0.0,0.0,0.0,0.0,0.0,0.0,1.0,0.0,0.0,0.0,0.0,0.0,0.0,1.0,7.982559730197557,4.61512051684126,8.805943150564206,-0.12409536196074299,0.7447315744112115,-1.4834006262023,0.2468620152014938,1.0,0.055897149245388134
2004-05-05,Madrid,Trucks and Buses,Shipped,35.0,48.7,1704.5,Madrid,1.0,0.0,0.0,0.0,0.0,0.0,0.0,0.0,0.0,0.0,0.0,0.0,0.0,0.0,0.0,0.0,1.0,0.0,0.0,0.0,0.0,0.0,0.0,1.0,7.4416136018587,3.906004933102583,11.902530119204657,-1.1793027074681643,-1.747690235742719,0.05555988642964223,0.09910948412815584,0.23393961114595474,0.41922861934041133
2004-05-05,Espoo,Trains,Shipped,49.0,63.85,3128.65,Other,0.0,0.0,0.0,0.0,0.0,0.0,1.0,0.0,0.0,0.0,0.0,0.0,0.0,0.0,0.0,1.0,0.0,0.0,0.0,0.0,0.0,0.0,0.0,1.0,8.048676456195492,4.172076910762453,14.736931873780104,0.004876547216542304,-0.8124920601592056,1.464218006289084,0.271033929457993,0.4601738195502195,0.8105086640581285
2004-05-05,Madrid,Trucks and Buses,Shipped,22.0,98.18,2159.96,Madrid,1.0,0.0,0.0,0.0,0.0,0.0,0.0,0.0,0.0,0.0,0.0,0.0,0.0,0.0,0.0,0.0,1.0,0.0,0.0,0.0,0.0,0.0,0.0,1.0,7.678307846386478,4.596936381060988,8.805943150564206,-0.7175903624107907,0.6808174006758153,-1.4834006262023,0.15409295347473284,0.9728220290893888,0.055897149245388134
2004-05-05,Madrid,Classic Cars,Shipped,46.0,100.0,6311.2,Madrid,1.0,0.0,0.0,0.0,0.0,0.0,0.0,0.0,0.0,0.0,0.0,1.0,0.0,0.0,0.0,0.0,0.0,0.0,0.0,0.0,0.0,0.0,0.0,1.0,8.750239547701803,4.61512051684126,14.161377611660777,1.3733945727871444,0.7447315744112115,1.1781755694872693,0.6552337282744611,1.0,0.7266629401900462
2004-05-05,Madrid,Classic Cars,Shipped,44.0,52.6,2314.4,Madrid,1.0,0.0,0.0,0.0,0.0,0.0,0.0,0.0,0.0,0.0,0.0,1.0,0.0,0.0,0.0,0.0,0.0,0.0,0.0,0.0,0.0,0.0,0.0,1.0,7.747337737771628,3.9815490680767565,13.768958087112637,-0.5829358291158202,-1.4821653284403995,0.9831485417366043,0.17273706493542174,0.2921781202401219,0.670765790944658
2004-05-05,Espoo,Trains,Shipped,40.0,49.71,1988.4,Other,0.0,0.0,0.0,0.0,0.0,0.0,1.0,0.0,0.0,0.0,0.0,0.0,0.0,0.0,0.0,1.0,0.0,0.0,0.0,0.0,0.0,0.0,0.0,1.0,7.595588364718314,3.926123129806928,12.961139346341028,-0.8789487678047854,-1.6769781636958652,0.5816739001387327,0.1333821029036646,0.249021891706239,0.5589714924538818
2004-05-05,Madrid,Trucks and Buses,Shipped,30.0,61.99,1859.7,Madrid,1.0,0.0,0.0,0.0,0.0,0.0,0.0,0.0,0.0,0.0,0.0,0.0,0.0,0.0,0.0,0.0,1.0,0.0,0.0,0.0,0.0,0.0,0.0,1.0,7.528708039993596,4.142975983633837,10.779232502977782,-1.009410206055871,-0.9147769163016289,-0.5027033539745942,0.11784534335309055,0.4323985305976167,0.2794857462269409
2004-05-05,Madrid,Classic Cars,Shipped,49.0,36.07,1767.43,Madrid,1.0,0.0,0.0,0.0,0.0,0.0,0.0,0.0,0.0,0.0,0.0,1.0,0.0,0.0,0.0,0.0,0.0,0.0,0.0,0.0,0.0,0.0,0.0,1.0,7.477847426295865,3.612808017162641,14.736931873780104,-1.1086224757428118,-2.7782279995664005,1.464218006289084,0.10670644044919414,0.045336439387151706,0.8105086640581285
2004-05-05,Espoo,Classic Cars,Shipped,48.0,100.0,6756.0,Other,0.0,0.0,0.0,0.0,0.0,0.0,1.0,0.0,0.0,0.0,0.0,1.0,0.0,0.0,0.0,0.0,0.0,0.0,0.0,0.0,0.0,0.0,0.0,1.0,8.818334283552174,4.61512051684126,14.546755227281093,1.5062249263019194,0.7447315744112115,1.3697028667658944,0.7089303145067483,1.0,0.7825600894354343
2004-05-05,Madrid,Trucks and Buses,Shipped,29.0,100.0,3520.6,Madrid,1.0,0.0,0.0,0.0,0.0,0.0,0.0,0.0,0.0,0.0,0.0,0.0,0.0,0.0,0.0,0.0,1.0,0.0,0.0,0.0,0.0,0.0,0.0,1.0,8.166670710772197,4.61512051684126,10.54555133395328,0.23504439135908675,0.7447315744112115,-0.6188396341166861,0.31835042445292305,1.0,0.2515371716042467
2004-05-05,Espoo,Classic Cars,Shipped,25.0,100.0,4381.25,Other,0.0,0.0,0.0,0.0,0.0,0.0,1.0,0.0,0.0,0.0,0.0,1.0,0.0,0.0,0.0,0.0,0.0,0.0,0.0,0.0,0.0,0.0,0.0,1.0,8.385317570102655,4.61512051684126,9.57572149487329,0.661552244823384,0.7447315744112115,-1.1008315308182302,0.4222487314241862,1.0,0.13974287311347044
2004-05-07,NYC,Ships,Cancelled,36.0,71.34,2568.24,NYC,0.0,0.0,0.0,1.0,0.0,0.0,0.0,0.0,0.0,0.0,0.0,0.0,0.0,0.0,1.0,0.0,0.0,0.0,1.0,0.0,0.0,0.0,0.0,0.0,7.851365414311172,4.281377226523952,12.119023021201402,-0.38001216875488397,-0.4283198643877128,0.16315383770961095,0.2033808181935236,0.5720216229131201,0.4471771939631053
2004-05-07,NYC,Classic Cars,Cancelled,20.0,100.0,2910.4,NYC,0.0,0.0,0.0,1.0,0.0,0.0,0.0,0.0,0.0,0.0,0.0,1.0,0.0,0.0,0.0,0.0,0.0,0.0,1.0,0.0,0.0,0.0,0.0,0.0,7.976389344130561,4.61512051684126,8.268807419728406,-0.13613174850907667,0.7447315744112115,-1.7503495890608907,0.24468662742292863,1.0,0.0
2004-05-07,NYC,Vintage Cars,Cancelled,23.0,76.31,1755.13,NYC,0.0,0.0,0.0,1.0,0.0,0.0,0.0,0.0,0.0,0.0,0.0,0.0,0.0,0.0,0.0,0.0,0.0,1.0,1.0,0.0,0.0,0.0,0.0,0.0,7.470867803345498,4.347823313332383,9.067037908070397,-1.1222374163445976,-0.19477306361433225,-1.353640175122944,0.1052215753173211,0.6462383896305588,0.0838457238680822
2004-05-07,NYC,Vintage Cars,Cancelled,32.0,100.0,3802.56,NYC,0.0,0.0,0.0,1.0,0.0,0.0,0.0,0.0,0.0,0.0,0.0,0.0,0.0,0.0,0.0,0.0,0.0,1.0,1.0,0.0,0.0,0.0,0.0,0.0,8.243692749257063,4.61512051684126,11.237179911736995,0.3852889656658925,0.7447315744112115,-0.2751098821684491,0.3523888449881201,1.0,0.335382895472329
2004-05-07,NYC,Ships,Cancelled,21.0,73.98,1553.58,NYC,0.0,0.0,0.0,1.0,0.0,0.0,0.0,0.0,0.0,0.0,0.0,0.0,0.0,0.0,1.0,0.0,0.0,0.0,1.0,0.0,0.0,0.0,0.0,0.0,7.348960691667693,4.317221411307766,8.539972716394377,-1.3600379531689097,-0.3023335936427607,-1.6155842205467048,0.08089030968081601,0.6114446136845564,0.027948574622694067
2004-05-07,NYC,Trains,Cancelled,42.0,100.0,5082.42,NYC,0.0,0.0,0.0,1.0,0.0,0.0,0.0,0.0,0.0,0.0,0.0,0.0,0.0,0.0,0.0,1.0,0.0,0.0,1.0,0.0,0.0,0.0,0.0,0.0,8.53373954240244,4.61512051684126,13.369046010543581,0.9510745229222581,0.7447315744112115,0.7843978201850537,0.5068944943929198,1.0,0.6148686416992699
2004-05-07,NYC,Ships,Cancelled,35.0,90.37,3162.95,NYC,0.0,0.0,0.0,1.0,0.0,0.0,0.0,0.0,0.0,0.0,0.0,0.0,0.0,0.0,1.0,0.0,0.0,0.0,1.0,0.0,0.0,0.0,0.0,0.0,8.05957652598139,4.514917197010529,11.902530119204657,0.02613898556681281,0.39253378673999917,0.05555988642964223,0.27517465092329746,0.8561956813905565,0.41922861934041133
2004-05-07,NYC,Ships,Cancelled,40.0,100.0,4157.2,NYC,0.0,0.0,0.0,1.0,0.0,0.0,0.0,0.0,0.0,0.0,0.0,0.0,0.0,0.0,1.0,0.0,0.0,0.0,1.0,0.0,0.0,0.0,0.0,0.0,8.332837567309287,4.61512051684126,12.961139346341028,0.559181081524988,0.7447315744112115,0.5816739001387327,0.3952012490830352,1.0,0.5589714924538818
2004-05-07,NYC,Ships,Cancelled,30.0,100.0,3245.4,NYC,0.0,0.0,0.0,1.0,0.0,0.0,0.0,0.0,0.0,0.0,0.0,0.0,0.0,0.0,1.0,0.0,0.0,0.0,1.0,0.0,0.0,0.0,0.0,0.0,8.08530196907155,4.61512051684126,10.779232502977782,0.07632083380099623,0.7447315744112115,-0.5027033539745942,0.28512807613654406,1.0,0.2794857462269409
2004-05-07,NYC,Ships,Cancelled,48.0,100.0,6960.48,NYC,0.0,0.0,0.0,1.0,0.0,0.0,0.0,0.0,0.0,0.0,0.0,0.0,0.0,0.0,1.0,0.0,0.0,0.0,1.0,0.0,0.0,0.0,0.0,0.0,8.848147374401163,4.61512051684126,14.546755227281093,1.564380426097691,0.7447315744112115,1.3697028667658944,0.7336152919185693,1.0,0.7825600894354343
2004-05-07,NYC,Ships,Cancelled,32.0,75.89,2428.48,NYC,0.0,0.0,0.0,1.0,0.0,0.0,0.0,0.0,0.0,0.0,0.0,0.0,0.0,0.0,1.0,0.0,0.0,0.0,1.0,0.0,0.0,0.0,0.0,0.0,7.795432521665541,4.342375829044089,11.237179911736995,-0.4891187804546296,-0.21392005313475812,-0.2751098821684491,0.18650888723168813,0.6399665501896485,0.335382895472329
2004-05-07,NYC,Vintage Cars,Cancelled,42.0,75.48,3170.16,NYC,0.0,0.0,0.0,1.0,0.0,0.0,0.0,0.0,0.0,0.0,0.0,0.0,0.0,0.0,0.0,0.0,0.0,1.0,1.0,0.0,0.0,0.0,0.0,0.0,8.061852730534422,4.337029268743146,13.369046010543581,0.030579109339605056,-0.23271231184259086,0.7843978201850537,0.27604504747620845,0.633844040259236,0.6148686416992699
2004-05-07,NYC,Ships,Cancelled,23.0,65.52,1506.96,NYC,0.0,0.0,0.0,1.0,0.0,0.0,0.0,0.0,0.0,0.0,0.0,0.0,0.0,0.0,1.0,0.0,0.0,0.0,1.0,0.0,0.0,0.0,0.0,0.0,7.318513023017163,4.197502654324727,9.067037908070397,-1.4194313047994618,-0.7231248550840075,-1.353640175122944,0.07526230866878991,0.4851118478033628,0.0838457238680822
2004-05-07,NYC,Vintage Cars,Cancelled,30.0,100.0,3053.7,NYC,0.0,0.0,0.0,1.0,0.0,0.0,0.0,0.0,0.0,0.0,0.0,0.0,0.0,0.0,0.0,0.0,0.0,1.0,1.0,0.0,0.0,0.0,0.0,0.0,8.024436667111125,4.61512051684126,10.779232502977782,-0.04240728042433609,0.7447315744112115,-0.5027033539745942,0.2619859098129617,1.0,0.2794857462269409
2004-05-08,Cambridge,Vintage Cars,Shipped,25.0,69.7,1742.5,Other,0.0,0.0,0.0,0.0,0.0,0.0,1.0,0.0,0.0,0.0,0.0,0.0,0.0,0.0,0.0,0.0,0.0,1.0,0.0,0.0,0.0,0.0,0.0,1.0,7.463649866115706,4.258445572902527,9.57572149487329,-1.1363172294447983,-0.5089207635071381,-1.1008315308182302,0.10369687234044656,0.5475315831914704,0.13974287311347044
2004-05-08,Cambridge,Planes,Shipped,32.0,57.61,1843.52,Other,0.0,0.0,0.0,0.0,0.0,0.0,1.0,0.0,0.0,0.0,0.0,0.0,0.0,1.0,0.0,0.0,0.0,0.0,0.0,0.0,0.0,0.0,0.0,1.0,7.519974360024841,4.070905330488338,11.237179911736995,-1.026446732936359,-1.168093120163367,-0.2751098821684491,0.11589208174059412,0.366992204999552,0.335382895472329
2004-05-08,Cambridge,Vintage Cars,Shipped,46.0,100.0,5600.5,Other,0.0,0.0,0.0,0.0,0.0,0.0,1.0,0.0,0.0,0.0,0.0,0.0,0.0,0.0,0.0,0.0,0.0,1.0,0.0,0.0,0.0,0.0,0.0,1.0,8.630789697998779,4.61512051684126,14.161377611660777,1.1403873430035676,0.7447315744112115,1.1781755694872693,0.5694374966303821,1.0,0.7266629401900462
2004-05-08,Cambridge,Planes,Shipped,20.0,67.82,1356.4,Other,0.0,0.0,0.0,0.0,0.0,0.0,1.0,0.0,0.0,0.0,0.0,0.0,0.0,1.0,0.0,0.0,0.0,0.0,0.0,0.0,0.0,0.0,0.0,1.0,7.213326384269658,4.231494400369335,8.268807419728406,-1.6246157178877723,-0.6036495944218251,-1.7503495890608907,0.0570865936887244,0.5194576352178717,0.0
2004-05-08,Cambridge,Ships,Shipped,40.0,95.95,3838.0,Other,0.0,0.0,0.0,0.0,0.0,0.0,1.0,0.0,0.0,0.0,0.0,0.0,0.0,0.0,1.0,0.0,0.0,0.0,0.0,0.0,0.0,0.0,0.0,1.0,8.252967195000798,4.574195381688661,12.961139346341028,0.4033803480820148,0.6008866191219127,0.5816739001387327,0.35666718809979336,0.9395215482483648,0.5589714924538818
2004-05-11,San Jose,Planes,Shipped,44.0,100.0,6055.72,Other,0.0,0.0,0.0,0.0,0.0,0.0,1.0,0.0,0.0,0.0,0.0,0.0,0.0,1.0,0.0,0.0,0.0,0.0,0.0,0.0,0.0,0.0,0.0,1.0,8.708923678407057,4.61512051684126,13.768958087112637,1.292800948982649,0.7447315744112115,0.9831485417366043,0.6243919929987762,1.0,0.670765790944658
2004-05-11,San Jose,Motorcycles,Shipped,32.0,87.6,2803.2,Other,0.0,0.0,0.0,0.0,0.0,0.0,1.0,0.0,0.0,0.0,0.0,0.0,1.0,0.0,0.0,0.0,0.0,0.0,0.0,0.0,0.0,0.0,0.0,1.0,7.938873572287031,4.484131857611035,11.237179911736995,-0.2093126364899866,0.2843285052430876,-0.2751098821684491,0.23174536383457162,0.8148314069826479,0.335382895472329
2004-05-11,San Jose,Planes,Shipped,38.0,62.19,2363.22,Other,0.0,0.0,0.0,0.0,0.0,0.0,1.0,0.0,0.0,0.0,0.0,0.0,0.0,1.0,0.0,0.0,0.0,0.0,0.0,0.0,0.0,0.0,0.0,1.0,7.768203436801686,4.146146060785364,12.544675977743431,-0.5422337374800473,-0.9036346291857842,0.3746974174111126,0.17863065158079094,0.43538512080757397,0.5030743432084936
2004-05-11,San Jose,Vintage Cars,Shipped,50.0,61.22,3061.0,Other,0.0,0.0,0.0,0.0,0.0,0.0,1.0,0.0,0.0,0.0,0.0,0.0,0.0,0.0,0.0,0.0,0.0,1.0,0.0,0.0,0.0,0.0,0.0,1.0,8.026823576217629,4.130676491469491,14.925497315272617,-0.037751208608136286,-0.9580075591294293,1.5579323994073224,0.26286717123269127,0.42090015828928107,0.8384572386808227
2004-05-11,San Jose,Planes,Shipped,31.0,88.63,2747.53,Other,0.0,0.0,0.0,0.0,0.0,0.0,1.0,0.0,0.0,0.0,0.0,0.0,0.0,1.0,0.0,0.0,0.0,0.0,0.0,0.0,0.0,0.0,0.0,1.0,7.9188215022857165,4.4956900853692705,11.009728365329204,-0.24842760644640696,0.32495372856629784,-0.388150126800217,0.22502484010356577,0.830212346563928,0.30743432084963496
2004-05-11,San Jose,Planes,Shipped,40.0,75.06,3002.4,Other,0.0,0.0,0.0,0.0,0.0,0.0,1.0,0.0,0.0,0.0,0.0,0.0,0.0,1.0,0.0,0.0,0.0,0.0,0.0,0.0,0.0,0.0,0.0,1.0,8.00750025924618,4.331522502500114,12.961139346341028,-0.07544462194386806,-0.25206766744652404,0.5816739001387327,0.2557929357263693,0.6275722008183258,0.5589714924538818
2004-05-11,San Jose,Planes,Shipped,27.0,98.84,2668.68,Other,0.0,0.0,0.0,0.0,0.0,0.0,1.0,0.0,0.0,0.0,0.0,0.0,0.0,1.0,0.0,0.0,0.0,0.0,0.0,0.0,0.0,0.0,0.0,1.0,7.889713894024422,4.603568904621118,10.068010317854855,-0.30520694257325753,0.7041296035898611,-0.8561708553548468,0.21550600956306254,0.9826777767822477,0.19564002235885858
2004-05-11,San Jose,Vintage Cars,Shipped,36.0,51.93,1869.48,Other,0.0,0.0,0.0,0.0,0.0,0.0,1.0,0.0,0.0,0.0,0.0,0.0,0.0,0.0,0.0,0.0,0.0,1.0,0.0,0.0,0.0,0.0,0.0,1.0,7.533950361402783,3.9689702858698963,12.119023021201402,-0.9991841673272602,-1.5263776287148612,0.16315383770961095,0.11902599221404325,0.28217304303676494,0.4471771939631053
2004-05-11,San Jose,Motorcycles,Shipped,31.0,100.0,3282.28,Other,0.0,0.0,0.0,0.0,0.0,0.0,1.0,0.0,0.0,0.0,0.0,0.0,1.0,0.0,0.0,0.0,0.0,0.0,0.0,0.0,0.0,0.0,0.0,1.0,8.096598201711274,4.61512051684126,11.009728365329204,0.09835605511702865,0.7447315744112115,-0.388150126800217,0.28958025711731467,1.0,0.30743432084963496
2004-05-11,San Jose,Planes,Shipped,37.0,74.62,2760.94,Other,0.0,0.0,0.0,0.0,0.0,0.0,1.0,0.0,0.0,0.0,0.0,0.0,0.0,1.0,0.0,0.0,0.0,0.0,0.0,0.0,0.0,0.0,0.0,1.0,7.923688610344432,4.325720798462787,12.33304085962557,-0.23893348511734544,-0.27245967970840795,0.26951771693185156,0.2266437052595347,0.6210017023564198,0.47512576858579947
2004-05-11,San Jose,Planes,Shipped,45.0,100.0,8160.3,Other,0.0,0.0,0.0,0.0,0.0,0.0,1.0,0.0,0.0,0.0,0.0,0.0,0.0,1.0,0.0,0.0,0.0,0.0,0.0,0.0,0.0,0.0,0.0,1.0,9.00715874899456,4.61512051684126,13.966075138951927,1.87455913281186,0.7447315744112115,1.0811129658652374,0.8784584530993756,1.0,0.6987143655673522
2004-05-11,San Jose,Planes,Shipped,44.0,67.2,2956.8,Other,0.0,0.0,0.0,0.0,0.0,0.0,1.0,0.0,0.0,0.0,0.0,0.0,0.0,1.0,0.0,0.0,0.0,0.0,0.0,0.0,0.0,0.0,0.0,1.0,7.992201027732669,4.222444564849416,13.768958087112637,-0.1052883727869518,-0.6354582416232132,0.9831485417366043,0.25028806987162044,0.5101992055670042,0.670765790944658
2004-05-11,San Jose,Planes,Shipped,31.0,91.34,2831.54,Other,0.0,0.0,0.0,0.0,0.0,0.0,1.0,0.0,0.0,0.0,0.0,0.0,0.0,1.0,0.0,0.0,0.0,0.0,0.0,0.0,0.0,0.0,0.0,1.0,7.948929114602979,4.525477417078843,11.009728365329204,-0.18969759247916707,0.4296511811702842,-0.388150126800217,0.2351665896750011,0.8706806439088492,0.30743432084963496
2004-05-11,San Jose,Planes,Shipped,35.0,100.0,3909.15,Other,0.0,0.0,0.0,0.0,0.0,0.0,1.0,0.0,0.0,0.0,0.0,0.0,0.0,1.0,0.0,0.0,0.0,0.0,0.0,0.0,0.0,0.0,0.0,1.0,8.271331015414919,4.61512051684126,11.902530119204657,0.4392021003368375,0.7447315744112115,0.05555988642964223,0.3652564689235956,1.0,0.41922861934041133
2004-05-18,Newark,Motorcycles,Shipped,29.0,61.18,1774.22,Other,0.0,0.0,0.0,0.0,0.0,0.0,1.0,0.0,0.0,0.0,0.0,0.0,1.0,0.0,0.0,0.0,0.0,0.0,0.0,0.0,0.0,0.0,0.0,1.0,7.481679637891107,4.130033404630607,10.54555133395328,-1.1011470958241947,-0.9602679010254659,-0.6188396341166861,0.10752613429028501,0.4203028402472897,0.2515371716042467
2004-05-18,Newark,Motorcycles,Shipped,28.0,100.0,3188.64,Other,0.0,0.0,0.0,0.0,0.0,0.0,1.0,0.0,0.0,0.0,0.0,0.0,1.0,0.0,0.0,0.0,0.0,0.0,0.0,0.0,0.0,0.0,0.0,1.0,8.067663336745973,4.61512051684126,10.308532382015233,0.04191368414302883,0.7447315744112115,-0.7366347457903012,0.27827596679629085,1.0,0.22358859698155265
2004-05-18,Newark,Motorcycles,Shipped,26.0,100.0,2637.18,Other,0.0,0.0,0.0,0.0,0.0,0.0,1.0,0.0,0.0,0.0,0.0,0.0,1.0,0.0,0.0,0.0,0.0,0.0,0.0,0.0,0.0,0.0,0.0,1.0,7.877844564459695,4.61512051684126,9.823805373555334,-0.32836008682702905,0.7447315744112115,-0.9775373049564378,0.21170330617655841,1.0,0.1676914477361645
2004-05-18,Newark,Motorcycles,Shipped,44.0,100.0,5756.52,Other,0.0,0.0,0.0,0.0,0.0,0.0,1.0,0.0,0.0,0.0,0.0,0.0,1.0,0.0,0.0,0.0,0.0,0.0,0.0,0.0,0.0,0.0,0.0,1.0,8.658262105418725,4.61512051684126,13.768958087112637,1.1939769420220867,0.7447315744112115,0.9831485417366043,0.5882723468641083,1.0,0.670765790944658
2004-05-18,Newark,Motorcycles,Shipped,43.0,100.0,7078.23,Other,0.0,0.0,0.0,0.0,0.0,0.0,1.0,0.0,0.0,0.0,0.0,0.0,1.0,0.0,0.0,0.0,0.0,0.0,0.0,0.0,0.0,0.0,0.0,1.0,8.86492042371114,4.61512051684126,13.569968697266269,1.5970991089964788,0.7447315744112115,0.8842535917456676,0.7478301593395491,1.0,0.6428172163219641
2004-05-18,Newark,Motorcycles,Shipped,46.0,100.0,7552.28,Other,0.0,0.0,0.0,0.0,0.0,0.0,1.0,0.0,0.0,0.0,0.0,0.0,1.0,0.0,0.0,0.0,0.0,0.0,0.0,0.0,0.0,0.0,0.0,1.0,8.929737184988694,4.61512051684126,14.161377611660777,1.7235352160855597,0.7447315744112115,1.1781755694872693,0.8050578272878757,1.0,0.7266629401900462
2004-05-26,Paris,Classic Cars,Shipped,41.0,100.0,6749.83,Paris,0.0,0.0,0.0,0.0,0.0,0.0,0.0,1.0,0.0,0.0,0.0,1.0,0.0,0.0,0.0,0.0,0.0,0.0,0.0,0.0,0.0,0.0,0.0,1.0,8.817420739270213,4.61512051684126,13.166125611826143,1.5044429029427149,0.7447315744112115,0.6835492136397722,0.7081854675259631,1.0,0.5869200670765757
2004-05-26,Paris,Motorcycles,Shipped,36.0,48.28,1738.08,Paris,0.0,0.0,0.0,0.0,0.0,0.0,0.0,1.0,0.0,0.0,0.0,0.0,1.0,0.0,0.0,0.0,0.0,0.0,0.0,0.0,0.0,0.0,0.0,1.0,7.461111516746415,3.8975183192252643,12.119023021201402,-1.1412687112275857,-1.7775192537578968,0.16315383770961095,0.1031632866589117,0.22766777170504437,0.4471771939631053
2004-05-26,Paris,Classic Cars,Shipped,35.050383351588174,100.0,3559.4,Paris,0.0,0.0,0.0,0.0,0.0,0.0,0.0,1.0,0.0,0.0,0.0,1.0,0.0,0.0,0.0,0.0,0.0,0.0,0.0,0.0,0.0,0.0,0.0,1.0,8.177628177084776,4.61512051684126,11.913498472712774,0.2564187913879575,0.7447315744112115,0.06101100506720186,0.32303438925915673,1.0,0.42063676220201485
2004-05-26,Paris,Motorcycles,Shipped,47.0,65.8,3092.6,Paris,0.0,0.0,0.0,0.0,0.0,0.0,0.0,1.0,0.0,0.0,0.0,0.0,1.0,0.0,0.0,0.0,0.0,0.0,0.0,0.0,0.0,0.0,0.0,1.0,8.037090740293086,4.2017030805426,14.35492029635209,-0.017723360394817474,-0.7083610645857461,1.2743635830212399,0.26668194669343825,0.48929307409730305,0.7546115148127404
2004-05-26,Paris,Motorcycles,Shipped,35.050383351588174,100.0,2832.0,Paris,0.0,0.0,0.0,0.0,0.0,0.0,0.0,1.0,0.0,0.0,0.0,0.0,1.0,0.0,0.0,0.0,0.0,0.0,0.0,0.0,0.0,0.0,0.0,1.0,7.949091499830517,4.61512051684126,11.913498472712774,-0.1893808324989717,0.7447315744112115,0.06101100506720186,0.2352221212165183,1.0,0.42063676220201485
2004-05-26,Paris,Motorcycles,Shipped,31.0,52.84,1638.04,Paris,0.0,0.0,0.0,0.0,0.0,0.0,0.0,1.0,0.0,0.0,0.0,0.0,1.0,0.0,0.0,0.0,0.0,0.0,0.0,0.0,0.0,0.0,0.0,1.0,7.401865983571105,3.9860166853364722,11.009728365329204,-1.2568371911926175,-1.4664624064444851,-0.388150126800217,0.09108638358634427,0.29576202849207067,0.30743432084963496
2004-05-26,Paris,Classic Cars,Shipped,20.0,76.39,1527.8,Paris,0.0,0.0,0.0,0.0,0.0,0.0,0.0,1.0,0.0,0.0,0.0,1.0,0.0,0.0,0.0,0.0,0.0,0.0,0.0,0.0,0.0,0.0,0.0,1.0,7.3322383929260635,4.348857573282368,8.268807419728406,-1.3926576384601654,-0.19113781413480463,-1.7503495890608907,0.07777812894100405,0.6474330257145418,0.0
2004-05-26,Paris,Classic Cars,Shipped,38.0,87.31,3317.78,Paris,0.0,0.0,0.0,0.0,0.0,0.0,0.0,1.0,0.0,0.0,0.0,1.0,0.0,0.0,0.0,0.0,0.0,0.0,0.0,0.0,0.0,0.0,0.0,1.0,8.107352524497415,4.480853351480711,12.544675977743431,0.11933418917770088,0.2728051085341037,0.3746974174111126,0.2938658434735336,0.8105008511782099,0.5030743432084936
2004-05-26,Paris,Motorcycles,Shipped,35.050383351588174,72.41,3475.68,Paris,0.0,0.0,0.0,0.0,0.0,0.0,0.0,1.0,0.0,0.0,0.0,0.0,1.0,0.0,0.0,0.0,0.0,0.0,0.0,0.0,0.0,0.0,0.0,1.0,8.153833094410437,4.29606016612269,11.913498472712774,0.21000243916814898,-0.3767118053740869,0.06101100506720186,0.3129276487030257,0.5879998805363915,0.42063676220201485
2004-06-01,Liverpool,Classic Cars,Cancelled,40.0,42.67,1706.8,Other,0.0,0.0,0.0,0.0,0.0,0.0,1.0,0.0,0.0,0.0,0.0,1.0,0.0,0.0,0.0,0.0,0.0,0.0,1.0,0.0,0.0,0.0,0.0,0.0,7.442961271473505,3.7766613674974696,12.961139346341028,-1.1766738488769648,-2.2023110779721056,0.5816739001387327,0.09938714183574188,0.14389391631574233,0.5589714924538818
2004-06-01,Liverpool,Classic Cars,Cancelled,23.0,83.93,1930.39,Other,0.0,0.0,0.0,0.0,0.0,0.0,1.0,0.0,0.0,0.0,0.0,1.0,0.0,0.0,0.0,0.0,0.0,0.0,1.0,0.0,0.0,0.0,0.0,0.0,7.5659952299280295,4.441827387791918,9.067037908070397,-0.9366752059312413,0.13563542098134873,-1.353640175122944,0.12637909263537556,0.7600274766299318,0.0838457238680822
2004-06-01,Liverpool,Classic Cars,Cancelled,24.0,100.0,3922.56,Other,0.0,0.0,0.0,0.0,0.0,0.0,1.0,0.0,0.0,0.0,0.0,1.0,0.0,0.0,0.0,0.0,0.0,0.0,1.0,0.0,0.0,0.0,0.0,0.0,8.274754683919058,4.61512051684126,9.323544176118064,0.4458805475331297,0.7447315744112115,-1.226160139275199,0.36687533407956446,1.0,0.11179429849077627
2004-06-01,Liverpool,Classic Cars,Cancelled,25.0,90.17,2254.25,Other,0.0,0.0,0.0,0.0,0.0,0.0,1.0,0.0,0.0,0.0,0.0,1.0,0.0,0.0,0.0,0.0,0.0,0.0,1.0,0.0,0.0,0.0,0.0,0.0,7.721016110536748,4.5127258955968115,9.57572149487329,-0.6342806358329771,0.3848317314454646,-1.1008315308182302,0.16547571227833524,0.8532090911805992,0.13974287311347044
2004-06-01,Liverpool,Classic Cars,Cancelled,24.0,52.66,1263.84,Other,0.0,0.0,0.0,0.0,0.0,0.0,1.0,0.0,0.0,0.0,0.0,1.0,0.0,0.0,0.0,0.0,0.0,0.0,1.0,0.0,0.0,0.0,0.0,0.0,7.142700910948632,3.982667844997478,9.323544176118064,-1.7623827048835685,-1.4782330160475434,-1.226160139275199,0.04591268176952365,0.29307409730310896,0.11179429849077627
2004-06-01,Liverpool,Classic Cars,Cancelled,37.0,100.0,5177.04,Other,0.0,0.0,0.0,0.0,0.0,0.0,1.0,0.0,0.0,0.0,0.0,1.0,0.0,0.0,0.0,0.0,0.0,0.0,1.0,0.0,0.0,0.0,0.0,0.0,8.55218188527199,4.61512051684126,12.33304085962557,0.9870494465695999,0.7447315744112115,0.26951771693185156,0.5183170910415236,1.0,0.47512576858579947
2004-06-01,Liverpool,Classic Cars,Cancelled,39.0,100.0,5148.0,Other,0.0,0.0,0.0,0.0,0.0,0.0,1.0,0.0,0.0,0.0,0.0,1.0,0.0,0.0,0.0,0.0,0.0,0.0,1.0,0.0,0.0,0.0,0.0,0.0,8.546557800046141,4.61512051684126,12.754015005493859,0.9760787126440253,0.7447315744112115,0.4787359930181514,0.5148113606813941,1.0,0.5310229178311876
2004-06-01,Liverpool,Classic Cars,Cancelled,24.0,100.0,3374.88,Other,0.0,0.0,0.0,0.0,0.0,0.0,1.0,0.0,0.0,0.0,0.0,1.0,0.0,0.0,0.0,0.0,0.0,0.0,1.0,0.0,0.0,0.0,0.0,0.0,8.124411310060411,4.61512051684126,9.323544176118064,0.15261024919274546,0.7447315744112115,-1.226160139275199,0.3007589978662125,1.0,0.11179429849077627
2004-06-01,Liverpool,Classic Cars,Cancelled,33.0,100.0,4459.62,Other,0.0,0.0,0.0,0.0,0.0,0.0,1.0,0.0,0.0,0.0,0.0,1.0,0.0,0.0,0.0,0.0,0.0,0.0,1.0,0.0,0.0,0.0,0.0,0.0,8.40304304880555,4.61512051684126,11.461717832632248,0.6961288030979879,0.7447315744112115,-0.16351766875873364,0.4317096160083236,1.0,0.3633314700950231
2004-06-01,Liverpool,Classic Cars,Cancelled,41.0,100.0,4910.57,Other,0.0,0.0,0.0,0.0,0.0,0.0,1.0,0.0,0.0,0.0,0.0,1.0,0.0,0.0,0.0,0.0,0.0,0.0,1.0,0.0,0.0,0.0,0.0,0.0,8.499348925278454,4.61512051684126,13.166125611826143,0.8839897802747777,0.7447315744112115,0.6835492136397722,0.48614863480654713,1.0,0.5869200670765757
2004-06-01,Liverpool,Classic Cars,Cancelled,31.0,100.0,4029.38,Other,0.0,0.0,0.0,0.0,0.0,0.0,1.0,0.0,0.0,0.0,0.0,1.0,0.0,0.0,0.0,0.0,0.0,0.0,1.0,0.0,0.0,0.0,0.0,0.0,8.301615943299412,4.61512051684126,11.009728365329204,0.4982779984489339,0.7447315744112115,-0.388150126800217,0.3797707237857985,1.0,0.30743432084963496
2004-06-01,Liverpool,Classic Cars,Cancelled,40.0,100.0,6773.6,Other,0.0,0.0,0.0,0.0,0.0,0.0,1.0,0.0,0.0,0.0,0.0,1.0,0.0,0.0,0.0,0.0,0.0,0.0,1.0,0.0,0.0,0.0,0.0,0.0,8.820935603414531,4.61512051684126,12.961139346341028,1.5112992427319176,0.7447315744112115,0.5816739001387327,0.7110549995734935,1.0,0.5589714924538818
2004-06-01,Liverpool,Classic Cars,Cancelled,26.0,100.0,3054.48,Other,0.0,0.0,0.0,0.0,0.0,0.0,1.0,0.0,0.0,0.0,0.0,1.0,0.0,0.0,0.0,0.0,0.0,0.0,1.0,0.0,0.0,0.0,0.0,0.0,8.024691978739993,4.61512051684126,9.823805373555334,-0.041909251707498846,0.7447315744112115,-0.9775373049564378,0.26208007199205613,1.0,0.1676914477361645
2004-06-01,Liverpool,Classic Cars,Cancelled,22.0,100.0,2402.84,Other,0.0,0.0,0.0,0.0,0.0,0.0,1.0,0.0,0.0,0.0,0.0,1.0,0.0,0.0,0.0,0.0,0.0,0.0,1.0,0.0,0.0,0.0,0.0,0.0,7.784822737699734,4.61512051684126,8.805943150564206,-0.5098149669849691,0.7447315744112115,-1.4834006262023,0.1834136073958162,1.0,0.055897149245388134
2004-06-04,Strasbourg,Vintage Cars,Shipped,24.0,100.0,3726.0,Other,0.0,0.0,0.0,0.0,0.0,0.0,1.0,0.0,0.0,0.0,0.0,0.0,0.0,0.0,0.0,0.0,0.0,1.0,0.0,0.0,0.0,0.0,0.0,1.0,8.223358899479258,4.61512051684126,9.323544176118064,0.3456243363730045,0.7447315744112115,-1.226160139275199,0.3431464649477786,1.0,0.11179429849077627
2004-06-04,Strasbourg,Vintage Cars,Shipped,37.0,45.7,1690.9,Other,0.0,0.0,0.0,0.0,0.0,0.0,1.0,0.0,0.0,0.0,0.0,0.0,0.0,0.0,0.0,0.0,0.0,1.0,0.0,0.0,0.0,0.0,0.0,1.0,7.433607436764751,3.8437441646748516,12.33304085962557,-1.1949200929598083,-1.9665263475202428,0.26951771693185156,0.09746768203112552,0.18914075799659535,0.47512576858579947
2004-06-08,Kobenhavn,Vintage Cars,Shipped,29.0,51.75,1500.75,Other,0.0,0.0,0.0,0.0,0.0,0.0,1.0,0.0,0.0,0.0,0.0,0.0,0.0,0.0,0.0,0.0,0.0,1.0,0.0,0.0,0.0,0.0,0.0,1.0,7.314386373730271,3.965563772356176,10.54555133395328,-1.427481035469008,-1.5383509498107206,-0.6188396341166861,0.07451263285830764,0.27948511184780334,0.2515371716042467
2004-06-08,Kobenhavn,Vintage Cars,Shipped,34.0,95.55,3248.7,Other,0.0,0.0,0.0,0.0,0.0,0.0,1.0,0.0,0.0,0.0,0.0,0.0,0.0,0.0,0.0,0.0,0.0,1.0,0.0,0.0,0.0,0.0,0.0,1.0,8.086317963370858,4.570061008874523,11.683463549954297,0.07830270332821901,0.5863549952095816,-0.05331314156158311,0.28552645458655873,0.9335483678284502,0.39128004471771716
2004-06-14,San Jose,Vintage Cars,Shipped,50.0,88.14,4407.0,Other,0.0,0.0,0.0,0.0,0.0,0.0,1.0,0.0,0.0,0.0,0.0,0.0,0.0,0.0,0.0,0.0,0.0,1.0,0.0,0.0,0.0,0.0,0.0,1.0,8.391176350832751,4.49020816751841,14.925497315272617,0.6729807922114551,0.305685710874569,1.5579323994073224,0.4253572905417252,0.8228952005495327,0.8384572386808227
2004-06-14,San Jose,Vintage Cars,Shipped,26.0,89.29,2321.54,Other,0.0,0.0,0.0,0.0,0.0,0.0,1.0,0.0,0.0,0.0,0.0,0.0,0.0,0.0,0.0,0.0,0.0,1.0,0.0,0.0,0.0,0.0,0.0,1.0,7.750416693359919,4.503026712319388,9.823805373555334,-0.5769298030384488,0.3507407362738789,-0.9775373049564378,0.17359901103636266,0.8400680942567871,0.1676914477361645
2004-06-14,San Jose,Vintage Cars,Shipped,49.0,53.72,2632.28,Other,0.0,0.0,0.0,0.0,0.0,0.0,1.0,0.0,0.0,0.0,0.0,0.0,0.0,0.0,0.0,0.0,0.0,1.0,0.0,0.0,0.0,0.0,0.0,1.0,7.875985496417348,4.002229273314295,14.736931873780104,-0.33198651495233267,-1.4094778910825225,1.464218006289084,0.21111177453865781,0.30890302541588266,0.8105086640581285
2004-06-14,San Jose,Vintage Cars,Shipped,37.0,84.82,3138.34,Other,0.0,0.0,0.0,0.0,0.0,0.0,1.0,0.0,0.0,0.0,0.0,0.0,0.0,0.0,0.0,0.0,0.0,1.0,0.0,0.0,0.0,0.0,0.0,1.0,8.051767865726255,4.452252079563379,12.33304085962557,0.010906866824983832,0.1722764562810281,0.26951771693185156,0.2722037134521271,0.7733178030642414,0.47512576858579947
2004-06-14,San Jose,Vintage Cars,Shipped,35.050383351588174,78.89,3628.94,Other,0.0,0.0,0.0,0.0,0.0,0.0,1.0,0.0,0.0,0.0,0.0,0.0,0.0,0.0,0.0,0.0,0.0,1.0,0.0,0.0,0.0,0.0,0.0,1.0,8.196971398196672,4.380650688493951,11.913498472712774,0.2941510311319142,-0.07939037044121329,0.06101100506720186,0.3314293096876487,0.6847654033390078,0.42063676220201485
2004-06-15,Singapore,Trucks and Buses,Shipped,29.0,100.0,3054.57,Singapore,0.0,0.0,0.0,0.0,0.0,0.0,0.0,0.0,0.0,0.0,1.0,0.0,0.0,0.0,0.0,0.0,1.0,0.0,0.0,0.0,0.0,0.0,0.0,1.0,8.024721433579996,4.61512051684126,10.54555133395328,-0.041851795036854246,0.7447315744112115,-0.6188396341166861,0.2620909368588747,1.0,0.2515371716042467
2004-06-15,Minato-ku,Vintage Cars,Shipped,35.050383351588174,59.87,1257.27,Other,0.0,0.0,0.0,0.0,0.0,0.0,1.0,0.0,0.0,0.0,0.0,0.0,0.0,0.0,0.0,0.0,0.0,1.0,0.0,0.0,0.0,0.0,0.0,1.0,7.137493040622534,4.108740442505833,11.913498472712774,-1.7725415409203913,-1.0351090756091104,0.06101100506720186,0.04511954649176708,0.4007406743720694,0.42063676220201485
2004-06-15,Minato-ku,Trucks and Buses,Shipped,41.0,100.0,5453.0,Other,0.0,0.0,0.0,0.0,0.0,0.0,1.0,0.0,0.0,0.0,0.0,0.0,0.0,0.0,0.0,0.0,1.0,0.0,0.0,0.0,0.0,0.0,0.0,1.0,8.604104563405533,4.61512051684126,13.166125611826143,1.088333453413645,0.7447315744112115,0.6835492136397722,0.5516311871221484,1.0,0.5869200670765757
2004-06-15,Minato-ku,Trucks and Buses,Shipped,41.0,100.0,6668.24,Other,0.0,0.0,0.0,0.0,0.0,0.0,1.0,0.0,0.0,0.0,0.0,0.0,0.0,0.0,0.0,0.0,1.0,0.0,0.0,0.0,0.0,0.0,0.0,1.0,8.805261189389183,4.61512051684126,13.166125611826143,1.4807236346452821,0.7447315744112115,0.6835492136397722,0.6983358621512052,1.0,0.5869200670765757
2004-06-15,Singapore,Trucks and Buses,Shipped,47.0,100.0,5285.62,Singapore,0.0,0.0,0.0,0.0,0.0,0.0,0.0,0.0,0.0,0.0,1.0,0.0,0.0,0.0,0.0,0.0,1.0,0.0,0.0,0.0,0.0,0.0,0.0,1.0,8.572934379243433,4.61512051684126,14.35492029635209,1.027530712501774,0.7447315744112115,1.2743635830212399,0.5314249492544322,1.0,0.7546115148127404
2004-06-15,Singapore,Trucks and Buses,Shipped,41.0,100.0,4666.62,Singapore,0.0,0.0,0.0,0.0,0.0,0.0,0.0,0.0,0.0,0.0,1.0,0.0,0.0,0.0,0.0,0.0,1.0,0.0,0.0,0.0,0.0,0.0,0.0,1.0,8.448404584780086,4.61512051684126,13.166125611826143,0.784614187235621,0.7447315744112115,0.6835492136397722,0.45669880969106513,1.0,0.5869200670765757
2004-06-15,Singapore,Trucks and Buses,Shipped,40.0,43.83,1753.2,Singapore,0.0,0.0,0.0,0.0,0.0,0.0,0.0,0.0,0.0,0.0,1.0,0.0,0.0,0.0,0.0,0.0,1.0,0.0,0.0,0.0,0.0,0.0,0.0,1.0,7.469768191517281,3.802877558167348,12.961139346341028,-1.1243823960709596,-2.110165584482516,0.5816739001387327,0.1049885842844337,0.16121613953349456,0.5589714924538818
2004-06-15,Minato-ku,Trucks and Buses,Shipped,20.0,61.41,1228.2,Other,0.0,0.0,0.0,0.0,0.0,0.0,1.0,0.0,0.0,0.0,0.0,0.0,0.0,0.0,0.0,0.0,1.0,0.0,0.0,0.0,0.0,0.0,0.0,1.0,7.11411883025633,4.133725518945951,8.268807419728406,-1.8181369101849698,-0.9472907412278666,-1.7503495890608907,0.041610194509364706,0.4237374189887405,0.0
2004-06-15,Minato-ku,Classic Cars,Shipped,45.0,80.92,3641.4,Other,0.0,0.0,0.0,0.0,0.0,0.0,1.0,0.0,0.0,0.0,0.0,1.0,0.0,0.0,0.0,0.0,0.0,0.0,0.0,0.0,0.0,0.0,0.0,1.0,8.200398084020572,4.4057431612911975,13.966075138951927,0.3008353641231292,0.008805444041971446,1.0811129658652374,0.33293349013831036,0.7150792939700743,0.6987143655673522
2004-06-15,Singapore,Classic Cars,Shipped,28.0,46.82,1310.96,Singapore,0.0,0.0,0.0,0.0,0.0,0.0,0.0,0.0,0.0,0.0,1.0,1.0,0.0,0.0,0.0,0.0,0.0,0.0,0.0,0.0,0.0,0.0,0.0,1.0,7.179277481234394,3.867443962030179,10.308532382015233,-1.691033889138228,-1.8832255525874741,-0.7366347457903012,0.05160104315276415,0.2058656631723561,0.22358859698155265
2004-06-15,Minato-ku,Classic Cars,Shipped,32.0,100.0,7680.64,Other,0.0,0.0,0.0,0.0,0.0,0.0,1.0,0.0,0.0,0.0,0.0,1.0,0.0,0.0,0.0,0.0,0.0,0.0,0.0,0.0,0.0,0.0,0.0,1.0,8.946588345011609,4.61512051684126,11.237179911736995,1.7564062672031715,0.7447315744112115,-0.2751098821684491,0.820553541786024,1.0,0.335382895472329
2004-06-15,Singapore,Classic Cars,Shipped,27.0,100.0,3657.69,Singapore,0.0,0.0,0.0,0.0,0.0,0.0,0.0,0.0,0.0,0.0,1.0,1.0,0.0,0.0,0.0,0.0,0.0,0.0,0.0,0.0,0.0,0.0,0.0,1.0,8.204860438828241,4.61512051684126,10.068010317854855,0.3095399454568989,0.7447315744112115,-0.8561708553548468,0.33490003103247395,1.0,0.19564002235885858
2004-06-15,Singapore,Classic Cars,Shipped,31.0,33.24,1030.44,Singapore,0.0,0.0,0.0,0.0,0.0,0.0,0.0,0.0,0.0,0.0,1.0,1.0,0.0,0.0,0.0,0.0,0.0,0.0,0.0,0.0,0.0,0.0,0.0,1.0,6.938711163102583,3.5333945512735414,11.009728365329204,-2.1602993717360595,-3.0573529531576735,-0.388150126800217,0.017736460486664427,0.003076187916256079,0.30743432084963496
2004-06-15,Singapore,Trucks and Buses,Shipped,35.050383351588174,86.68,3900.6,Singapore,0.0,0.0,0.0,0.0,0.0,0.0,0.0,0.0,0.0,0.0,1.0,0.0,0.0,0.0,0.0,0.0,1.0,0.0,0.0,0.0,0.0,0.0,0.0,1.0,8.269142004395842,4.473693823199706,11.913498472712774,0.43493206236869525,0.24764057281214227,0.06101100506720186,0.36422430657583016,0.8010930920168444,0.42063676220201485
2004-06-15,Singapore,Trucks and Buses,Shipped,34.0,99.41,3379.94,Singapore,0.0,0.0,0.0,0.0,0.0,0.0,0.0,0.0,0.0,0.0,1.0,0.0,0.0,0.0,0.0,0.0,1.0,0.0,0.0,0.0,0.0,0.0,0.0,1.0,8.125909056321493,4.609261803891345,11.683463549954297,0.15553185778481193,0.7241391854260321,-0.05331314156158311,0.30136984482290174,0.9911895588806259,0.39128004471771716
2004-06-15,Singapore,Classic Cars,Shipped,30.0,100.0,5697.9,Singapore,0.0,0.0,0.0,0.0,0.0,0.0,0.0,0.0,0.0,0.0,1.0,1.0,0.0,0.0,0.0,0.0,0.0,0.0,0.0,0.0,0.0,0.0,0.0,1.0,8.648028452742992,4.61512051684126,10.779232502977782,1.1740144634884737,0.7447315744112115,-0.5027033539745942,0.5811956969429377,1.0,0.2794857462269409
2004-06-15,Singapore,Classic Cars,Shipped,26.0,100.0,4033.38,Singapore,0.0,0.0,0.0,0.0,0.0,0.0,0.0,0.0,0.0,0.0,1.0,1.0,0.0,0.0,0.0,0.0,0.0,0.0,0.0,0.0,0.0,0.0,0.0,1.0,8.30260791338358,4.61512051684126,9.823805373555334,0.5002130046621266,0.7447315744112115,-0.9775373049564378,0.38025360675551334,1.0,0.1676914477361645
2004-06-15,Singapore,Trucks and Buses,Shipped,46.0,100.0,6541.2,Singapore,0.0,0.0,0.0,0.0,0.0,0.0,0.0,0.0,0.0,0.0,1.0,0.0,0.0,0.0,0.0,0.0,1.0,0.0,0.0,0.0,0.0,0.0,0.0,1.0,8.786028779321638,4.61512051684126,14.161377611660777,1.4432075506732904,0.7447315744112115,1.1781755694872693,0.6829994990330628,1.0,0.7266629401900462
2004-06-15,Singapore,Trucks and Buses,Shipped,30.0,49.22,1476.6,Singapore,0.0,0.0,0.0,0.0,0.0,0.0,0.0,0.0,0.0,0.0,1.0,0.0,0.0,0.0,0.0,0.0,1.0,0.0,0.0,0.0,0.0,0.0,0.0,1.0,7.29817442888503,3.916413353729439,10.779232502977782,-1.4591051887616677,-1.711106390775081,-0.5027033539745942,0.07159722692865447,0.24170474569184364,0.2794857462269409
2004-06-17,Montreal,Ships,Shipped,36.0,100.0,4512.6,Other,0.0,0.0,0.0,0.0,0.0,0.0,1.0,0.0,0.0,0.0,0.0,0.0,0.0,0.0,1.0,0.0,0.0,0.0,0.0,0.0,0.0,0.0,0.0,1.0,8.414850340247732,4.61512051684126,12.119023021201402,0.7191609314516867,0.7447315744112115,0.16315383770961095,0.4381054009421963,1.0,0.4471771939631053
2004-06-17,Montreal,Ships,Shipped,44.0,68.67,3021.48,Other,0.0,0.0,0.0,0.0,0.0,0.0,1.0,0.0,0.0,0.0,0.0,0.0,0.0,0.0,1.0,0.0,0.0,0.0,0.0,0.0,0.0,0.0,0.0,1.0,8.01383296542818,4.2437698090420275,13.768958087112637,-0.0630916024283994,-0.5605036010097731,0.9831485417366043,0.25809628749190894,0.5321506436101904,0.670765790944658
2004-06-17,Montreal,Vintage Cars,Shipped,20.0,89.53,1790.6,Other,0.0,0.0,0.0,0.0,0.0,0.0,1.0,0.0,0.0,0.0,0.0,0.0,0.0,0.0,0.0,0.0,0.0,1.0,0.0,0.0,0.0,0.0,0.0,1.0,7.490864354333145,4.505681287487349,8.268807419728406,-1.0832307456586,0.36007112076555187,-1.7503495890608907,0.10950354005126717,0.8436520025087357,0.0
2004-06-17,Montreal,Ships,Shipped,50.0,81.43,4071.5,Other,0.0,0.0,0.0,0.0,0.0,0.0,1.0,0.0,0.0,0.0,0.0,0.0,0.0,0.0,1.0,0.0,0.0,0.0,0.0,0.0,0.0,0.0,0.0,1.0,8.3120123404762,4.411949448325136,14.925497315272617,0.5185579377867875,0.030619497375714726,1.5579323994073224,0.38485548145689547,0.7226950990054655,0.8384572386808227
2004-06-17,Montreal,Ships,Shipped,34.0,62.0,2108.0,Other,0.0,0.0,0.0,0.0,0.0,0.0,1.0,0.0,0.0,0.0,0.0,0.0,0.0,0.0,1.0,0.0,0.0,0.0,0.0,0.0,0.0,0.0,0.0,1.0,7.653969180478774,4.143134726391533,11.683463549954297,-0.7650670660975797,-0.9142189622521669,-0.05331314156158311,0.14782030369813742,0.4325478601081145,0.39128004471771716
2004-06-17,Montreal,Classic Cars,Shipped,27.0,100.0,3378.24,Other,0.0,0.0,0.0,0.0,0.0,0.0,1.0,0.0,0.0,0.0,0.0,1.0,0.0,0.0,0.0,0.0,0.0,0.0,0.0,0.0,0.0,0.0,0.0,1.0,8.125406111123041,4.61512051684126,10.068010317854855,0.1545507777104912,0.7447315744112115,-0.8561708553548468,0.3011646195607729,1.0,0.19564002235885858
2004-06-17,Montreal,Ships,Shipped,29.0,50.78,1472.62,Other,0.0,0.0,0.0,0.0,0.0,0.0,1.0,0.0,0.0,0.0,0.0,0.0,0.0,0.0,1.0,0.0,0.0,0.0,0.0,0.0,0.0,0.0,0.0,1.0,7.295477237613067,3.947003974323392,10.54555133395328,-1.4643665186673902,-1.6035855130748249,-0.6188396341166861,0.07111675837378822,0.26500014932951055,0.2515371716042467
2004-06-17,Montreal,Ships,Shipped,25.0,88.15,2203.75,Other,0.0,0.0,0.0,0.0,0.0,0.0,1.0,0.0,0.0,0.0,0.0,0.0,0.0,0.0,1.0,0.0,0.0,0.0,0.0,0.0,0.0,0.0,0.0,1.0,7.69836940276829,4.49032034430915,9.57572149487329,-0.6784568876572021,0.30607999339528197,-1.1008315308182302,0.15937931478568573,0.8230445300600304,0.13974287311347044
2004-06-17,Montreal,Vintage Cars,Shipped,22.0,91.17,2005.74,Other,0.0,0.0,0.0,0.0,0.0,0.0,1.0,0.0,0.0,0.0,0.0,0.0,0.0,0.0,0.0,0.0,0.0,1.0,0.0,0.0,0.0,0.0,0.0,1.0,7.604266793817509,4.523634698005573,8.805943150564206,-0.8620200171340725,0.4231743340757804,-1.4834006262023,0.1354754005773783,0.8681420422303856,0.055897149245388134
2004-06-24,Madrid,Vintage Cars,Cancelled,49.0,37.97,1860.53,Madrid,1.0,0.0,0.0,0.0,0.0,0.0,0.0,0.0,0.0,0.0,0.0,0.0,0.0,0.0,0.0,0.0,0.0,1.0,1.0,0.0,0.0,0.0,0.0,0.0,7.529154009218365,3.662792119350618,14.736931873780104,-1.0085402673000627,-2.602542301337284,1.464218006289084,0.11794554156930637,0.07370904638174602,0.8105086640581285
2004-06-24,Madrid,Vintage Cars,Cancelled,40.0,79.11,3164.4,Madrid,1.0,0.0,0.0,0.0,0.0,0.0,0.0,0.0,0.0,0.0,0.0,0.0,0.0,0.0,0.0,0.0,0.0,1.0,1.0,0.0,0.0,0.0,0.0,0.0,8.060034708899183,4.383400690227026,12.961139346341028,0.027032749206319474,-0.06972457764994572,0.5816739001387327,0.2753496959998191,0.6880506525699608,0.5589714924538818
2004-06-24,Madrid,Planes,Cancelled,35.0,71.07,2487.45,Madrid,1.0,0.0,0.0,0.0,0.0,0.0,0.0,0.0,0.0,0.0,0.0,0.0,0.0,1.0,0.0,0.0,0.0,0.0,1.0,0.0,0.0,0.0,0.0,0.0,7.819415305671598,4.27763786893635,11.902530119204657,-0.4423362848914922,-0.4414630763280919,0.05555988642964223,0.1936277894127087,0.5679897261296776,0.41922861934041133
2004-06-24,Madrid,Vintage Cars,Cancelled,34.0,100.0,4103.46,Madrid,1.0,0.0,0.0,0.0,0.0,0.0,0.0,0.0,0.0,0.0,0.0,0.0,0.0,0.0,0.0,0.0,0.0,1.0,1.0,0.0,0.0,0.0,0.0,0.0,8.319829466339446,4.61512051684126,11.683463549954297,0.5338065701357861,0.7447315744112115,-0.05331314156158311,0.3887137163849168,1.0,0.39128004471771716
2004-06-24,Madrid,Planes,Cancelled,40.0,84.03,3361.2,Madrid,1.0,0.0,0.0,0.0,0.0,0.0,0.0,0.0,0.0,0.0,0.0,0.0,0.0,1.0,0.0,0.0,0.0,0.0,1.0,0.0,0.0,0.0,0.0,0.0,8.120350800598958,4.443004135397701,12.961139346341028,0.14468953549176108,0.1397714905657146,0.5816739001387327,0.2991075381097878,0.7615207717349102,0.5589714924538818
2004-06-24,Madrid,Vintage Cars,Cancelled,46.0,70.35,3236.1,Madrid,1.0,0.0,0.0,0.0,0.0,0.0,0.0,0.0,0.0,0.0,0.0,0.0,0.0,0.0,0.0,0.0,0.0,1.0,1.0,0.0,0.0,0.0,0.0,0.0,8.082433146251049,4.267597343922845,14.161377611660777,0.0707247073947534,-0.4767538301952041,1.1781755694872693,0.2840053732319571,0.5572380013738314,0.7266629401900462
2004-06-24,Madrid,Planes,Cancelled,27.0,76.0,2052.0,Madrid,1.0,0.0,0.0,0.0,0.0,0.0,0.0,0.0,0.0,0.0,0.0,0.0,0.0,1.0,0.0,0.0,0.0,0.0,1.0,0.0,0.0,0.0,0.0,0.0,7.627057417018934,4.343805421853684,10.068010317854855,-0.8175630338025064,-0.20889527525653404,-0.8561708553548468,0.14105994212213008,0.6416091748051249,0.19564002235885858
2004-06-24,Madrid,Planes,Cancelled,33.0,90.75,2994.75,Madrid,1.0,0.0,0.0,0.0,0.0,0.0,0.0,0.0,0.0,0.0,0.0,0.0,0.0,1.0,0.0,0.0,0.0,0.0,1.0,0.0,0.0,0.0,0.0,0.0,8.004949896562627,4.51906748693468,11.461717832632248,-0.08041953773753113,0.4071213566124264,-0.16351766875873364,0.2548694220467897,0.8618702027894751,0.3633314700950231
2004-06-24,Madrid,Vintage Cars,Cancelled,49.0,87.21,4273.29,Madrid,1.0,0.0,0.0,0.0,0.0,0.0,0.0,0.0,0.0,0.0,0.0,0.0,0.0,0.0,0.0,0.0,0.0,1.0,1.0,0.0,0.0,0.0,0.0,0.0,8.360373285706395,4.479720335270676,14.736931873780104,0.6128941793628019,0.26882274743824214,1.464218006289084,0.40921572007158336,0.809007556073231,0.8105086640581285
2004-06-24,Madrid,Planes,Cancelled,48.0,61.42,2948.16,Madrid,1.0,0.0,0.0,0.0,0.0,0.0,0.0,0.0,0.0,0.0,0.0,0.0,0.0,1.0,0.0,0.0,0.0,0.0,1.0,0.0,0.0,0.0,0.0,0.0,7.989275663023381,4.133885736842633,14.546755227281093,-0.11099479375535398,-0.9467276023133864,1.3697028667658944,0.2492450426570364,0.42388674849923846,0.7825600894354343
2004-06-24,Madrid,Planes,Cancelled,21.0,57.11,1199.31,Madrid,1.0,0.0,0.0,0.0,0.0,0.0,0.0,0.0,0.0,0.0,0.0,0.0,0.0,1.0,0.0,0.0,0.0,0.0,1.0,0.0,0.0,0.0,0.0,0.0,7.090335135747115,4.062337766087015,8.539972716394377,-1.8645310478535302,-1.198206665632459,-1.6155842205467048,0.03812257226059945,0.3595257294746588,0.027948574622694067
2004-06-24,Madrid,Planes,Cancelled,24.0,67.14,1611.36,Madrid,1.0,0.0,0.0,0.0,0.0,0.0,0.0,0.0,0.0,0.0,0.0,0.0,0.0,1.0,0.0,0.0,0.0,0.0,1.0,0.0,0.0,0.0,0.0,0.0,7.3854542231952784,4.22156441223282,9.323544176118064,-1.2888511186320464,-0.6385518297887738,-1.226160139275199,0.08786555417834646,0.5093032285040169,0.11179429849077627
2004-06-24,Madrid,Planes,Cancelled,34.0,97.38,3310.92,Madrid,1.0,0.0,0.0,0.0,0.0,0.0,0.0,0.0,0.0,0.0,0.0,0.0,0.0,1.0,0.0,0.0,0.0,0.0,1.0,0.0,0.0,0.0,0.0,0.0,8.105283360624052,4.588837531367194,11.683463549954297,0.11529793343272222,0.6523513084380098,-0.05331314156158311,0.2930376991804727,0.9608756682495594,0.39128004471771716
2004-06-24,Madrid,Planes,Cancelled,49.0,100.0,6567.96,Madrid,1.0,0.0,0.0,0.0,0.0,0.0,0.0,0.0,0.0,0.0,0.0,0.0,0.0,1.0,0.0,0.0,0.0,0.0,1.0,0.0,0.0,0.0,0.0,0.0,8.790110803667053,4.61512051684126,14.736931873780104,1.4511702328114344,0.7447315744112115,1.464218006289084,0.6862299861004549,1.0,0.8105086640581285
2004-06-24,Madrid,Ships,Cancelled,44.0,94.14,4142.16,Madrid,1.0,0.0,0.0,0.0,0.0,0.0,0.0,0.0,0.0,0.0,0.0,0.0,0.0,0.0,1.0,0.0,0.0,0.0,1.0,0.0,0.0,0.0,0.0,0.0,8.329214060689647,4.555349491004136,13.768958087112637,0.5521128161262134,0.5346464883857687,0.9831485417366043,0.39338560911690756,0.9124929068482512,0.670765790944658
2004-06-24,Madrid,Ships,Cancelled,35.050383351588174,84.3,2697.6,Madrid,1.0,0.0,0.0,0.0,0.0,0.0,0.0,0.0,0.0,0.0,0.0,0.0,0.0,0.0,1.0,0.0,0.0,0.0,1.0,0.0,0.0,0.0,0.0,0.0,7.9004883989966865,4.446174454497633,11.913498472712774,-0.28418943972902266,0.15091462808944223,0.06101100506720186,0.21899725343410065,0.7655526685183525,0.42063676220201485
2004-06-28,Bridgewater,Planes,Shipped,47.0,100.0,5465.16,Other,0.0,0.0,0.0,0.0,0.0,0.0,1.0,0.0,0.0,0.0,0.0,0.0,0.0,1.0,0.0,0.0,0.0,0.0,0.0,0.0,0.0,0.0,0.0,1.0,8.606331637922024,4.61512051684126,14.35492029635209,1.0926777407015666,0.7447315744112115,1.2743635830212399,0.5530991513500815,1.0,0.7546115148127404
2004-06-28,Bridgewater,Motorcycles,Shipped,37.0,62.46,2311.02,Other,0.0,0.0,0.0,0.0,0.0,0.0,1.0,0.0,0.0,0.0,0.0,0.0,1.0,0.0,0.0,0.0,0.0,0.0,0.0,0.0,0.0,0.0,0.0,1.0,7.745876880273884,4.150409786155049,12.33304085962557,-0.5857854799065422,-0.8886483528330901,0.26951771693185156,0.1723290288260127,0.43941701759101637,0.47512576858579947
2004-06-28,Bridgewater,Motorcycles,Shipped,34.0,100.0,3676.76,Other,0.0,0.0,0.0,0.0,0.0,0.0,1.0,0.0,0.0,0.0,0.0,0.0,1.0,0.0,0.0,0.0,0.0,0.0,0.0,0.0,0.0,0.0,0.0,1.0,8.210059150180394,4.61512051684126,11.683463549954297,0.31968091535867,0.7447315744112115,-0.05331314156158311,0.33720217559058935,1.0,0.39128004471771716
2004-06-28,Bridgewater,Planes,Shipped,33.0,86.17,2843.61,Other,0.0,0.0,0.0,0.0,0.0,0.0,1.0,0.0,0.0,0.0,0.0,0.0,0.0,1.0,0.0,0.0,0.0,0.0,0.0,0.0,0.0,0.0,0.0,1.0,7.953181254562699,4.467860235023485,11.461717832632248,-0.18140307092782507,0.2271364931736577,-0.16351766875873364,0.23662368903611558,0.7934772869814533,0.3633314700950231
2004-06-28,Bridgewater,Motorcycles,Shipped,42.0,100.0,4307.52,Other,0.0,0.0,0.0,0.0,0.0,0.0,1.0,0.0,0.0,0.0,0.0,0.0,1.0,0.0,0.0,0.0,0.0,0.0,0.0,0.0,0.0,0.0,0.0,1.0,8.368349736655817,4.61512051684126,13.369046010543581,0.6284536023662665,0.7447315744112115,0.7843978201850537,0.41334799108491793,1.0,0.6148686416992699
2004-06-28,Bridgewater,Planes,Shipped,24.0,75.35,1808.4,Other,0.0,0.0,0.0,0.0,0.0,0.0,1.0,0.0,0.0,0.0,0.0,0.0,0.0,1.0,0.0,0.0,0.0,0.0,0.0,0.0,0.0,0.0,0.0,1.0,7.500750577591641,4.335328031664641,9.323544176118064,-1.0639459872414798,-0.23869187356136284,-1.226160139275199,0.1116523692664981,0.6319027566227637,0.11179429849077627
2004-06-28,Bridgewater,Motorcycles,Shipped,31.0,79.91,2477.21,Other,0.0,0.0,0.0,0.0,0.0,0.0,1.0,0.0,0.0,0.0,0.0,0.0,1.0,0.0,0.0,0.0,0.0,0.0,0.0,0.0,0.0,0.0,0.0,1.0,7.81529180436108,4.393337425819748,11.009728365329204,-0.4503798748981884,-0.03479862611118886,-0.388150126800217,0.19239160901023883,0.6999970134097899,0.30743432084963496
2004-06-28,Bridgewater,Motorcycles,Shipped,41.0,100.0,8336.94,Other,0.0,0.0,0.0,0.0,0.0,0.0,1.0,0.0,0.0,0.0,0.0,0.0,1.0,0.0,0.0,0.0,0.0,0.0,0.0,0.0,0.0,0.0,0.0,1.0,9.028571462444594,4.61512051684126,13.166125611826143,1.9163282690271553,0.7447315744112115,0.6835492136397722,0.8997825650419817,1.0,0.5869200670765757
2004-06-28,Bridgewater,Motorcycles,Shipped,34.0,58.75,1997.5,Other,0.0,0.0,0.0,0.0,0.0,0.0,1.0,0.0,0.0,0.0,0.0,0.0,1.0,0.0,0.0,0.0,0.0,0.0,0.0,0.0,0.0,0.0,0.0,1.0,7.600152178151379,4.09016919081162,11.683463549954297,-0.8700462741814666,-1.100383896563506,-0.05331314156158311,0.1344806616597658,0.38401576919630853,0.39128004471771716
2004-06-28,Bridgewater,Motorcycles,Shipped,40.0,100.0,4472.0,Other,0.0,0.0,0.0,0.0,0.0,0.0,1.0,0.0,0.0,0.0,0.0,0.0,1.0,0.0,0.0,0.0,0.0,0.0,0.0,0.0,0.0,0.0,0.0,1.0,8.405814603432848,4.61512051684126,12.961139346341028,0.7015351913647468,0.7447315744112115,0.5816739001387327,0.43320413879959097,1.0,0.5589714924538818
2004-06-28,Bridgewater,Motorcycles,Shipped,48.0,100.0,6434.4,Other,0.0,0.0,0.0,0.0,0.0,0.0,1.0,0.0,0.0,0.0,0.0,0.0,1.0,0.0,0.0,0.0,0.0,0.0,0.0,0.0,0.0,0.0,0.0,1.0,8.76956927816053,4.61512051684126,14.546755227281093,1.4111004967196483,0.7447315744112115,1.3697028667658944,0.6701065237416773,1.0,0.7825600894354343
2004-06-30,Boston,Classic Cars,Shipped,47.0,83.27,3913.69,Other,0.0,0.0,0.0,0.0,0.0,0.0,1.0,0.0,0.0,0.0,0.0,1.0,0.0,0.0,0.0,0.0,0.0,0.0,0.0,0.0,0.0,0.0,0.0,1.0,8.272491422658886,4.434025929784262,14.35492029635209,0.44146567185249685,0.10821461041790982,1.2743635830212399,0.3658045410942219,0.7501717289370724,0.7546115148127404
2004-06-30,Boston,Motorcycles,Shipped,20.0,33.034,883.5186,Other,0.0,0.0,0.0,0.0,0.0,0.0,1.0,0.0,0.0,0.0,0.0,0.0,1.0,0.0,0.0,0.0,0.0,0.0,0.0,0.0,0.0,0.0,0.0,1.0,6.785043542208585,3.5273600249492447,8.268807419728406,-2.4600541788033214,-3.0785632965340333,-1.7503495890608907,0.0,0.0,0.0
2004-06-30,Boston,Motorcycles,Shipped,48.0,54.71,2626.08,Other,0.0,0.0,0.0,0.0,0.0,0.0,1.0,0.0,0.0,0.0,0.0,0.0,1.0,0.0,0.0,0.0,0.0,0.0,0.0,0.0,0.0,0.0,0.0,1.0,7.8736282422100565,4.020159664032724,14.546755227281093,-0.33658473984840626,-1.346455588490361,1.3697028667658944,0.21036330593559982,0.32368664695517135,0.7825600894354343
2004-06-30,Boston,Motorcycles,Shipped,47.0,89.5,4206.5,Other,0.0,0.0,0.0,0.0,0.0,0.0,1.0,0.0,0.0,0.0,0.0,0.0,1.0,0.0,0.0,0.0,0.0,0.0,0.0,0.0,0.0,0.0,0.0,1.0,8.344623926064962,4.505349850705881,14.35492029635209,0.5821723771165945,0.3589061763167744,1.2743635830212399,0.4011527816847703,0.8432040139772421,0.7546115148127404
2004-06-30,Boston,Classic Cars,Shipped,20.0,100.0,2410.6,Other,0.0,0.0,0.0,0.0,0.0,0.0,1.0,0.0,0.0,0.0,0.0,1.0,0.0,0.0,0.0,0.0,0.0,0.0,0.0,0.0,0.0,0.0,0.0,1.0,7.78804570661525,4.61512051684126,8.268807419728406,-0.5035280184408729,0.7447315744112115,-1.7503495890608907,0.1843504003570629,1.0,0.0
2004-06-30,Boston,Motorcycles,Shipped,37.0,65.1,2408.7,Other,0.0,0.0,0.0,0.0,0.0,0.0,1.0,0.0,0.0,0.0,0.0,0.0,1.0,0.0,0.0,0.0,0.0,0.0,0.0,0.0,0.0,0.0,0.0,1.0,7.787257537408456,4.191168746857641,12.33304085962557,-0.5050654764111631,-0.7453874727396926,0.26951771693185156,0.18412103094644838,0.47884000836245255,0.47512576858579947
2004-06-30,Boston,Motorcycles,Shipped,34.0,97.97,3330.98,Other,0.0,0.0,0.0,0.0,0.0,0.0,1.0,0.0,0.0,0.0,0.0,0.0,1.0,0.0,0.0,0.0,0.0,0.0,0.0,0.0,0.0,0.0,0.0,1.0,8.111322000867759,4.5948167739086,11.683463549954297,0.1270773273653561,0.673367338631324,-0.05331314156158311,0.29545935727359246,0.9696861093689335,0.39128004471771716
2004-07-02,Glen Waverly,Classic Cars,Shipped,49.0,100.0,8427.02,Other,0.0,0.0,0.0,0.0,0.0,0.0,1.0,0.0,0.0,0.0,0.0,1.0,0.0,0.0,0.0,0.0,0.0,0.0,0.0,0.0,0.0,0.0,0.0,1.0,9.039317147963505,4.61512051684126,14.736931873780104,1.9372895546303766,0.7447315744112115,1.464218006289084,0.9106570895199593,1.0,0.8105086640581285
2004-07-02,Glen Waverly,Classic Cars,Shipped,45.0,86.84,3907.8,Other,0.0,0.0,0.0,0.0,0.0,0.0,1.0,0.0,0.0,0.0,0.0,1.0,0.0,0.0,0.0,0.0,0.0,0.0,0.0,0.0,0.0,0.0,0.0,1.0,8.270985700503475,4.47551697776122,13.966075138951927,0.43852850492320966,0.25404865394391335,1.0811129658652374,0.36509349592131685,0.8034823641848103,0.6987143655673522
2004-07-06,Reggio Emilia,Classic Cars,Shipped,28.0,48.3,1352.4,Other,0.0,0.0,0.0,0.0,0.0,0.0,1.0,0.0,0.0,0.0,0.0,1.0,0.0,0.0,0.0,0.0,0.0,0.0,0.0,0.0,0.0,0.0,0.0,1.0,7.210375223798125,3.8979240810486444,10.308532382015233,-1.63037245787387,-1.7760930693085457,-0.7366347457903012,0.0566037107190096,0.22796643072604006,0.22358859698155265
2004-07-06,Reggio Emilia,Classic Cars,Shipped,44.0,100.0,9160.36,Other,0.0,0.0,0.0,0.0,0.0,0.0,1.0,0.0,0.0,0.0,0.0,1.0,0.0,0.0,0.0,0.0,0.0,0.0,0.0,0.0,0.0,0.0,0.0,1.0,9.122749918263077,4.61512051684126,13.768958087112637,2.1000393507080237,0.7447315744112115,0.9831485417366043,0.9991864387726241,1.0,0.670765790944658
2004-07-06,Reggio Emilia,Classic Cars,Shipped,20.0,100.0,2824.8,Other,0.0,0.0,0.0,0.0,0.0,0.0,1.0,0.0,0.0,0.0,0.0,1.0,0.0,0.0,0.0,0.0,0.0,0.0,0.0,0.0,0.0,0.0,0.0,1.0,7.946546789331707,4.61512051684126,8.268807419728406,-0.19434472274582365,0.7447315744112115,-1.7503495890608907,0.23435293187103168,1.0,0.0
2004-07-06,Reggio Emilia,Classic Cars,Shipped,33.0,100.0,5035.14,Other,0.0,0.0,0.0,0.0,0.0,0.0,1.0,0.0,0.0,0.0,0.0,1.0,0.0,0.0,0.0,0.0,0.0,0.0,0.0,0.0,0.0,0.0,0.0,1.0,8.524395194618974,4.61512051684126,11.461717832632248,0.9328467846992882,0.7447315744112115,-0.16351766875873364,0.5011868176908907,1.0,0.3633314700950231
2004-07-06,Reggio Emilia,Classic Cars,Shipped,24.0,100.0,2932.08,Other,0.0,0.0,0.0,0.0,0.0,0.0,1.0,0.0,0.0,0.0,0.0,1.0,0.0,0.0,0.0,0.0,0.0,0.0,0.0,0.0,0.0,0.0,0.0,1.0,7.983808344432271,4.61512051684126,9.323544176118064,-0.12165972772074685,0.7447315744112115,-1.226160139275199,0.2473038531187829,1.0,0.11179429849077627
2004-07-06,Reggio Emilia,Classic Cars,Shipped,47.0,62.45,2935.15,Other,0.0,0.0,0.0,0.0,0.0,0.0,1.0,0.0,0.0,0.0,0.0,1.0,0.0,0.0,0.0,0.0,0.0,0.0,0.0,0.0,0.0,0.0,0.0,1.0,7.984854478347617,4.150252194160397,14.35492029635209,-0.11961906575086198,-0.889202262144328,1.2743635830212399,0.24767446579803903,0.4392676880805185,0.7546115148127404
2004-07-06,Reggio Emilia,Classic Cars,Shipped,21.0,100.0,2526.51,Other,0.0,0.0,0.0,0.0,0.0,0.0,1.0,0.0,0.0,0.0,0.0,1.0,0.0,0.0,0.0,0.0,0.0,0.0,0.0,0.0,0.0,0.0,0.0,1.0,7.834989907365534,4.61512051684126,8.539972716394377,-0.411955377718238,0.7447315744112115,-1.6155842205467048,0.19834314161197392,1.0,0.027948574622694067
2004-07-06,Reggio Emilia,Classic Cars,Shipped,49.0,100.0,6203.4,Other,0.0,0.0,0.0,0.0,0.0,0.0,1.0,0.0,0.0,0.0,0.0,1.0,0.0,0.0,0.0,0.0,0.0,0.0,0.0,0.0,0.0,0.0,0.0,1.0,8.733013996750596,4.61512051684126,14.736931873780104,1.3397932085441986,0.7447315744112115,1.464218006289084,0.6422200322406469,1.0,0.8105086640581285
2004-07-06,Reggio Emilia,Classic Cars,Shipped,36.0,100.0,5196.6,Other,0.0,0.0,0.0,0.0,0.0,0.0,1.0,0.0,0.0,0.0,0.0,1.0,0.0,0.0,0.0,0.0,0.0,0.0,0.0,0.0,0.0,0.0,0.0,1.0,8.555952259566322,4.61512051684126,12.119023021201402,0.99440420232487,0.7447315744112115,0.16315383770961095,0.5206783887634291,1.0,0.4471771939631053
2004-07-06,Reggio Emilia,Classic Cars,Shipped,33.0,74.69,2464.77,Other,0.0,0.0,0.0,0.0,0.0,0.0,1.0,0.0,0.0,0.0,0.0,1.0,0.0,0.0,0.0,0.0,0.0,0.0,0.0,0.0,0.0,0.0,0.0,1.0,7.810259410923584,4.326646051321076,11.461717832632248,-0.4601964134452627,-0.26920757179146276,-0.16351766875873364,0.19088984297442574,0.6220470089299046,0.3633314700950231
2004-07-06,Reggio Emilia,Classic Cars,Shipped,34.0,40.4,1373.6,Other,0.0,0.0,0.0,0.0,0.0,0.0,1.0,0.0,0.0,0.0,0.0,1.0,0.0,0.0,0.0,0.0,0.0,0.0,0.0,0.0,0.0,0.0,0.0,1.0,7.225918058687505,3.7232808808312687,11.683463549954297,-1.6000535172509902,-2.389934495443778,-0.05331314156158311,0.05916299045849807,0.10999611743272708,0.39128004471771716
2004-07-06,Reggio Emilia,Classic Cars,Shipped,22.0,100.0,2454.54,Other,0.0,0.0,0.0,0.0,0.0,0.0,1.0,0.0,0.0,0.0,0.0,1.0,0.0,0.0,0.0,0.0,0.0,0.0,0.0,0.0,0.0,0.0,0.0,1.0,7.80610197530793,4.61512051684126,8.805943150564206,-0.4683061980805345,0.7447315744112115,-1.4834006262023,0.18965486977938012,1.0,0.055897149245388134
2004-07-06,Reggio Emilia,Classic Cars,Shipped,40.0,100.0,4468.4,Other,0.0,0.0,0.0,0.0,0.0,0.0,1.0,0.0,0.0,0.0,0.0,1.0,0.0,0.0,0.0,0.0,0.0,0.0,0.0,0.0,0.0,0.0,0.0,1.0,8.405009450410285,4.61512051684126,12.961139346341028,0.6999646035757646,0.7447315744112115,0.5816739001387327,0.43276954412684754,1.0,0.5589714924538818
2004-07-06,Reggio Emilia,Classic Cars,Shipped,35.0,76.61,2681.35,Other,0.0,0.0,0.0,0.0,0.0,0.0,1.0,0.0,0.0,0.0,0.0,1.0,0.0,0.0,0.0,0.0,0.0,0.0,0.0,0.0,0.0,0.0,0.0,1.0,7.894448554954432,4.351696284866048,11.902530119204657,-0.2959711818752823,-0.18116022116385794,0.05555988642964223,0.2170355413696342,0.6507182749454947,0.41922861934041133
2004-07-06,Reggio Emilia,Classic Cars,Shipped,29.0,100.0,4812.55,Other,0.0,0.0,0.0,0.0,0.0,0.0,1.0,0.0,0.0,0.0,0.0,1.0,0.0,0.0,0.0,0.0,0.0,0.0,0.0,0.0,0.0,0.0,0.0,1.0,8.47919013661603,4.61512051684126,10.54555133395328,0.8446666374353169,0.7447315744112115,-0.6188396341166861,0.47431558763368575,1.0,0.2515371716042467
2004-07-07,NYC,Classic Cars,Shipped,36.0,75.55,2719.8,NYC,0.0,0.0,0.0,1.0,0.0,0.0,0.0,0.0,0.0,0.0,0.0,1.0,0.0,0.0,0.0,0.0,0.0,0.0,0.0,0.0,0.0,0.0,0.0,1.0,7.9086812336929855,4.337944122103693,12.119023021201402,-0.26820792345750355,-0.22949675640817654,0.16315383770961095,0.2216772539160179,0.634889346832721,0.4471771939631053
2004-07-07,NYC,Classic Cars,Shipped,35.050383351588174,96.74,4256.56,NYC,0.0,0.0,0.0,1.0,0.0,0.0,0.0,0.0,0.0,0.0,0.0,1.0,0.0,0.0,0.0,0.0,0.0,0.0,0.0,0.0,0.0,0.0,0.0,1.0,8.356451505214993,4.582310891842009,11.913498472712774,0.6052440800919145,0.6294112700682168,0.06101100506720186,0.4071960620507512,0.9513185795776959,0.42063676220201485
2004-07-07,NYC,Classic Cars,Shipped,43.0,100.0,5110.98,NYC,0.0,0.0,0.0,1.0,0.0,0.0,0.0,0.0,0.0,0.0,0.0,1.0,0.0,0.0,0.0,0.0,0.0,0.0,0.0,0.0,0.0,0.0,0.0,1.0,8.53934208368665,4.61512051684126,13.569968697266269,0.962003231728736,0.7447315744112115,0.8842535917456676,0.5103422787966835,1.0,0.6428172163219641
2004-07-07,NYC,Classic Cars,Shipped,43.0,100.0,4645.72,NYC,0.0,0.0,0.0,1.0,0.0,0.0,0.0,0.0,0.0,0.0,0.0,1.0,0.0,0.0,0.0,0.0,0.0,0.0,0.0,0.0,0.0,0.0,0.0,1.0,8.443916873342372,4.61512051684126,13.569968697266269,0.7758601434861362,0.7447315744112115,0.8842535917456676,0.45417574617430523,1.0,0.6428172163219641
2004-07-07,NYC,Classic Cars,Shipped,40.0,80.1,3204.0,NYC,0.0,0.0,0.0,1.0,0.0,0.0,0.0,0.0,0.0,0.0,0.0,1.0,0.0,0.0,0.0,0.0,0.0,0.0,0.0,0.0,0.0,0.0,0.0,1.0,8.07246736935477,4.395682961121367,12.961139346341028,0.05128476608870609,-0.02655446468489627,0.5816739001387327,0.28013023739999576,0.7028342741092495,0.5589714924538818
2004-07-07,NYC,Classic Cars,Shipped,38.0,87.24,3315.12,NYC,0.0,0.0,0.0,1.0,0.0,0.0,0.0,0.0,0.0,0.0,0.0,1.0,0.0,0.0,0.0,0.0,0.0,0.0,0.0,0.0,0.0,0.0,0.0,1.0,8.106550703778938,4.480060374945247,12.544675977743431,0.11777010161409193,0.27001792960692556,0.3746974174111126,0.2935447262986732,0.8094555446047247,0.5030743432084936
2004-07-16,Salzburg,Vintage Cars,Shipped,32.0,63.08,2018.56,Other,0.0,0.0,0.0,0.0,0.0,0.0,1.0,0.0,0.0,0.0,0.0,0.0,0.0,0.0,0.0,0.0,0.0,1.0,0.0,0.0,0.0,0.0,0.0,1.0,7.6106349448864625,4.160132302760104,11.237179911736995,-0.8495978563435033,-0.8544753449459127,-0.2751098821684491,0.13702304049531427,0.4486754472418839,0.335382895472329
2004-07-16,Salzburg,Vintage Cars,Shipped,48.0,97.39,4674.72,Other,0.0,0.0,0.0,0.0,0.0,0.0,1.0,0.0,0.0,0.0,0.0,0.0,0.0,0.0,0.0,0.0,0.0,1.0,0.0,0.0,0.0,0.0,0.0,1.0,8.450138440559545,4.588939172877674,14.546755227281093,0.7879963675650273,0.652708561223518,1.3697028667658944,0.4576766477047376,0.9610249977600573,0.7825600894354343
2004-07-19,Chatswood,Vintage Cars,Shipped,44.0,58.36,2567.84,Other,0.0,0.0,0.0,0.0,0.0,0.0,1.0,0.0,0.0,0.0,0.0,0.0,0.0,0.0,0.0,0.0,0.0,1.0,0.0,0.0,0.0,0.0,0.0,1.0,7.8512097141271315,4.083620598859125,13.768958087112637,-0.38031588842175973,-1.1234010940169088,0.9831485417366043,0.2033325298965522,0.3781919182868918,0.670765790944658
2004-07-19,Chatswood,Trucks and Buses,Shipped,28.0,100.0,4094.72,Other,0.0,0.0,0.0,0.0,0.0,0.0,1.0,0.0,0.0,0.0,0.0,0.0,0.0,0.0,0.0,0.0,1.0,0.0,0.0,0.0,0.0,0.0,0.0,1.0,8.317697805007736,4.61512051684126,10.308532382015233,0.5296484024782016,0.7447315744112115,-0.7366347457903012,0.3876586170960899,1.0,0.22358859698155265
2004-07-19,Chatswood,Vintage Cars,Shipped,38.0,100.0,4775.08,Other,0.0,0.0,0.0,0.0,0.0,0.0,1.0,0.0,0.0,0.0,0.0,0.0,0.0,0.0,0.0,0.0,0.0,1.0,0.0,0.0,0.0,0.0,0.0,1.0,8.471375405350912,4.61512051684126,12.544675977743431,0.8294226761568787,0.7447315744112115,0.3746974174111126,0.4697921814148822,1.0,0.5030743432084936
2004-07-19,Chatswood,Classic Cars,Shipped,31.0,96.24,2983.44,Other,0.0,0.0,0.0,0.0,0.0,0.0,1.0,0.0,0.0,0.0,0.0,1.0,0.0,0.0,0.0,0.0,0.0,0.0,0.0,0.0,0.0,0.0,0.0,1.0,8.001167403536623,4.577182149447922,11.009728365329204,-0.0877979331382448,0.6113846046065909,-0.388150126800217,0.25350407044992107,0.9438521040528027,0.30743432084963496
2004-07-19,Chatswood,Trucks and Buses,Shipped,21.0,63.35,1330.35,Other,0.0,0.0,0.0,0.0,0.0,0.0,1.0,0.0,0.0,0.0,0.0,0.0,0.0,0.0,0.0,0.0,1.0,0.0,0.0,0.0,0.0,0.0,0.0,1.0,7.193948744007459,4.164336934042136,8.539972716394377,-1.662415098033191,-0.8396967743555742,-1.6155842205467048,0.05394181834845668,0.4527073440253263,0.027948574622694067
2004-07-19,Chatswood,Trucks and Buses,Shipped,32.0,85.72,2743.04,Other,0.0,0.0,0.0,0.0,0.0,0.0,1.0,0.0,0.0,0.0,0.0,0.0,0.0,0.0,0.0,0.0,1.0,0.0,0.0,0.0,0.0,0.0,0.0,1.0,7.917186565999004,4.462684537691336,11.237179911736995,-0.2516168274959654,0.2089447890153731,-0.2751098821684491,0.22448280397006087,0.7867574590090494,0.335382895472329
2004-07-19,Chatswood,Trucks and Buses,Shipped,43.0,96.84,4164.12,Other,0.0,0.0,0.0,0.0,0.0,0.0,1.0,0.0,0.0,0.0,0.0,0.0,0.0,0.0,0.0,0.0,1.0,0.0,0.0,0.0,0.0,0.0,0.0,1.0,8.33450036571051,4.583333491378917,13.569968697266269,0.5624246523634661,0.6330055351602417,0.8842535917456676,0.3960366366206419,0.9528118746826748,0.6428172163219641
2004-07-19,Chatswood,Classic Cars,Shipped,21.0,100.0,4905.39,Other,0.0,0.0,0.0,0.0,0.0,0.0,1.0,0.0,0.0,0.0,0.0,1.0,0.0,0.0,0.0,0.0,0.0,0.0,0.0,0.0,0.0,0.0,0.0,1.0,8.49829371615545,4.61512051684126,8.539972716394377,0.8819314155702187,0.7447315744112115,-1.6155842205467048,0.4855233013607665,1.0,0.027948574622694067
2004-07-19,Chatswood,Trucks and Buses,Shipped,38.0,100.0,5383.08,Other,0.0,0.0,0.0,0.0,0.0,0.0,1.0,0.0,0.0,0.0,0.0,0.0,0.0,0.0,0.0,0.0,1.0,0.0,0.0,0.0,0.0,0.0,0.0,1.0,8.591201730055182,4.61512051684126,12.544675977743431,1.063164284404232,0.7447315744112115,0.3746974174111126,0.5431903928115335,1.0,0.5030743432084936
2004-07-19,Chatswood,Classic Cars,Shipped,46.0,88.0,4048.0,Other,0.0,0.0,0.0,0.0,0.0,0.0,1.0,0.0,0.0,0.0,0.0,1.0,0.0,0.0,0.0,0.0,0.0,0.0,0.0,0.0,0.0,0.0,0.0,1.0,8.30622521603216,4.48863636973214,14.161377611660777,0.5072691681611178,0.3001611064610027,1.1781755694872693,0.38201854400982094,0.8208045874025625,0.7266629401900462
2004-07-19,Chatswood,Classic Cars,Shipped,32.0,100.0,4302.08,Other,0.0,0.0,0.0,0.0,0.0,0.0,1.0,0.0,0.0,0.0,0.0,1.0,0.0,0.0,0.0,0.0,0.0,0.0,0.0,0.0,0.0,0.0,0.0,1.0,8.367086324346,4.61512051684126,11.237179911736995,0.6259891019661648,0.7447315744112115,-0.2751098821684491,0.41269127024610575,1.0,0.335382895472329
2004-07-20,Allentown,Trains,Shipped,43.0,56.82,2443.26,Other,0.0,0.0,0.0,0.0,0.0,0.0,1.0,0.0,0.0,0.0,0.0,0.0,0.0,0.0,0.0,1.0,0.0,0.0,0.0,0.0,0.0,0.0,0.0,1.0,7.801497697611942,4.0573347365882,13.569968697266269,-0.4772876241247183,-1.2157914714464062,0.8842535917456676,0.1882931398047844,0.3551951736702207,0.6428172163219641
2004-07-20,Allentown,Classic Cars,Shipped,25.0,100.0,3734.0,Other,0.0,0.0,0.0,0.0,0.0,0.0,1.0,0.0,0.0,0.0,0.0,1.0,0.0,0.0,0.0,0.0,0.0,0.0,0.0,0.0,0.0,0.0,0.0,1.0,8.225503097566918,4.61512051684126,9.57572149487329,0.34980695910342174,0.7447315744112115,-1.1008315308182302,0.34411223088720827,1.0,0.13974287311347044
2004-07-20,Allentown,Classic Cars,Shipped,27.0,100.0,4283.01,Other,0.0,0.0,0.0,0.0,0.0,0.0,1.0,0.0,0.0,0.0,0.0,1.0,0.0,0.0,0.0,0.0,0.0,0.0,0.0,0.0,0.0,0.0,0.0,1.0,8.362644765831956,4.61512051684126,10.068010317854855,0.617325087336996,0.7447315744112115,-0.8561708553548468,0.41038912568799046,1.0,0.19564002235885858
2004-07-20,San Rafael,Trucks and Buses,Shipped,50.0,100.0,5093.5,San Rafael,0.0,0.0,0.0,0.0,0.0,0.0,0.0,0.0,0.0,1.0,0.0,0.0,0.0,0.0,0.0,0.0,1.0,0.0,0.0,0.0,0.0,0.0,0.0,1.0,8.53591680541434,4.61512051684126,14.925497315272617,0.9553216444060804,0.7447315744112115,1.5579323994073224,0.5082320802190298,1.0,0.8384572386808227
2004-07-20,San Rafael,Trucks and Buses,Shipped,43.0,100.0,5605.05,San Rafael,0.0,0.0,0.0,0.0,0.0,0.0,0.0,0.0,0.0,1.0,0.0,0.0,0.0,0.0,0.0,0.0,1.0,0.0,0.0,0.0,0.0,0.0,0.0,1.0,8.6316016507003,4.61512051684126,13.569968697266269,1.1419711947218179,0.7447315744112115,0.8842535917456676,0.5699867760084327,1.0,0.6428172163219641
2004-07-20,San Rafael,Classic Cars,Shipped,20.0,100.0,3928.6,San Rafael,0.0,0.0,0.0,0.0,0.0,0.0,0.0,0.0,0.0,1.0,0.0,1.0,0.0,0.0,0.0,0.0,0.0,0.0,0.0,0.0,0.0,0.0,0.0,1.0,8.276292918512768,4.61512051684126,8.268807419728406,0.44888113549811,0.7447315744112115,-1.7503495890608907,0.36760448736383383,1.0,0.0
2004-07-20,Allentown,Trains,Shipped,45.0,64.63,2908.35,Other,0.0,0.0,0.0,0.0,0.0,0.0,1.0,0.0,0.0,0.0,0.0,0.0,0.0,0.0,0.0,1.0,0.0,0.0,0.0,0.0,0.0,0.0,0.0,1.0,7.975684967517664,4.184032908485631,13.966075138951927,-0.13750575478621588,-0.7704687424226406,1.0811129658652374,0.24443914990094973,0.47182152136905287,0.6987143655673522
2004-07-20,San Rafael,Classic Cars,Shipped,45.0,64.74,2913.3,San Rafael,0.0,0.0,0.0,0.0,0.0,0.0,0.0,0.0,0.0,1.0,0.0,1.0,0.0,0.0,0.0,0.0,0.0,0.0,0.0,0.0,0.0,0.0,0.0,1.0,7.977384932725764,4.185707568236073,13.966075138951927,-0.13418968377522228,-0.7645825955344524,1.0811129658652374,0.24503671757597184,0.47346414598452935,0.6987143655673522
2004-07-20,San Rafael,Classic Cars,Shipped,22.0,100.0,3070.54,San Rafael,0.0,0.0,0.0,0.0,0.0,0.0,0.0,0.0,0.0,1.0,0.0,1.0,0.0,0.0,0.0,0.0,0.0,0.0,0.0,0.0,0.0,0.0,0.0,1.0,8.029934343472139,4.61512051684126,8.805943150564206,-0.031683128470095634,0.7447315744112115,-1.4834006262023,0.2640188471154611,1.0,0.055897149245388134
2004-07-20,San Rafael,Trucks and Buses,Shipped,35.050383351588174,69.28,1732.0,San Rafael,0.0,0.0,0.0,0.0,0.0,0.0,0.0,0.0,0.0,1.0,0.0,0.0,0.0,0.0,0.0,0.0,1.0,0.0,0.0,0.0,0.0,0.0,0.0,1.0,7.457609289715606,4.252487263318897,11.913498472712774,-1.1481004001794841,-0.5298632178805035,0.06101100506720186,0.10242930454494517,0.54125974375056,0.42063676220201485
2004-07-20,San Rafael,Classic Cars,Shipped,50.0,100.0,9167.099200000002,San Rafael,0.0,0.0,0.0,0.0,0.0,0.0,0.0,0.0,0.0,1.0,0.0,1.0,0.0,0.0,0.0,0.0,0.0,0.0,0.0,0.0,0.0,0.0,0.0,1.0,9.123485259140311,4.61512051684126,14.925497315272617,2.1014737580444667,0.7447315744112115,1.5579323994073224,1.0,1.0,0.8384572386808227
2004-07-20,San Rafael,Classic Cars,Shipped,38.0,41.72,1585.36,San Rafael,0.0,0.0,0.0,0.0,0.0,0.0,0.0,0.0,0.0,1.0,0.0,1.0,0.0,0.0,0.0,0.0,0.0,0.0,0.0,0.0,0.0,0.0,0.0,1.0,7.3691973625659655,3.7546671946519394,12.544675977743431,-1.3205628877940132,-2.2796168901042737,0.3746974174111126,0.08472681487520017,0.12970761281844523,0.5030743432084936
2004-07-20,Allentown,Classic Cars,Shipped,39.0,100.0,7962.24,Other,0.0,0.0,0.0,0.0,0.0,0.0,1.0,0.0,0.0,0.0,0.0,1.0,0.0,0.0,0.0,0.0,0.0,0.0,0.0,0.0,0.0,0.0,0.0,1.0,8.982591231197963,4.61512051684126,12.754015005493859,1.82663601462732,0.7447315744112115,0.4787359930181514,0.8545485028539467,1.0,0.5310229178311876
2004-07-20,San Rafael,Trucks and Buses,Shipped,34.0,98.39,3345.26,San Rafael,0.0,0.0,0.0,0.0,0.0,0.0,0.0,0.0,0.0,1.0,0.0,0.0,0.0,0.0,0.0,0.0,1.0,0.0,0.0,0.0,0.0,0.0,0.0,1.0,8.11559858324997,4.599051504979914,11.683463549954297,0.13541952801523244,0.6882517049099943,-0.05331314156158311,0.29718324947547436,0.9759579488098438,0.39128004471771716
2004-07-20,Allentown,Classic Cars,Shipped,35.0,100.0,5818.4,Other,0.0,0.0,0.0,0.0,0.0,0.0,1.0,0.0,0.0,0.0,0.0,1.0,0.0,0.0,0.0,0.0,0.0,0.0,0.0,0.0,0.0,0.0,0.0,1.0,8.668952442627551,4.61512051684126,11.902530119204657,1.2148302613412312,0.7447315744112115,0.05555988642964223,0.5957425464055964,1.0,0.41922861934041133
2004-07-20,San Rafael,Trucks and Buses,Shipped,35.0,47.62,1666.7,San Rafael,0.0,0.0,0.0,0.0,0.0,0.0,0.0,0.0,0.0,1.0,0.0,0.0,0.0,0.0,0.0,0.0,1.0,0.0,0.0,0.0,0.0,0.0,0.0,1.0,7.419200710627534,3.884034968887977,11.902530119204657,-1.2230228604043005,-1.8249109586156838,0.05555988642964223,0.09454624006435089,0.21781202401218525,0.41922861934041133
2004-07-20,San Rafael,Trucks and Buses,Shipped,31.0,97.17,3012.27,San Rafael,0.0,0.0,0.0,0.0,0.0,0.0,0.0,0.0,0.0,1.0,0.0,0.0,0.0,0.0,0.0,0.0,1.0,0.0,0.0,0.0,0.0,0.0,0.0,1.0,8.010781146798122,4.58670066970443,11.009728365329204,-0.06904469325739483,0.6448405996964625,-0.388150126800217,0.25698444945414056,0.9577397485291044,0.30743432084963496
2004-07-21,Bruxelles,Vintage Cars,Shipped,40.0,100.0,5026.4,Other,0.0,0.0,0.0,0.0,0.0,0.0,1.0,0.0,0.0,0.0,0.0,0.0,0.0,0.0,0.0,0.0,0.0,1.0,0.0,0.0,0.0,0.0,0.0,1.0,8.522658230847295,4.61512051684126,12.961139346341028,0.9294585417029219,0.7447315744112115,0.5816739001387327,0.5001317184020637,1.0,0.5589714924538818
2004-07-21,Brickhaven,Planes,Shipped,32.0,58.6,1875.2,Other,0.0,0.0,0.0,0.0,0.0,0.0,1.0,0.0,0.0,0.0,0.0,0.0,0.0,1.0,0.0,0.0,0.0,0.0,0.0,0.0,0.0,0.0,0.0,1.0,7.537003733691851,4.087655574071304,11.237179911736995,-0.9932280458223576,-1.1092188359296682,-0.2751098821684491,0.11971651486073542,0.3817758265388407,0.335382895472329
2004-07-21,Bruxelles,Ships,Shipped,34.0,98.06,3334.04,Other,0.0,0.0,0.0,0.0,0.0,0.0,1.0,0.0,0.0,0.0,0.0,0.0,0.0,0.0,1.0,0.0,0.0,0.0,0.0,0.0,0.0,0.0,0.0,1.0,8.112239952280795,4.595725727160092,11.683463549954297,0.1288679475826218,0.6765621561764191,-0.05331314156158311,0.29582876274542425,0.9710300749634142,0.39128004471771716
2004-07-21,Bruxelles,Vintage Cars,Shipped,33.0,71.09,2345.97,Other,0.0,0.0,0.0,0.0,0.0,0.0,1.0,0.0,0.0,0.0,0.0,0.0,0.0,0.0,0.0,0.0,0.0,1.0,0.0,0.0,0.0,0.0,0.0,1.0,7.7608804134940845,4.277915338416487,11.461717832632248,-0.5565185388321383,-0.4404878178514701,-0.16351766875873364,0.17654821877389582,0.5682883851506735,0.3633314700950231
2004-07-21,Bruxelles,Classic Cars,Shipped,48.0,83.02,3984.96,Other,0.0,0.0,0.0,0.0,0.0,0.0,1.0,0.0,0.0,0.0,0.0,1.0,0.0,0.0,0.0,0.0,0.0,0.0,0.0,0.0,0.0,0.0,0.0,1.0,8.290533465599458,4.431054865741236,14.546755227281093,0.476659742465986,0.09777182085014834,1.3697028667658944,0.37440830840711553,0.7464384911746258,0.7825600894354343
2004-07-21,Bruxelles,Ships,Shipped,37.0,45.86,1696.82,Other,0.0,0.0,0.0,0.0,0.0,0.0,1.0,0.0,0.0,0.0,0.0,0.0,0.0,0.0,1.0,0.0,0.0,0.0,0.0,0.0,0.0,0.0,0.0,1.0,7.4371003541850085,3.8471644330796497,12.33304085962557,-1.1881065639852597,-1.9545046802995703,0.26951771693185156,0.09818234882630342,0.19153003016456116,0.47512576858579947
2004-07-21,Bruxelles,Vintage Cars,Shipped,27.0,100.0,2796.12,Other,0.0,0.0,0.0,0.0,0.0,0.0,1.0,0.0,0.0,0.0,0.0,0.0,0.0,0.0,0.0,0.0,0.0,1.0,0.0,0.0,0.0,0.0,0.0,1.0,7.936345595392123,4.61512051684126,10.068010317854855,-0.21424388499891164,0.7447315744112115,-0.8561708553548468,0.23089066097817645,1.0,0.19564002235885858
2004-07-21,Brickhaven,Planes,Shipped,40.0,65.08,2603.2,Other,0.0,0.0,0.0,0.0,0.0,0.0,1.0,0.0,0.0,0.0,0.0,0.0,0.0,1.0,0.0,0.0,0.0,0.0,0.0,0.0,0.0,0.0,0.0,1.0,7.864880805294628,4.190866129212723,12.961139346341028,-0.3536481019910801,-0.7464511227787373,0.5816739001387327,0.20760121534883108,0.47854134934145687,0.5589714924538818
2004-07-21,Bruxelles,Ships,Shipped,42.0,62.16,2610.72,Other,0.0,0.0,0.0,0.0,0.0,0.0,1.0,0.0,0.0,0.0,0.0,0.0,0.0,0.0,1.0,0.0,0.0,0.0,0.0,0.0,0.0,0.0,0.0,1.0,7.867764287100483,4.145671189387441,13.369046010543581,-0.3480233807429235,-0.9053037221465706,0.7843978201850537,0.2085090353318949,0.43493713227608033,0.6148686416992699
2004-07-21,Bruxelles,Trains,Shipped,47.0,100.0,5450.59,Other,0.0,0.0,0.0,0.0,0.0,0.0,1.0,0.0,0.0,0.0,0.0,0.0,0.0,0.0,0.0,1.0,0.0,0.0,0.0,0.0,0.0,0.0,0.0,1.0,8.603662588227808,4.61512051684126,14.35492029635209,1.0874713057252974,0.7447315744112115,1.2743635830212399,0.5513402501328952,1.0,0.7546115148127404
2004-07-21,Bruxelles,Ships,Shipped,21.0,65.34,1372.14,Other,0.0,0.0,0.0,0.0,0.0,0.0,1.0,0.0,0.0,0.0,0.0,0.0,0.0,0.0,1.0,0.0,0.0,0.0,0.0,0.0,0.0,0.0,0.0,1.0,7.224855367066464,4.1947930335189065,8.539972716394377,-1.6021264778394588,-0.7326487157190635,-1.6155842205467048,0.05898673817455219,0.4824239166144014,0.027948574622694067
2004-07-21,Bruxelles,Ships,Shipped,26.0,100.0,2969.46,Other,0.0,0.0,0.0,0.0,0.0,0.0,1.0,0.0,0.0,0.0,0.0,0.0,0.0,0.0,1.0,0.0,0.0,0.0,0.0,0.0,0.0,0.0,0.0,1.0,7.9964721019586245,4.61512051684126,9.823805373555334,-0.09695691673184481,0.7447315744112115,-0.9775373049564378,0.2518163944707678,1.0,0.1676914477361645
2004-07-21,Bruxelles,Vintage Cars,Shipped,50.0,85.75,4287.5,Other,0.0,0.0,0.0,0.0,0.0,0.0,1.0,0.0,0.0,0.0,0.0,0.0,0.0,0.0,0.0,0.0,0.0,1.0,0.0,0.0,0.0,0.0,0.0,1.0,8.363692300430476,4.4630304188269685,14.925497315272617,0.6193684815774276,0.21016050293555738,1.5579323994073224,0.41093116182149525,0.787205447540543,0.8384572386808227
2004-07-21,Bruxelles,Classic Cars,Shipped,30.0,100.0,3508.8,Other,0.0,0.0,0.0,0.0,0.0,0.0,1.0,0.0,0.0,0.0,0.0,1.0,0.0,0.0,0.0,0.0,0.0,0.0,0.0,0.0,0.0,0.0,0.0,1.0,8.163314334779507,4.61512051684126,10.779232502977782,0.22849720964129425,0.7447315744112115,-0.5027033539745942,0.3169259196922644,1.0,0.2794857462269409
2004-07-21,Brickhaven,Vintage Cars,Shipped,24.0,72.33,1735.92,Other,0.0,0.0,0.0,0.0,0.0,0.0,1.0,0.0,0.0,0.0,0.0,0.0,0.0,0.0,0.0,0.0,0.0,1.0,0.0,0.0,0.0,0.0,0.0,1.0,7.459868708761362,4.294969802105708,9.323544176118064,-1.1436930193909713,-0.38054425119709845,-1.226160139275199,0.10290252985526571,0.5868052444524086,0.11179429849077627
2004-07-21,Bruxelles,Ships,Shipped,40.0,86.15,3446.0,Other,0.0,0.0,0.0,0.0,0.0,0.0,1.0,0.0,0.0,0.0,0.0,0.0,0.0,0.0,1.0,0.0,0.0,0.0,0.0,0.0,0.0,0.0,0.0,1.0,8.145259566516865,4.46763077196603,12.961139346341028,0.19327831612471078,0.22632996918498832,0.5816739001387327,0.30934465706774184,0.7931786279604576,0.5589714924538818
2004-07-21,Bruxelles,Ships,Shipped,21.0,100.0,2146.2,Other,0.0,0.0,0.0,0.0,0.0,0.0,1.0,0.0,0.0,0.0,0.0,0.0,0.0,0.0,1.0,0.0,0.0,0.0,0.0,0.0,0.0,0.0,0.0,1.0,7.671919946777362,4.61512051684126,8.539972716394377,-0.7300510460847851,0.7447315744112115,-1.6155842205467048,0.15243183605891386,1.0,0.027948574622694067
2004-07-21,Bruxelles,Ships,Shipped,22.0,100.0,2784.76,Other,0.0,0.0,0.0,0.0,0.0,0.0,1.0,0.0,0.0,0.0,0.0,0.0,0.0,0.0,1.0,0.0,0.0,0.0,0.0,0.0,0.0,0.0,0.0,1.0,7.932276005618289,4.61512051684126,8.805943150564206,-0.22218231139219954,0.7447315744112115,-1.4834006262023,0.22951927334418643,1.0,0.055897149245388134
2004-07-21,Brickhaven,Planes,Shipped,41.0,100.0,6724.0,Other,0.0,0.0,0.0,0.0,0.0,0.0,1.0,0.0,0.0,0.0,0.0,0.0,0.0,1.0,0.0,0.0,0.0,0.0,0.0,0.0,0.0,0.0,0.0,1.0,8.81358720447004,4.61512051684126,13.166125611826143,1.496964941888027,0.7447315744112115,0.6835492136397722,0.7050672507490298,1.0,0.5869200670765757
2004-07-21,Brickhaven,Ships,Shipped,24.0,90.52,2172.48,Other,0.0,0.0,0.0,0.0,0.0,0.0,1.0,0.0,0.0,0.0,0.0,0.0,0.0,0.0,1.0,0.0,0.0,0.0,0.0,0.0,0.0,0.0,0.0,1.0,7.684084848638178,4.5165575276314875,9.323544176118064,-0.7063213378413264,0.3982992725215757,-1.226160139275199,0.1556043771699402,0.8584356240480242,0.11179429849077627
2004-07-23,Nantes,Planes,Shipped,35.0,90.39,3163.65,Nantes,0.0,0.0,0.0,0.0,1.0,0.0,0.0,0.0,0.0,0.0,0.0,0.0,0.0,1.0,0.0,0.0,0.0,0.0,0.0,0.0,0.0,0.0,0.0,1.0,8.059797743945191,4.51513606328411,11.902530119204657,0.02657050879645184,0.39330306481862304,0.05555988642964223,0.2752591554429976,0.8564943404115521,0.41922861934041133
2004-07-23,Nantes,Planes,Shipped,32.0,89.51,2864.32,Nantes,0.0,0.0,0.0,0.0,1.0,0.0,0.0,0.0,0.0,0.0,0.0,0.0,0.0,1.0,0.0,0.0,0.0,0.0,0.0,0.0,0.0,0.0,0.0,1.0,7.960435315756336,4.505460341839079,11.237179911736995,-0.1672527918976523,0.3592945340352162,-0.2751098821684491,0.239123815611814,0.84335334348774,0.335382895472329
2004-07-23,Nantes,Planes,Shipped,43.0,73.6,3164.8,Nantes,0.0,0.0,0.0,0.0,1.0,0.0,0.0,0.0,0.0,0.0,0.0,0.0,0.0,1.0,0.0,0.0,0.0,0.0,0.0,0.0,0.0,0.0,0.0,1.0,8.060161067251638,4.312140507209715,13.569968697266269,0.027279232644672746,-0.32019211555327,0.8842535917456676,0.27539798429679063,0.6057700922856375,0.6428172163219641
2004-07-23,Nantes,Planes,Shipped,48.0,100.0,6378.72,Nantes,0.0,0.0,0.0,0.0,1.0,0.0,0.0,0.0,0.0,0.0,0.0,0.0,0.0,1.0,0.0,0.0,0.0,0.0,0.0,0.0,0.0,0.0,0.0,1.0,8.760879488228431,4.61512051684126,14.546755227281093,1.394149584813827,0.7447315744112115,1.3697028667658944,0.6633847928032472,1.0,0.7825600894354343
2004-07-23,Nantes,Motorcycles,Shipped,37.0,63.6,2353.2,Nantes,0.0,0.0,0.0,0.0,1.0,0.0,0.0,0.0,0.0,0.0,0.0,0.0,1.0,0.0,0.0,0.0,0.0,0.0,0.0,0.0,0.0,0.0,0.0,1.0,7.76395624597838,4.168214410788556,12.33304085962557,-0.5505186048998152,-0.8260680968412693,0.26951771693185156,0.17742102974165536,0.4564405817877729,0.47512576858579947
2004-07-23,Nantes,Planes,Shipped,31.0,72.55,2249.05,Nantes,0.0,0.0,0.0,0.0,1.0,0.0,0.0,0.0,0.0,0.0,0.0,0.0,0.0,1.0,0.0,0.0,0.0,0.0,0.0,0.0,0.0,0.0,0.0,1.0,7.718707717173778,4.297965447047447,11.009728365329204,-0.6387835493493498,-0.37001506391157696,-0.388150126800217,0.164847964417706,0.5900904936833617,0.30743432084963496
2004-07-23,Nantes,Motorcycles,Shipped,45.0,92.83,4177.35,Nantes,0.0,0.0,0.0,0.0,1.0,0.0,0.0,0.0,0.0,0.0,0.0,0.0,1.0,0.0,0.0,0.0,0.0,0.0,0.0,0.0,0.0,0.0,0.0,1.0,8.337671710747601,4.541484634301958,13.966075138951927,0.5686108997603271,0.48591385292883715,1.0811129658652374,0.3976337720429737,0.8929307409730309,0.6987143655673522
2004-07-23,Nantes,Planes,Shipped,41.0,81.89,3357.49,Nantes,0.0,0.0,0.0,0.0,1.0,0.0,0.0,0.0,0.0,0.0,0.0,0.0,0.0,1.0,0.0,0.0,0.0,0.0,0.0,0.0,0.0,0.0,0.0,1.0,8.11924674718276,4.417514427603435,13.166125611826143,0.14253589169328962,0.05017946199129795,0.6835492136397722,0.2986596641553773,0.7295642564883673,0.5869200670765757
2004-07-23,Nantes,Motorcycles,Shipped,30.0,79.98,2399.4,Nantes,0.0,0.0,0.0,0.0,1.0,0.0,0.0,0.0,0.0,0.0,0.0,0.0,1.0,0.0,0.0,0.0,0.0,0.0,0.0,0.0,0.0,0.0,0.0,1.0,7.783390669115358,4.394202210604015,10.779232502977782,-0.5126084601081108,-0.0317590532872043,-0.5027033539745942,0.18299832804186145,0.7010423199832752,0.2794857462269409
2004-07-23,Nantes,Vintage Cars,Shipped,35.050383351588174,63.97,1791.16,Nantes,0.0,0.0,0.0,0.0,1.0,0.0,0.0,0.0,0.0,0.0,0.0,0.0,0.0,0.0,0.0,0.0,0.0,1.0,0.0,0.0,0.0,0.0,0.0,1.0,7.491176875263429,4.17392562489244,11.913498472712774,-1.0826211204778577,-0.8059941414503462,0.06101100506720186,0.10957114366702725,0.46196577367619385,0.42063676220201485
2004-07-23,Nantes,Motorcycles,Shipped,35.050383351588174,100.0,6901.92,Nantes,0.0,0.0,0.0,0.0,1.0,0.0,0.0,0.0,0.0,0.0,0.0,0.0,1.0,0.0,0.0,0.0,0.0,0.0,0.0,0.0,0.0,0.0,0.0,1.0,8.839699789472188,4.61512051684126,11.913498472712774,1.547901976208004,0.7447315744112115,0.06101100506720186,0.7265458852419445,1.0,0.42063676220201485
2004-07-23,Nantes,Motorcycles,Shipped,23.0,81.91,1883.93,Nantes,0.0,0.0,0.0,0.0,1.0,0.0,0.0,0.0,0.0,0.0,0.0,0.0,1.0,0.0,0.0,0.0,0.0,0.0,0.0,0.0,0.0,0.0,0.0,1.0,7.541645963914065,4.417755682128127,9.067037908070397,-0.9841725869265533,0.051027431000764914,-1.353640175122944,0.120770406942138,0.729862915509363,0.0838457238680822
2004-07-23,Nantes,Vintage Cars,Shipped,38.0,45.39,1724.82,Nantes,0.0,0.0,0.0,0.0,1.0,0.0,0.0,0.0,0.0,0.0,0.0,0.0,0.0,0.0,0.0,0.0,0.0,1.0,0.0,0.0,0.0,0.0,0.0,1.0,7.453457578835427,3.8370839187636525,12.544675977743431,-1.156199017745416,-1.989935989827834,0.3746974174111126,0.10156252961430709,0.18451154317116147,0.5030743432084936
2004-07-23,Nantes,Motorcycles,Shipped,21.0,100.0,2153.76,Nantes,0.0,0.0,0.0,0.0,1.0,0.0,0.0,0.0,0.0,0.0,0.0,0.0,1.0,0.0,0.0,0.0,0.0,0.0,0.0,0.0,0.0,0.0,0.0,1.0,7.675434627426358,4.61512051684126,8.539972716394377,-0.7231950642343891,0.7447315744112115,-1.6155842205467048,0.1533444848716749,1.0,0.027948574622694067
2004-07-23,Nantes,Planes,Shipped,39.0,100.0,4472.52,Nantes,0.0,0.0,0.0,0.0,1.0,0.0,0.0,0.0,0.0,0.0,0.0,0.0,0.0,1.0,0.0,0.0,0.0,0.0,0.0,0.0,0.0,0.0,0.0,1.0,8.405930849749982,4.61512051684126,12.754015005493859,0.701761949559883,0.7447315744112115,0.4787359930181514,0.43326691358565395,1.0,0.5310229178311876
2004-07-23,Nantes,Planes,Shipped,25.0,95.2,2380.0,Nantes,0.0,0.0,0.0,0.0,1.0,0.0,0.0,0.0,0.0,0.0,0.0,0.0,0.0,1.0,0.0,0.0,0.0,0.0,0.0,0.0,0.0,0.0,0.0,1.0,7.7752758464868625,4.566429357671661,9.57572149487329,-0.5284378005849022,0.573590353065964,-1.1008315308182302,0.1806563456387446,0.9283218349610249,0.13974287311347044
2004-07-23,Nantes,Planes,Shipped,27.0,62.31,1682.37,Nantes,0.0,0.0,0.0,0.0,1.0,0.0,0.0,0.0,0.0,0.0,0.0,0.0,0.0,1.0,0.0,0.0,0.0,0.0,0.0,0.0,0.0,0.0,0.0,1.0,7.428553015542286,4.148043294556035,10.068010317854855,-1.2047796004446145,-0.8969661721141606,-0.8561708553548468,0.09643793409820864,0.4371770749335484,0.19564002235885858
2004-07-23,Nantes,Motorcycles,Shipped,22.0,100.0,2904.44,Nantes,0.0,0.0,0.0,0.0,1.0,0.0,0.0,0.0,0.0,0.0,0.0,0.0,1.0,0.0,0.0,0.0,0.0,0.0,0.0,0.0,0.0,0.0,0.0,1.0,7.974340120811487,4.61512051684126,8.805943150564206,-0.14012910681444438,0.7447315744112115,-1.4834006262023,0.24396713179805352,1.0,0.055897149245388134
2004-08-02,Brickhaven,Motorcycles,Shipped,38.0,100.0,4304.64,Other,0.0,0.0,0.0,0.0,0.0,0.0,1.0,0.0,0.0,0.0,0.0,0.0,1.0,0.0,0.0,0.0,0.0,0.0,0.0,0.0,0.0,0.0,0.0,1.0,8.36768107015617,4.61512051684126,12.544675977743431,0.6271492547331858,0.7447315744112115,0.3746974174111126,0.4130003153467233,1.0,0.5030743432084936
2004-08-02,Brickhaven,Motorcycles,Shipped,27.0,36.61,988.47,Other,0.0,0.0,0.0,0.0,0.0,0.0,1.0,0.0,0.0,0.0,0.0,0.0,1.0,0.0,0.0,0.0,0.0,0.0,0.0,0.0,0.0,0.0,0.0,1.0,6.8971694462404125,3.627269972482245,10.068010317854855,-2.2413335495987625,-2.72739666306409,-0.8561708553548468,0.012669810926931771,0.0534002329540364,0.19564002235885858
2004-08-02,Brickhaven,Classic Cars,Shipped,48.0,100.0,5713.92,Other,0.0,0.0,0.0,0.0,0.0,0.0,1.0,0.0,0.0,0.0,0.0,1.0,0.0,0.0,0.0,0.0,0.0,0.0,0.0,0.0,0.0,0.0,0.0,1.0,8.650835577880716,4.61512051684126,14.546755227281093,1.179490238080265,0.7447315744112115,1.3697028667658944,0.5831296432366456,1.0,0.7825600894354343
2004-08-02,Brickhaven,Classic Cars,Shipped,35.050383351588174,100.0,3924.6,Other,0.0,0.0,0.0,0.0,0.0,0.0,1.0,0.0,0.0,0.0,0.0,1.0,0.0,0.0,0.0,0.0,0.0,0.0,0.0,0.0,0.0,0.0,0.0,1.0,8.275274484775693,4.61512051684126,11.913498472712774,0.44689450743299364,0.7447315744112115,0.06101100506720186,0.367121604394119,1.0,0.42063676220201485
2004-08-02,Brickhaven,Classic Cars,Shipped,38.0,83.79,3184.02,Other,0.0,0.0,0.0,0.0,0.0,0.0,1.0,0.0,0.0,0.0,0.0,1.0,0.0,0.0,0.0,0.0,0.0,0.0,0.0,0.0,0.0,0.0,0.0,1.0,8.066213847421398,4.440177611315912,12.544675977743431,0.03908620890585018,0.12983673461064998,0.3746974174111126,0.2777182369662703,0.7579368634829615,0.5030743432084936
2004-08-02,Brickhaven,Motorcycles,Shipped,43.0,100.0,5181.5,Other,0.0,0.0,0.0,0.0,0.0,0.0,1.0,0.0,0.0,0.0,0.0,0.0,1.0,0.0,0.0,0.0,0.0,0.0,0.0,0.0,0.0,0.0,0.0,1.0,8.553042844309935,4.61512051684126,13.569968697266269,0.9887288934746193,0.7447315744112115,0.8842535917456676,0.5188555055527556,1.0,0.6428172163219641
2004-08-02,Brickhaven,Classic Cars,Shipped,35.050383351588174,100.0,5464.69,Other,0.0,0.0,0.0,0.0,0.0,0.0,1.0,0.0,0.0,0.0,0.0,1.0,0.0,0.0,0.0,0.0,0.0,0.0,0.0,0.0,0.0,0.0,0.0,1.0,8.606245650646256,4.61512051684126,11.913498472712774,1.092510007908491,0.7447315744112115,0.06101100506720186,0.55304241260114,1.0,0.42063676220201485
2004-08-02,Brickhaven,Classic Cars,Shipped,20.0,61.23,1224.6,Other,0.0,0.0,0.0,0.0,0.0,0.0,1.0,0.0,0.0,0.0,0.0,1.0,0.0,0.0,0.0,0.0,0.0,0.0,0.0,0.0,0.0,0.0,0.0,1.0,7.111185798986327,4.130837198581126,8.268807419728406,-1.8238582860828143,-0.9574427007068086,-1.7503495890608907,0.04117559983662136,0.4210494877997789,0.0
2004-08-02,Brickhaven,Motorcycles,Shipped,33.0,50.36,1661.88,Other,0.0,0.0,0.0,0.0,0.0,0.0,1.0,0.0,0.0,0.0,0.0,0.0,1.0,0.0,0.0,0.0,0.0,0.0,0.0,0.0,0.0,0.0,0.0,1.0,7.416306317840111,3.9388596593817056,11.461717832632248,-1.2286688653760909,-1.6322114079993142,-0.16351766875873364,0.09396436608584455,0.2587283098886002,0.3633314700950231
2004-08-02,Brickhaven,Classic Cars,Shipped,38.0,69.96,2658.48,Other,0.0,0.0,0.0,0.0,0.0,0.0,1.0,0.0,0.0,0.0,0.0,1.0,0.0,0.0,0.0,0.0,0.0,0.0,0.0,0.0,0.0,0.0,0.0,1.0,7.88588589394353,4.262116338001324,12.544675977743431,-0.31267410721747896,-0.4960186426089411,0.3746974174111126,0.21427465799028977,0.5514141504644148,0.5030743432084936
2004-08-02,Brickhaven,Motorcycles,Shipped,35.050383351588174,75.49,3472.54,Other,0.0,0.0,0.0,0.0,0.0,0.0,1.0,0.0,0.0,0.0,0.0,0.0,1.0,0.0,0.0,0.0,0.0,0.0,0.0,0.0,0.0,0.0,0.0,1.0,8.15292952582883,4.337160013333775,11.913498472712774,0.2082398751076389,-0.23225276663343827,0.06101100506720186,0.3125485855717996,0.6339933697697338,0.42063676220201485
2004-08-02,Brickhaven,Motorcycles,Shipped,21.0,70.78,1486.38,Other,0.0,0.0,0.0,0.0,0.0,0.0,1.0,0.0,0.0,0.0,0.0,0.0,1.0,0.0,0.0,0.0,0.0,0.0,0.0,0.0,0.0,0.0,0.0,1.0,7.304771461896695,4.273605885719461,8.539972716394377,-1.4462365548482683,-0.4556348180559558,-1.6155842205467048,0.0727778757896072,0.5636591703252396,0.027948574622694067
2004-08-02,Brickhaven,Classic Cars,Shipped,48.0,75.18,3608.64,Other,0.0,0.0,0.0,0.0,0.0,0.0,1.0,0.0,0.0,0.0,0.0,1.0,0.0,0.0,0.0,0.0,0.0,0.0,0.0,0.0,0.0,0.0,0.0,1.0,8.19136332336257,4.333098961050458,14.546755227281093,0.28321152819606377,-0.24652668123244872,1.3697028667658944,0.32897867861634605,0.6293641549443001,0.7825600894354343
2004-08-02,Brickhaven,Classic Cars,Shipped,50.0,100.0,9167.099200000002,Other,0.0,0.0,0.0,0.0,0.0,0.0,1.0,0.0,0.0,0.0,0.0,1.0,0.0,0.0,0.0,0.0,0.0,0.0,0.0,0.0,0.0,0.0,0.0,1.0,9.123485259140311,4.61512051684126,14.925497315272617,2.1014737580444667,0.7447315744112115,1.5579323994073224,1.0,1.0,0.8384572386808227
2004-08-04,Singapore,Classic Cars,Shipped,28.0,100.0,3127.88,Singapore,0.0,0.0,0.0,0.0,0.0,0.0,0.0,0.0,0.0,0.0,1.0,1.0,0.0,0.0,0.0,0.0,0.0,0.0,0.0,0.0,0.0,0.0,0.0,1.0,8.048430392022633,4.61512051684126,10.308532382015233,0.004396557234055408,0.7447315744112115,-0.7366347457903012,0.2709409744863229,1.0,0.22358859698155265
2004-08-06,Las Vegas,Classic Cars,Shipped,31.0,38.89,1205.59,Other,0.0,0.0,0.0,0.0,0.0,0.0,1.0,0.0,0.0,0.0,0.0,1.0,0.0,0.0,0.0,0.0,0.0,0.0,0.0,0.0,0.0,0.0,0.0,1.0,7.095553478221613,3.686125665917315,11.009728365329204,-1.8543517841117363,-2.5205288162232544,-0.388150126800217,0.038880698523051704,0.08744736134754949,0.30743432084963496
2004-08-06,Las Vegas,Classic Cars,Shipped,29.0,90.86,2634.94,Other,0.0,0.0,0.0,0.0,0.0,0.0,1.0,0.0,0.0,0.0,0.0,1.0,0.0,0.0,0.0,0.0,0.0,0.0,0.0,0.0,0.0,0.0,0.0,1.0,7.876995133603102,4.520265678897648,10.54555133395328,-0.33001704605535326,0.41133279949950385,-0.6188396341166861,0.21143289171351815,0.8635128274049517,0.2515371716042467
2004-08-06,Las Vegas,Classic Cars,Shipped,42.0,100.0,6401.22,Other,0.0,0.0,0.0,0.0,0.0,0.0,1.0,0.0,0.0,0.0,0.0,1.0,0.0,0.0,0.0,0.0,0.0,0.0,0.0,0.0,0.0,0.0,0.0,1.0,8.764400084200538,4.61512051684126,13.369046010543581,1.4010171055071339,0.7447315744112115,0.7843978201850537,0.6661010095078931,1.0,0.6148686416992699
2004-08-06,Las Vegas,Classic Cars,Shipped,31.0,100.0,4116.8,Other,0.0,0.0,0.0,0.0,0.0,0.0,1.0,0.0,0.0,0.0,0.0,1.0,0.0,0.0,0.0,0.0,0.0,0.0,0.0,0.0,0.0,0.0,0.0,1.0,8.323074319142645,4.61512051684126,11.009728365329204,0.5401362069215057,0.7447315744112115,-0.388150126800217,0.3903241310889157,1.0,0.30743432084963496
2004-08-06,Las Vegas,Classic Cars,Shipped,25.0,100.0,3159.75,Other,0.0,0.0,0.0,0.0,0.0,0.0,1.0,0.0,0.0,0.0,0.0,1.0,0.0,0.0,0.0,0.0,0.0,0.0,0.0,0.0,0.0,0.0,0.0,1.0,8.058564620192007,4.61512051684126,9.57572149487329,0.02416509137295379,0.7447315744112115,-1.1008315308182302,0.27478834454752565,1.0,0.13974287311347044
2004-08-06,Las Vegas,Classic Cars,Shipped,34.0,100.0,4667.86,Other,0.0,0.0,0.0,0.0,0.0,0.0,1.0,0.0,0.0,0.0,0.0,1.0,0.0,0.0,0.0,0.0,0.0,0.0,0.0,0.0,0.0,0.0,0.0,1.0,8.448670209513882,4.61512051684126,11.683463549954297,0.7851323334161117,0.7447315744112115,-0.05331314156158311,0.4568485034116766,1.0,0.39128004471771716
2004-08-06,Las Vegas,Classic Cars,Shipped,23.0,100.0,2604.52,Other,0.0,0.0,0.0,0.0,0.0,0.0,1.0,0.0,0.0,0.0,0.0,1.0,0.0,0.0,0.0,0.0,0.0,0.0,0.0,0.0,0.0,0.0,0.0,1.0,7.865387550389661,4.61512051684126,9.067037908070397,-0.35265960957276654,0.7447315744112115,-1.353640175122944,0.20776056672883697,1.0,0.0838457238680822
2004-08-06,Las Vegas,Classic Cars,Shipped,39.0,100.0,4324.32,Other,0.0,0.0,0.0,0.0,0.0,0.0,1.0,0.0,0.0,0.0,0.0,1.0,0.0,0.0,0.0,0.0,0.0,0.0,0.0,0.0,0.0,0.0,0.0,1.0,8.372241405068277,4.61512051684126,12.754015005493859,0.6360449629102753,0.7447315744112115,0.4787359930181514,0.41537609955772004,1.0,0.5310229178311876
2004-08-06,Las Vegas,Classic Cars,Shipped,35.0,45.28,1584.8,Other,0.0,0.0,0.0,0.0,0.0,0.0,1.0,0.0,0.0,0.0,0.0,1.0,0.0,0.0,0.0,0.0,0.0,0.0,0.0,0.0,0.0,0.0,0.0,1.0,7.3688442908382985,3.834709902325476,11.902530119204657,-1.3212516141957886,-1.9982802576508296,0.05555988642964223,0.08465921125944012,0.182868918555685,0.41922861934041133
2004-08-06,Las Vegas,Classic Cars,Shipped,29.0,100.0,3754.05,Other,0.0,0.0,0.0,0.0,0.0,0.0,1.0,0.0,0.0,0.0,0.0,1.0,0.0,0.0,0.0,0.0,0.0,0.0,0.0,0.0,0.0,0.0,0.0,1.0,8.230856879688812,4.61512051684126,10.54555133395328,0.36025042089252224,0.7447315744112115,-0.6188396341166861,0.34653268177290375,1.0,0.2515371716042467
2004-08-09,Madrid,Classic Cars,Shipped,48.0,100.0,5580.96,Madrid,1.0,0.0,0.0,0.0,0.0,0.0,0.0,0.0,0.0,0.0,0.0,1.0,0.0,0.0,0.0,0.0,0.0,0.0,0.0,0.0,0.0,0.0,0.0,1.0,8.62729524818023,4.61512051684126,14.546755227281093,1.1335708248257543,0.7447315744112115,1.3697028667658944,0.5670786133233252,1.0,0.7825600894354343
2004-08-09,Madrid,Classic Cars,Shipped,49.0,79.97,3918.53,Madrid,1.0,0.0,0.0,0.0,0.0,0.0,0.0,0.0,0.0,0.0,0.0,1.0,0.0,0.0,0.0,0.0,0.0,0.0,0.0,0.0,0.0,0.0,0.0,1.0,8.27372702763699,4.394078715698023,14.736931873780104,0.4438759293268318,-0.03219311707623386,1.464218006289084,0.36638882948757684,0.7008929904727772,0.8105086640581285
2004-08-09,Madrid,Classic Cars,Shipped,33.0,71.06,2344.98,Madrid,1.0,0.0,0.0,0.0,0.0,0.0,0.0,0.0,0.0,0.0,0.0,1.0,0.0,0.0,0.0,0.0,0.0,0.0,0.0,0.0,0.0,0.0,0.0,1.0,7.760458504027891,4.277499105319947,11.461717832632248,-0.5573415449404052,-0.44195080706185264,-0.16351766875873364,0.17642870523889143,0.5678403966191798,0.3633314700950231
2004-08-09,Madrid,Classic Cars,Shipped,26.0,60.58,1575.08,Madrid,1.0,0.0,0.0,0.0,0.0,0.0,0.0,0.0,0.0,0.0,0.0,1.0,0.0,0.0,0.0,0.0,0.0,0.0,0.0,0.0,0.0,0.0,0.0,1.0,7.362696030550826,4.120337142496354,9.823805373555334,-1.3332448406513593,-0.994348628870939,-0.9775373049564378,0.08348580564303312,0.41134306961741773,0.1676914477361645
2004-08-09,Madrid,Classic Cars,Shipped,48.0,100.0,6168.0,Madrid,1.0,0.0,0.0,0.0,0.0,0.0,0.0,0.0,0.0,0.0,0.0,1.0,0.0,0.0,0.0,0.0,0.0,0.0,0.0,0.0,0.0,0.0,0.0,1.0,8.72729202920964,4.61512051684126,14.546755227281093,1.328631538530007,0.7447315744112115,1.3697028667658944,0.637946517958671,1.0,0.7825600894354343
2004-08-09,Madrid,Classic Cars,Shipped,32.0,74.96,2398.72,Madrid,1.0,0.0,0.0,0.0,0.0,0.0,0.0,0.0,0.0,0.0,0.0,1.0,0.0,0.0,0.0,0.0,0.0,0.0,0.0,0.0,0.0,0.0,0.0,1.0,7.7831073428632855,4.330206885944085,11.237179911736995,-0.513161136107992,-0.2566918379953628,-0.2751098821684491,0.1829162379370099,0.6260789057133469,0.335382895472329
2004-08-17,Torino,Vintage Cars,Shipped,27.0,57.68,1557.36,Other,0.0,0.0,0.0,0.0,0.0,0.0,1.0,0.0,0.0,0.0,0.0,0.0,0.0,0.0,0.0,0.0,0.0,1.0,0.0,0.0,0.0,0.0,0.0,1.0,7.351389265207729,4.072098953274781,10.068010317854855,-1.3553006077951284,-1.1638977371619903,-0.8561708553548468,0.0813466340871965,0.3680375115730371,0.19564002235885858
2004-08-17,Torino,Vintage Cars,Shipped,22.0,100.0,4455.0,Other,0.0,0.0,0.0,0.0,0.0,0.0,1.0,0.0,0.0,0.0,0.0,0.0,0.0,0.0,0.0,0.0,0.0,1.0,0.0,0.0,0.0,0.0,0.0,1.0,8.40200678160712,4.61512051684126,8.805943150564206,0.6941073878360852,0.7447315744112115,-1.4834006262023,0.431151886178303,1.0,0.055897149245388134
2004-08-17,Torino,Vintage Cars,Shipped,25.0,62.96,1574.0,Other,0.0,0.0,0.0,0.0,0.0,0.0,1.0,0.0,0.0,0.0,0.0,0.0,0.0,0.0,0.0,0.0,0.0,1.0,0.0,0.0,0.0,0.0,0.0,1.0,7.362010551259734,4.158257887965753,9.57572149487329,-1.3345819844911269,-0.8610635971601481,-1.1008315308182302,0.08335542724121014,0.4468834931159096,0.13974287311347044
2004-08-17,Torino,Vintage Cars,Shipped,46.0,100.0,5126.24,Other,0.0,0.0,0.0,0.0,0.0,0.0,1.0,0.0,0.0,0.0,0.0,0.0,0.0,0.0,0.0,0.0,0.0,1.0,0.0,0.0,0.0,0.0,0.0,1.0,8.542322781688686,4.61512051684126,14.161377611660777,0.967817589687348,0.7447315744112115,1.1781755694872693,0.5121844773261455,1.0,0.7266629401900462
2004-08-17,Torino,Vintage Cars,Shipped,20.0,33.034,883.5186,Other,0.0,0.0,0.0,0.0,0.0,0.0,1.0,0.0,0.0,0.0,0.0,0.0,0.0,0.0,0.0,0.0,0.0,1.0,0.0,0.0,0.0,0.0,0.0,1.0,6.785043542208585,3.5273600249492447,8.268807419728406,-2.4600541788033214,-3.0785632965340333,-1.7503495890608907,0.0,0.0,0.0
2004-08-17,Torino,Vintage Cars,Shipped,21.0,78.89,1656.69,Other,0.0,0.0,0.0,0.0,0.0,0.0,1.0,0.0,0.0,0.0,0.0,0.0,0.0,0.0,0.0,0.0,0.0,1.0,0.0,0.0,0.0,0.0,0.0,1.0,7.413180345958019,4.380650688493951,8.539972716394377,-1.23476660472393,-0.07939037044121329,-1.6155842205467048,0.09333782543263958,0.6847654033390078,0.027948574622694067
2004-08-17,Torino,Vintage Cars,Shipped,26.0,100.0,3668.6,Other,0.0,0.0,0.0,0.0,0.0,0.0,1.0,0.0,0.0,0.0,0.0,0.0,0.0,0.0,0.0,0.0,0.0,1.0,0.0,0.0,0.0,0.0,0.0,1.0,8.207837943282962,4.61512051684126,9.823805373555334,0.315348073858799,0.7447315744112115,-0.9775373049564378,0.33621709433237107,1.0,0.1676914477361645
2004-08-17,Torino,Vintage Cars,Shipped,35.0,100.0,3704.05,Other,0.0,0.0,0.0,0.0,0.0,0.0,1.0,0.0,0.0,0.0,0.0,0.0,0.0,0.0,0.0,0.0,0.0,1.0,0.0,0.0,0.0,0.0,0.0,1.0,8.21745203291578,4.61512051684126,11.902530119204657,0.33410198939576535,0.7447315744112115,0.05555988642964223,0.3404966446514686,1.0,0.41922861934041133
2004-08-17,Torino,Trucks and Buses,Shipped,24.0,100.0,2800.08,Other,0.0,0.0,0.0,0.0,0.0,0.0,1.0,0.0,0.0,0.0,0.0,0.0,0.0,0.0,0.0,0.0,1.0,0.0,0.0,0.0,0.0,0.0,0.0,1.0,7.937760336080377,4.61512051684126,9.323544176118064,-0.2114841928816624,0.7447315744112115,-1.226160139275199,0.23136871511819412,1.0,0.11179429849077627
2004-08-17,Torino,Vintage Cars,Shipped,43.0,68.71,2954.53,Other,0.0,0.0,0.0,0.0,0.0,0.0,1.0,0.0,0.0,0.0,0.0,0.0,0.0,0.0,0.0,0.0,0.0,1.0,0.0,0.0,0.0,0.0,0.0,1.0,7.991433270779647,4.244343779498307,13.569968697266269,-0.10678601318763417,-0.5584861915543587,0.8842535917456676,0.25001403378630727,0.5327479616521815,0.6428172163219641
2004-08-17,Torino,Vintage Cars,Shipped,45.0,47.49,2137.05,Other,0.0,0.0,0.0,0.0,0.0,0.0,1.0,0.0,0.0,0.0,0.0,0.0,0.0,0.0,0.0,0.0,0.0,1.0,0.0,0.0,0.0,0.0,0.0,1.0,7.66764947765391,3.881357591117261,13.966075138951927,-0.7383813217846353,-1.8343214904144234,1.0811129658652374,0.1513272412656913,0.21587074037571308,0.6987143655673522
2004-08-17,Torino,Vintage Cars,Shipped,29.0,100.0,3006.43,Other,0.0,0.0,0.0,0.0,0.0,0.0,1.0,0.0,0.0,0.0,0.0,0.0,0.0,0.0,0.0,0.0,0.0,1.0,0.0,0.0,0.0,0.0,0.0,1.0,8.008841172432493,4.61512051684126,10.54555133395328,-0.07282894291455252,0.7447315744112115,-0.6188396341166861,0.2562794403183569,1.0,0.2515371716042467
2004-08-17,Torino,Vintage Cars,Shipped,50.0,100.0,5239.5,Other,0.0,0.0,0.0,0.0,0.0,0.0,1.0,0.0,0.0,0.0,0.0,0.0,0.0,0.0,0.0,0.0,0.0,1.0,0.0,0.0,0.0,0.0,0.0,1.0,8.564172192610233,4.61512051684126,14.925497315272617,1.0104385785281889,0.7447315744112115,1.5579323994073224,0.5258573086136203,1.0,0.8384572386808227
2004-08-17,Torino,Vintage Cars,Shipped,34.0,100.0,3474.46,Other,0.0,0.0,0.0,0.0,0.0,0.0,1.0,0.0,0.0,0.0,0.0,0.0,0.0,0.0,0.0,0.0,0.0,1.0,0.0,0.0,0.0,0.0,0.0,1.0,8.153482123338934,4.61512051684126,11.683463549954297,0.2093178104531822,0.7447315744112115,-0.05331314156158311,0.3127803693972627,1.0,0.39128004471771716
2004-08-17,Torino,Vintage Cars,Shipped,37.0,100.0,4750.8,Other,0.0,0.0,0.0,0.0,0.0,0.0,1.0,0.0,0.0,0.0,0.0,0.0,0.0,0.0,0.0,0.0,0.0,1.0,0.0,0.0,0.0,0.0,0.0,1.0,8.466278772614688,4.61512051684126,12.33304085962557,0.8194808279415449,0.7447315744112115,0.26951771693185156,0.46686108178871333,1.0,0.47512576858579947
2004-08-17,Torino,Vintage Cars,Shipped,33.0,41.85,1381.05,Other,0.0,0.0,0.0,0.0,0.0,0.0,1.0,0.0,0.0,0.0,0.0,0.0,0.0,0.0,0.0,0.0,0.0,1.0,0.0,0.0,0.0,0.0,0.0,1.0,7.231323183123227,3.7577056450437887,11.461717832632248,-1.5895099035542424,-2.268937248873167,-0.16351766875873364,0.06006235998959192,0.1316488964549175,0.3633314700950231
2004-08-17,Torino,Classic Cars,Shipped,34.0,100.0,8014.82,Other,0.0,0.0,0.0,0.0,0.0,0.0,1.0,0.0,0.0,0.0,0.0,1.0,0.0,0.0,0.0,0.0,0.0,0.0,0.0,0.0,0.0,0.0,0.0,1.0,8.989172367982706,4.61512051684126,11.683463549954297,1.8394736402488847,0.7447315744112115,-0.05331314156158311,0.8608959994908479,1.0,0.39128004471771716
2004-08-19,Allentown,Vintage Cars,Shipped,44.0,59.87,2634.28,Other,0.0,0.0,0.0,0.0,0.0,0.0,1.0,0.0,0.0,0.0,0.0,0.0,0.0,0.0,0.0,0.0,0.0,1.0,0.0,0.0,0.0,0.0,0.0,1.0,7.876744717189654,4.108740442505833,13.768958087112637,-0.3305055258226776,-1.0351090756091104,0.9831485417366043,0.2113532160235152,0.4007406743720694,0.670765790944658
2004-08-19,Allentown,Trucks and Buses,Shipped,29.0,82.83,2402.07,Other,0.0,0.0,0.0,0.0,0.0,0.0,1.0,0.0,0.0,0.0,0.0,0.0,0.0,0.0,0.0,0.0,1.0,0.0,0.0,0.0,0.0,0.0,0.0,1.0,7.78450236556604,4.428790938649766,10.54555133395328,-0.5104399072721062,0.08981449853376787,-0.6188396341166861,0.18332065242414614,0.7436012304751665,0.2515371716042467
2004-08-19,Allentown,Trucks and Buses,Shipped,36.0,77.57,2792.52,Other,0.0,0.0,0.0,0.0,0.0,0.0,1.0,0.0,0.0,0.0,0.0,0.0,0.0,0.0,0.0,0.0,1.0,0.0,0.0,0.0,0.0,0.0,0.0,1.0,7.935057728350933,4.36398994718773,12.119023021201402,-0.2167560885081117,-0.13795006925085065,0.16315383770961095,0.23045606630543314,0.6650539079532896,0.4471771939631053
2004-08-19,Allentown,Classic Cars,Shipped,20.0,40.66,883.5186,Other,0.0,0.0,0.0,0.0,0.0,0.0,1.0,0.0,0.0,0.0,0.0,1.0,0.0,0.0,0.0,0.0,0.0,0.0,0.0,0.0,0.0,0.0,0.0,1.0,6.785043542208585,3.729541435832826,8.268807419728406,-2.4600541788033214,-2.367929699346531,-1.7503495890608907,0.0,0.11387868470567153,0.0
2004-08-19,Allentown,Trucks and Buses,Shipped,25.0,100.0,2779.5,Other,0.0,0.0,0.0,0.0,0.0,0.0,1.0,0.0,0.0,0.0,0.0,0.0,0.0,0.0,0.0,0.0,1.0,0.0,0.0,0.0,0.0,0.0,0.0,1.0,7.930386046627619,4.61512051684126,9.57572149487329,-0.22586899756146217,0.7447315744112115,-1.1008315308182302,0.22888428223901142,1.0,0.13974287311347044
2004-08-19,Allentown,Trucks and Buses,Shipped,25.0,99.29,2482.25,Other,0.0,0.0,0.0,0.0,0.0,0.0,1.0,0.0,0.0,0.0,0.0,0.0,0.0,0.0,0.0,0.0,1.0,0.0,0.0,0.0,0.0,0.0,0.0,1.0,7.817323465095465,4.608065989100117,9.57572149487329,-0.44641677539864044,0.7199360978971331,-1.1008315308182302,0.1930000415520795,0.9893976047546518,0.13974287311347044
2004-08-19,Allentown,Trucks and Buses,Shipped,31.0,55.19,1710.89,Other,0.0,0.0,0.0,0.0,0.0,0.0,1.0,0.0,0.0,0.0,0.0,0.0,0.0,0.0,0.0,0.0,1.0,0.0,0.0,0.0,0.0,0.0,0.0,1.0,7.445353302300969,4.028738805124107,11.009728365329204,-1.1720077862737055,-1.3163013529060688,-0.388150126800217,0.09988088967227529,0.33085446345906877,0.30743432084963496
2004-08-19,Allentown,Classic Cars,Shipped,27.0,85.98,2321.46,Other,0.0,0.0,0.0,0.0,0.0,0.0,1.0,0.0,0.0,0.0,0.0,1.0,0.0,0.0,0.0,0.0,0.0,0.0,0.0,0.0,0.0,0.0,0.0,1.0,7.750382247719442,4.465678207169493,10.068010317854855,-0.576996995113496,0.2194670328792156,-0.8561708553548468,0.17358935337696835,0.7906400262819939,0.19564002235885858
2004-08-19,Allentown,Trucks and Buses,Shipped,25.0,100.0,2938.5,Other,0.0,0.0,0.0,0.0,0.0,0.0,1.0,0.0,0.0,0.0,0.0,0.0,0.0,0.0,0.0,0.0,1.0,0.0,0.0,0.0,0.0,0.0,0.0,1.0,7.9859947778423095,4.61512051684126,9.57572149487329,-0.11739471781704293,0.7447315744112115,-1.1008315308182302,0.24807888028517516,1.0,0.13974287311347044
2004-08-19,Allentown,Trucks and Buses,Shipped,48.0,100.0,5773.44,Other,0.0,0.0,0.0,0.0,0.0,0.0,1.0,0.0,0.0,0.0,0.0,0.0,0.0,0.0,0.0,0.0,1.0,0.0,0.0,0.0,0.0,0.0,0.0,1.0,8.66119656099116,4.61512051684126,14.546755227281093,1.1997010962638537,0.7447315744112115,1.3697028667658944,0.590314941826002,1.0,0.7825600894354343
2004-08-19,Allentown,Trucks and Buses,Shipped,41.0,100.0,5247.18,Other,0.0,0.0,0.0,0.0,0.0,0.0,1.0,0.0,0.0,0.0,0.0,0.0,0.0,0.0,0.0,0.0,1.0,0.0,0.0,0.0,0.0,0.0,0.0,1.0,8.565636628816224,4.61512051684126,13.166125611826143,1.0132952101974713,0.7447315744112115,0.6835492136397722,0.5267844439154729,1.0,0.5869200670765757
2004-08-19,Allentown,Trucks and Buses,Shipped,29.0,57.73,1674.17,Other,0.0,0.0,0.0,0.0,0.0,0.0,1.0,0.0,0.0,0.0,0.0,0.0,0.0,0.0,0.0,0.0,1.0,0.0,0.0,0.0,0.0,0.0,0.0,1.0,7.423669931646462,4.072950669534428,10.54555133395328,-1.2143048853587064,-1.1609040980003533,-0.6188396341166861,0.09544802401029331,0.3687841591255263,0.2515371716042467
2004-08-19,Allentown,Classic Cars,Shipped,25.0,100.0,4191.25,Other,0.0,0.0,0.0,0.0,0.0,0.0,1.0,0.0,0.0,0.0,0.0,1.0,0.0,0.0,0.0,0.0,0.0,0.0,0.0,0.0,0.0,0.0,0.0,1.0,8.34099286162722,4.61512051684126,9.57572149487329,0.5750893689093213,0.7447315744112115,-1.1008315308182302,0.3993117903627327,1.0,0.13974287311347044
2004-08-19,Allentown,Classic Cars,Shipped,44.0,100.0,7020.64,Other,0.0,0.0,0.0,0.0,0.0,0.0,1.0,0.0,0.0,0.0,0.0,1.0,0.0,0.0,0.0,0.0,0.0,0.0,0.0,0.0,0.0,0.0,0.0,1.0,8.856752087968985,4.61512051684126,13.768958087112637,1.5811653820980882,0.7447315744112115,0.9831485417366043,0.7408778517830802,1.0,0.670765790944658
2004-08-20,Tsawassen,Ships,Shipped,38.0,89.38,3396.44,Other,0.0,0.0,0.0,0.0,0.0,0.0,1.0,0.0,0.0,0.0,0.0,0.0,0.0,0.0,1.0,0.0,0.0,0.0,0.0,0.0,0.0,0.0,0.0,1.0,8.130777485825208,4.504023003983134,12.544675977743431,0.1650285568168947,0.3542425336239014,0.3746974174111126,0.3033617370729753,0.8414120598512678,0.5030743432084936
2004-08-20,Tsawassen,Vintage Cars,Shipped,33.0,72.96,2407.68,Other,0.0,0.0,0.0,0.0,0.0,0.0,1.0,0.0,0.0,0.0,0.0,0.0,0.0,0.0,0.0,0.0,0.0,1.0,0.0,0.0,0.0,0.0,0.0,1.0,7.786834158590167,4.303524406518924,11.461717832632248,-0.5058913487403781,-0.35047625790279907,-0.16351766875873364,0.18399789578917108,0.596213003613774,0.3633314700950231
2004-08-20,Tsawassen,Classic Cars,Shipped,25.0,100.0,2992.0,Other,0.0,0.0,0.0,0.0,0.0,0.0,1.0,0.0,0.0,0.0,0.0,1.0,0.0,0.0,0.0,0.0,0.0,0.0,0.0,0.0,0.0,0.0,0.0,1.0,8.0040315078527,4.61512051684126,9.57572149487329,-0.08221101097669051,0.7447315744112115,-1.1008315308182302,0.25453744000511075,1.0,0.13974287311347044
2004-08-20,San Rafael,Trains,Shipped,36.0,100.0,4174.92,San Rafael,0.0,0.0,0.0,0.0,0.0,0.0,0.0,0.0,0.0,1.0,0.0,0.0,0.0,0.0,0.0,1.0,0.0,0.0,0.0,0.0,0.0,0.0,0.0,1.0,8.337089972290853,4.61512051684126,12.119023021201402,0.567476120046476,0.7447315744112115,0.16315383770961095,0.39734042063887187,1.0,0.4471771939631053
2004-08-20,Tsawassen,Ships,Shipped,47.0,65.77,3091.19,Other,0.0,0.0,0.0,0.0,0.0,0.0,1.0,0.0,0.0,0.0,0.0,0.0,0.0,0.0,1.0,0.0,0.0,0.0,0.0,0.0,0.0,0.0,0.0,1.0,8.036634856719795,4.201253877869777,14.35492029635209,-0.01861263877214979,-0.7099399363022876,1.2743635830212399,0.2665117304466138,0.4888450855658094,0.7546115148127404
2004-08-20,Tsawassen,Ships,Shipped,21.0,98.06,2059.26,Other,0.0,0.0,0.0,0.0,0.0,0.0,1.0,0.0,0.0,0.0,0.0,0.0,0.0,0.0,1.0,0.0,0.0,0.0,0.0,0.0,0.0,0.0,0.0,1.0,7.630587467411595,4.595725727160092,8.539972716394377,-0.8106770706553331,0.6765621561764191,-1.6155842205467048,0.1419363747121625,0.9710300749634142,0.027948574622694067
2004-08-20,San Rafael,Classic Cars,Shipped,24.0,100.0,3778.8,San Rafael,0.0,0.0,0.0,0.0,0.0,0.0,0.0,0.0,0.0,1.0,0.0,1.0,0.0,0.0,0.0,0.0,0.0,0.0,0.0,0.0,0.0,0.0,0.0,1.0,8.237426377160936,4.61512051684126,9.323544176118064,0.37306534205697495,0.7447315744112115,-1.226160139275199,0.34952052014801416,1.0,0.11179429849077627
2004-08-20,San Rafael,Trucks and Buses,Shipped,38.0,100.0,4310.72,San Rafael,0.0,0.0,0.0,0.0,0.0,0.0,0.0,0.0,0.0,1.0,0.0,0.0,0.0,0.0,0.0,0.0,1.0,0.0,0.0,0.0,0.0,0.0,0.0,1.0,8.369092175415526,4.61512051684126,12.544675977743431,0.6299018553286074,0.7447315744112115,0.3746974174111126,0.4137342974606898,1.0,0.5030743432084936
2004-08-20,Tsawassen,Vintage Cars,Shipped,34.0,100.0,3580.88,Other,0.0,0.0,0.0,0.0,0.0,0.0,1.0,0.0,0.0,0.0,0.0,0.0,0.0,0.0,0.0,0.0,0.0,1.0,0.0,0.0,0.0,0.0,0.0,1.0,8.183643081221971,4.61512051684126,11.683463549954297,0.2681518840113991,0.7447315744112115,-0.05331314156158311,0.3256274708065253,1.0,0.39128004471771716
2004-08-20,San Rafael,Trains,Shipped,37.0,66.78,2470.86,San Rafael,0.0,0.0,0.0,0.0,0.0,0.0,0.0,0.0,0.0,1.0,0.0,0.0,0.0,0.0,0.0,1.0,0.0,0.0,0.0,0.0,0.0,0.0,0.0,1.0,7.812726182669592,4.2162671661789055,12.33304085962557,-0.4553845559797687,-0.6571707572264118,0.26951771693185156,0.19162503229581657,0.5039273661260939,0.47512576858579947
2004-08-20,San Rafael,Trains,Shipped,36.0,59.65,2147.4,San Rafael,0.0,0.0,0.0,0.0,0.0,0.0,0.0,0.0,0.0,1.0,0.0,0.0,0.0,0.0,0.0,1.0,0.0,0.0,0.0,0.0,0.0,0.0,0.0,1.0,7.672478658031304,4.105119635390059,12.119023021201402,-0.7289611848429873,-1.0478356026135447,0.16315383770961095,0.15257670094982834,0.3974554251411164,0.4471771939631053
2004-08-20,San Rafael,Classic Cars,Shipped,41.0,100.0,7071.27,San Rafael,0.0,0.0,0.0,0.0,0.0,0.0,0.0,0.0,0.0,1.0,0.0,1.0,0.0,0.0,0.0,0.0,0.0,0.0,0.0,0.0,0.0,0.0,0.0,1.0,8.863936782321721,4.61512051684126,13.166125611826143,1.5951803493176768,0.7447315744112115,0.6835492136397722,0.7469899429722454,1.0,0.5869200670765757
2004-08-20,Tsawassen,Vintage Cars,Shipped,46.0,100.0,5795.54,Other,0.0,0.0,0.0,0.0,0.0,0.0,1.0,0.0,0.0,0.0,0.0,0.0,0.0,0.0,0.0,0.0,0.0,1.0,0.0,0.0,0.0,0.0,0.0,1.0,8.665016466802596,4.61512051684126,14.161377611660777,1.2071524716600546,0.7447315744112115,1.1781755694872693,0.5929828702336764,1.0,0.7266629401900462
2004-08-20,Tsawassen,Vintage Cars,Shipped,34.0,92.94,3159.96,Other,0.0,0.0,0.0,0.0,0.0,0.0,1.0,0.0,0.0,0.0,0.0,0.0,0.0,0.0,0.0,0.0,0.0,1.0,0.0,0.0,0.0,0.0,0.0,1.0,8.058631057912205,4.542656280598849,11.683463549954297,0.02429468943586478,0.4900319922718772,-0.05331314156158311,0.2748136959034357,0.8945733655885075,0.39128004471771716
2004-08-20,San Rafael,Classic Cars,Shipped,31.0,100.0,4674.8,San Rafael,0.0,0.0,0.0,0.0,0.0,0.0,0.0,0.0,0.0,1.0,0.0,1.0,0.0,0.0,0.0,0.0,0.0,0.0,0.0,0.0,0.0,0.0,0.0,1.0,8.45015555007757,4.61512051684126,11.009728365329204,0.7880297425873296,0.7447315744112115,-0.388150126800217,0.4576863053641319,1.0,0.30743432084963496
2004-08-20,San Rafael,Classic Cars,Shipped,35.050383351588174,100.0,4364.82,San Rafael,0.0,0.0,0.0,0.0,0.0,0.0,0.0,0.0,0.0,1.0,0.0,1.0,0.0,0.0,0.0,0.0,0.0,0.0,0.0,0.0,0.0,0.0,0.0,1.0,8.381561308591658,4.61512051684126,11.913498472712774,0.6542250184501732,0.7447315744112115,0.06101100506720186,0.42026528962608256,1.0,0.42063676220201485
2004-08-20,San Rafael,Vintage Cars,Shipped,43.0,100.0,6695.53,San Rafael,0.0,0.0,0.0,0.0,0.0,0.0,0.0,0.0,0.0,1.0,0.0,0.0,0.0,0.0,0.0,0.0,0.0,1.0,0.0,0.0,0.0,0.0,0.0,1.0,8.809344760769356,4.61512051684126,13.569968697266269,1.488689334537607,0.7447315744112115,0.8842535917456676,0.7016303312120845,1.0,0.6428172163219641
2004-08-20,San Rafael,Classic Cars,Shipped,23.0,100.0,3238.63,San Rafael,0.0,0.0,0.0,0.0,0.0,0.0,0.0,0.0,0.0,1.0,0.0,1.0,0.0,0.0,0.0,0.0,0.0,0.0,0.0,0.0,0.0,0.0,0.0,1.0,8.083214404734477,4.61512051684126,9.067037908070397,0.07224868482478905,0.7447315744112115,-1.353640175122944,0.28431079671030174,1.0,0.0838457238680822
2004-08-20,Tsawassen,Ships,Shipped,33.0,51.32,1693.56,Other,0.0,0.0,0.0,0.0,0.0,0.0,1.0,0.0,0.0,0.0,0.0,0.0,0.0,0.0,1.0,0.0,0.0,0.0,0.0,0.0,0.0,0.0,0.0,1.0,7.435178399095359,3.9573787071489432,11.461717832632248,-1.1918556639826317,-1.567120075053294,-0.16351766875873364,0.09778879920598585,0.27306394289639524,0.3633314700950231
2004-08-20,Tsawassen,Ships,Shipped,45.0,78.67,3540.15,Other,0.0,0.0,0.0,0.0,0.0,0.0,1.0,0.0,0.0,0.0,0.0,0.0,0.0,0.0,1.0,0.0,0.0,0.0,0.0,0.0,0.0,0.0,0.0,1.0,8.172206812129701,4.3778931033922746,13.966075138951927,0.24584349779848683,-0.08908281749552385,1.0811129658652374,0.3207105149674042,0.6814801541080548,0.6987143655673522
2004-08-20,Tsawassen,Planes,Shipped,43.0,57.61,2477.23,Other,0.0,0.0,0.0,0.0,0.0,0.0,1.0,0.0,0.0,0.0,0.0,0.0,0.0,1.0,0.0,0.0,0.0,0.0,0.0,0.0,0.0,0.0,0.0,1.0,7.815299874669608,4.070905330488338,13.569968697266269,-0.45036413239002865,-1.168093120163367,0.8842535917456676,0.19239402342508738,0.366992204999552,0.6428172163219641
2004-08-20,Tsawassen,Ships,Shipped,20.0,94.14,1882.8,Other,0.0,0.0,0.0,0.0,0.0,0.0,1.0,0.0,0.0,0.0,0.0,0.0,0.0,0.0,1.0,0.0,0.0,0.0,0.0,0.0,0.0,0.0,0.0,1.0,7.5410462923887165,4.555349491004136,8.268807419728406,-0.9853423481380486,0.5346464883857687,-1.7503495890608907,0.12063399250319357,0.9124929068482512,0.0
2004-08-20,Tsawassen,Ships,Shipped,22.0,88.15,1939.3,Other,0.0,0.0,0.0,0.0,0.0,0.0,1.0,0.0,0.0,0.0,0.0,0.0,0.0,0.0,1.0,0.0,0.0,0.0,0.0,0.0,0.0,0.0,0.0,1.0,7.570597879277226,4.49032034430915,8.805943150564206,-0.9276969562541771,0.30607999339528197,-1.4834006262023,0.12745471445041529,0.8230445300600304,0.055897149245388134
2004-08-20,San Rafael,Classic Cars,Shipped,29.0,46.82,1357.78,San Rafael,0.0,0.0,0.0,0.0,0.0,0.0,0.0,0.0,0.0,1.0,0.0,1.0,0.0,0.0,0.0,0.0,0.0,0.0,0.0,0.0,0.0,0.0,0.0,1.0,7.2143425173085145,3.867443962030179,10.54555133395328,-1.6226335777254857,-1.8832255525874741,-0.6188396341166861,0.057253188313276,0.2058656631723561,0.2515371716042467
2004-08-20,San Rafael,Ships,Shipped,43.0,86.61,3724.23,San Rafael,0.0,0.0,0.0,0.0,0.0,0.0,0.0,0.0,0.0,1.0,0.0,0.0,0.0,0.0,1.0,0.0,0.0,0.0,0.0,0.0,0.0,0.0,0.0,1.0,8.222883873873961,4.4728951466782725,13.569968697266269,0.34469771820946765,0.2448333593945741,0.8842535917456676,0.3429327892336798,0.8000477854433592,0.6428172163219641
2004-08-20,Tsawassen,Ships,Shipped,42.0,100.0,5316.36,Other,0.0,0.0,0.0,0.0,0.0,0.0,1.0,0.0,0.0,0.0,0.0,0.0,0.0,0.0,1.0,0.0,0.0,0.0,0.0,0.0,0.0,0.0,0.0,1.0,8.57873221856607,4.61512051684126,13.369046010543581,1.0388403833189142,0.7447315744112115,0.7843978201850537,0.5351359048766905,1.0,0.6148686416992699
2004-08-20,San Rafael,Classic Cars,Shipped,39.0,100.0,4797.39,San Rafael,0.0,0.0,0.0,0.0,0.0,0.0,0.0,0.0,0.0,1.0,0.0,1.0,0.0,0.0,0.0,0.0,0.0,0.0,0.0,0.0,0.0,0.0,0.0,1.0,8.476035723964564,4.61512051684126,12.754015005493859,0.8385134195339168,0.7447315744112115,0.4787359930181514,0.47248546117846657,1.0,0.5310229178311876
2004-08-21,Oslo,Planes,Shipped,24.0,83.12,1994.88,Other,0.0,0.0,0.0,0.0,0.0,0.0,1.0,0.0,0.0,0.0,0.0,0.0,0.0,1.0,0.0,0.0,0.0,0.0,0.0,0.0,0.0,0.0,0.0,1.0,7.598840334823635,4.432244350834499,9.323544176118064,-0.8726052475118444,0.10195266055708578,-1.226160139275199,0.1341643733146026,0.7479317862796047,0.11179429849077627
2004-08-21,Oslo,Planes,Shipped,30.0,73.99,2219.7,Other,0.0,0.0,0.0,0.0,0.0,0.0,1.0,0.0,0.0,0.0,0.0,0.0,0.0,1.0,0.0,0.0,0.0,0.0,0.0,0.0,0.0,0.0,0.0,1.0,7.705577740480214,4.317354771313298,10.779232502977782,-0.6643958000478362,-0.3018648556908492,-0.5027033539745942,0.16130481062742352,0.6115939431950541,0.2794857462269409
2004-08-21,Oslo,Planes,Shipped,21.0,55.96,1175.16,Other,0.0,0.0,0.0,0.0,0.0,0.0,1.0,0.0,0.0,0.0,0.0,0.0,0.0,1.0,0.0,0.0,0.0,0.0,0.0,0.0,0.0,0.0,0.0,1.0,7.070010173625778,4.04234926710372,8.539972716394377,-1.9041783402622132,-1.2684628720403583,-1.6155842205467048,0.03520716633094631,0.3423528357674044,0.027948574622694067
2004-08-21,Oslo,Planes,Shipped,21.0,71.0,1491.0,Other,0.0,0.0,0.0,0.0,0.0,0.0,1.0,0.0,0.0,0.0,0.0,0.0,0.0,1.0,0.0,0.0,0.0,0.0,0.0,0.0,0.0,0.0,0.0,1.0,7.307872780763706,4.276666119016055,8.539972716394377,-1.4401869053955954,-0.44487861358449793,-1.6155842205467048,0.07333560561962779,0.5669444195561928,0.027948574622694067
2004-08-21,Oslo,Planes,Shipped,32.0,64.41,2061.12,Other,0.0,0.0,0.0,0.0,0.0,0.0,1.0,0.0,0.0,0.0,0.0,0.0,0.0,1.0,0.0,0.0,0.0,0.0,0.0,0.0,0.0,0.0,0.0,1.0,7.631489858809873,4.180675151973121,11.237179911736995,-0.8089168028909443,-0.7822706908734731,-0.2751098821684491,0.14216091529307984,0.4685362721380999,0.335382895472329
2004-08-21,Oslo,Planes,Shipped,22.0,100.0,2310.88,Other,0.0,0.0,0.0,0.0,0.0,0.0,1.0,0.0,0.0,0.0,0.0,0.0,0.0,1.0,0.0,0.0,0.0,0.0,0.0,0.0,0.0,0.0,0.0,1.0,7.745816325331068,4.61512051684126,8.805943150564206,-0.5859036026125167,0.7447315744112115,-1.4834006262023,0.17231212792207268,1.0,0.055897149245388134
2004-08-21,Oslo,Vintage Cars,Shipped,33.0,51.93,1713.69,Other,0.0,0.0,0.0,0.0,0.0,0.0,1.0,0.0,0.0,0.0,0.0,0.0,0.0,0.0,0.0,0.0,0.0,1.0,0.0,0.0,0.0,0.0,0.0,1.0,7.446987585243848,3.9689702858698963,11.461717832632248,-1.1688198396823155,-1.5263776287148612,-0.16351766875873364,0.10021890775107564,0.28217304303676494,0.3633314700950231
2004-08-21,Oslo,Planes,Shipped,31.0,71.81,2226.11,Other,0.0,0.0,0.0,0.0,0.0,0.0,1.0,0.0,0.0,0.0,0.0,0.0,0.0,1.0,0.0,0.0,0.0,0.0,0.0,0.0,0.0,0.0,0.0,1.0,7.708460059840856,4.2878533084066195,11.009728365329204,-0.6587733463466001,-0.4055575276137793,-0.388150126800217,0.16207863058639155,0.5790401099065197,0.30743432084963496
2004-08-21,Oslo,Vintage Cars,Shipped,39.0,71.67,2795.13,Other,0.0,0.0,0.0,0.0,0.0,0.0,1.0,0.0,0.0,0.0,0.0,0.0,0.0,0.0,0.0,0.0,0.0,1.0,0.0,0.0,0.0,0.0,0.0,1.0,7.935991597265689,4.2859286446285445,12.754015005493859,-0.21493441849890463,-0.4123223965402182,0.4787359930181514,0.23077114744317206,0.5769494967595497,0.5310229178311876
2004-08-21,Oslo,Planes,Shipped,45.0,100.0,4576.95,Other,0.0,0.0,0.0,0.0,0.0,0.0,1.0,0.0,0.0,0.0,0.0,0.0,0.0,1.0,0.0,0.0,0.0,0.0,0.0,0.0,0.0,0.0,0.0,1.0,8.429006578652956,4.61512051684126,13.966075138951927,0.7467750800099137,0.7447315744112115,1.0811129658652374,0.4458737807174833,1.0,0.6987143655673522
2004-08-21,Oslo,Planes,Shipped,45.0,100.0,5747.85,Other,0.0,0.0,0.0,0.0,0.0,0.0,1.0,0.0,0.0,0.0,0.0,0.0,0.0,1.0,0.0,0.0,0.0,0.0,0.0,0.0,0.0,0.0,0.0,1.0,8.65675511378873,4.61512051684126,13.966075138951927,1.1910372987669033,0.7447315744112115,1.0811129658652374,0.5872256980272516,1.0,0.6987143655673522
2004-08-21,Oslo,Planes,Shipped,25.0,69.6,1740.0,Other,0.0,0.0,0.0,0.0,0.0,0.0,1.0,0.0,0.0,0.0,0.0,0.0,0.0,1.0,0.0,0.0,0.0,0.0,0.0,0.0,0.0,0.0,0.0,1.0,7.462214939768189,4.257030144499196,9.57572149487329,-1.13911629712056,-0.5138957558836618,-1.1008315308182302,0.1033950704843748,0.5460382880864916,0.13974287311347044
2004-08-21,Oslo,Vintage Cars,Shipped,50.0,81.86,4093.0,Other,0.0,0.0,0.0,0.0,0.0,0.0,1.0,0.0,0.0,0.0,0.0,0.0,0.0,0.0,0.0,0.0,0.0,1.0,0.0,0.0,0.0,0.0,0.0,1.0,8.317277766221235,4.417152436649256,14.925497315272617,0.5288290454485558,0.04890712477298822,1.5579323994073224,0.38745097741911255,0.7291162679568737,0.8384572386808227
2004-08-27,Cambridge,Motorcycles,Shipped,38.0,59.56,2263.28,Other,0.0,0.0,0.0,0.0,0.0,0.0,1.0,0.0,0.0,0.0,0.0,0.0,1.0,0.0,0.0,0.0,0.0,0.0,0.0,0.0,0.0,0.0,0.0,1.0,7.725012106587623,4.103634609129194,12.544675977743431,-0.6264857665019964,-1.0530552197339547,0.3746974174111126,0.16656582058246644,0.3961114595466356,0.5030743432084936
2004-08-27,Cambridge,Motorcycles,Shipped,49.0,100.0,6863.92,Other,0.0,0.0,0.0,0.0,0.0,0.0,1.0,0.0,0.0,0.0,0.0,0.0,1.0,0.0,0.0,0.0,0.0,0.0,0.0,0.0,0.0,0.0,0.0,1.0,8.83417966482026,4.61512051684126,14.736931873780104,1.5371340350477285,0.7447315744112115,1.464218006289084,0.7219584970296539,1.0,0.8105086640581285
2004-08-27,Cambridge,Motorcycles,Shipped,20.0,49.06,981.2,Other,0.0,0.0,0.0,0.0,0.0,0.0,1.0,0.0,0.0,0.0,0.0,0.0,1.0,0.0,0.0,0.0,0.0,0.0,0.0,0.0,0.0,0.0,0.0,1.0,6.889794953605144,3.913222286003628,8.268807419728406,-2.255718750620574,-1.7223224562231934,-1.7503495890608907,0.011792171129475101,0.23931547352387783,0.0
2004-08-27,Cambridge,Motorcycles,Shipped,35.050383351588174,70.08,2733.12,Other,0.0,0.0,0.0,0.0,0.0,0.0,1.0,0.0,0.0,0.0,0.0,0.0,1.0,0.0,0.0,0.0,0.0,0.0,0.0,0.0,0.0,0.0,0.0,1.0,7.913564908054404,4.263806003286451,11.913498472712774,-0.2586814867399324,-0.4900797537943594,0.06101100506720186,0.22328525420516815,0.5532061045903891,0.42063676220201485
2004-08-27,Cambridge,Motorcycles,Shipped,26.0,100.0,2600.26,Other,0.0,0.0,0.0,0.0,0.0,0.0,1.0,0.0,0.0,0.0,0.0,0.0,1.0,0.0,0.0,0.0,0.0,0.0,0.0,0.0,0.0,0.0,0.0,1.0,7.863751222006077,4.61512051684126,9.823805373555334,-0.35585154614382997,0.7447315744112115,-0.9775373049564378,0.2072462963660907,1.0,0.1676914477361645
2004-08-27,Cambridge,Motorcycles,Shipped,36.0,100.0,4099.68,Other,0.0,0.0,0.0,0.0,0.0,0.0,1.0,0.0,0.0,0.0,0.0,0.0,1.0,0.0,0.0,0.0,0.0,0.0,0.0,0.0,0.0,0.0,0.0,1.0,8.318908092598738,4.61512051684126,12.119023021201402,0.532009274086847,0.7447315744112115,0.16315383770961095,0.38825739197853637,1.0,0.4471771939631053
2004-08-27,Cambridge,Motorcycles,Shipped,27.0,100.0,5438.07,Other,0.0,0.0,0.0,0.0,0.0,0.0,1.0,0.0,0.0,0.0,0.0,0.0,1.0,0.0,0.0,0.0,0.0,0.0,0.0,0.0,0.0,0.0,0.0,1.0,8.601363369353013,4.61512051684126,10.068010317854855,1.0829862886071182,0.7447315744112115,-0.8561708553548468,0.5498288264376878,1.0,0.19564002235885858
2004-08-27,Cambridge,Planes,Shipped,45.0,100.0,5392.8,Other,0.0,0.0,0.0,0.0,0.0,0.0,1.0,0.0,0.0,0.0,0.0,0.0,0.0,1.0,0.0,0.0,0.0,0.0,0.0,0.0,0.0,0.0,0.0,1.0,8.593005424777184,4.61512051684126,13.966075138951927,1.0666826974586954,0.7447315744112115,1.0811129658652374,0.5443637984279406,1.0,0.6987143655673522
2004-08-27,Cambridge,Motorcycles,Shipped,37.0,41.03,1518.11,Other,0.0,0.0,0.0,0.0,0.0,0.0,1.0,0.0,0.0,0.0,0.0,0.0,1.0,0.0,0.0,0.0,0.0,0.0,0.0,0.0,0.0,0.0,0.0,1.0,7.325879916037056,3.7383836490170252,12.33304085962557,-1.4050609281188307,-2.3368508096764793,0.26951771693185156,0.07660834494686991,0.11940387659409257,0.47512576858579947
2004-08-27,Cambridge,Motorcycles,Shipped,37.0,98.89,3658.93,Other,0.0,0.0,0.0,0.0,0.0,0.0,1.0,0.0,0.0,0.0,0.0,0.0,1.0,0.0,0.0,0.0,0.0,0.0,0.0,0.0,0.0,0.0,0.0,1.0,8.205199300529454,4.604069580544058,12.33304085962557,0.31020095278738646,0.7058893951087225,0.26951771693185156,0.33504972475308553,0.983424424334737,0.47512576858579947
2004-08-27,Cambridge,Motorcycles,Shipped,47.0,100.0,6484.59,Other,0.0,0.0,0.0,0.0,0.0,0.0,1.0,0.0,0.0,0.0,0.0,0.0,1.0,0.0,0.0,0.0,0.0,0.0,0.0,0.0,0.0,0.0,0.0,1.0,8.777338071794919,4.61512051684126,14.35492029635209,1.4262548488432358,0.7447315744112115,1.2743635830212399,0.676165497804174,1.0,0.7546115148127404
2004-08-27,Cambridge,Motorcycles,Shipped,39.0,78.92,3077.88,Other,0.0,0.0,0.0,0.0,0.0,0.0,1.0,0.0,0.0,0.0,0.0,0.0,1.0,0.0,0.0,0.0,0.0,0.0,0.0,0.0,0.0,0.0,0.0,1.0,8.03232117347225,4.381026134340298,12.754015005493859,-0.027027210964356927,-0.07807074154371492,0.4787359930181514,0.2649049373648878,0.6852133918705015,0.5310229178311876
2004-08-27,Cambridge,Motorcycles,Shipped,34.0,100.0,3716.88,Other,0.0,0.0,0.0,0.0,0.0,0.0,1.0,0.0,0.0,0.0,0.0,0.0,1.0,0.0,0.0,0.0,0.0,0.0,0.0,0.0,0.0,0.0,0.0,1.0,8.220908892343637,4.61512051684126,11.683463549954297,0.3408451811288543,0.7447315744112115,-0.05331314156158311,0.34204549177682886,1.0,0.39128004471771716
2004-08-28,Paris,Motorcycles,Shipped,38.0,57.2,2173.6,Paris,0.0,0.0,0.0,0.0,0.0,0.0,0.0,1.0,0.0,0.0,0.0,0.0,1.0,0.0,0.0,0.0,0.0,0.0,0.0,0.0,0.0,0.0,0.0,1.0,7.684600018563649,4.063885354737392,12.544675977743431,-0.7053164113596251,-1.1927671522529737,0.3746974174111126,0.15573958440146035,0.3608696950691396,0.5030743432084936
2004-08-30,Gensve,Classic Cars,Shipped,43.0,70.76,3042.68,Other,0.0,0.0,0.0,0.0,0.0,0.0,1.0,0.0,0.0,0.0,0.0,1.0,0.0,0.0,0.0,0.0,0.0,0.0,0.0,0.0,0.0,0.0,0.0,1.0,8.020822588619831,4.27332721775054,13.569968697266269,-0.04945715465666455,-0.4566142890187397,0.8842535917456676,0.2606555672313974,0.5633605113042439,0.6428172163219641
2004-08-30,Gensve,Classic Cars,Shipped,40.0,100.0,6761.6,Other,0.0,0.0,0.0,0.0,0.0,0.0,1.0,0.0,0.0,0.0,0.0,1.0,0.0,0.0,0.0,0.0,0.0,0.0,0.0,0.0,0.0,0.0,0.0,1.0,8.819162710476087,4.61512051684126,12.961139346341028,1.507840913790385,0.7447315744112115,0.5816739001387327,0.709606350664349,1.0,0.5589714924538818
2004-08-30,Gensve,Classic Cars,Shipped,24.0,100.0,3516.48,Other,0.0,0.0,0.0,0.0,0.0,0.0,1.0,0.0,0.0,0.0,0.0,1.0,0.0,0.0,0.0,0.0,0.0,0.0,0.0,0.0,0.0,0.0,0.0,1.0,8.165500103115948,4.61512051684126,9.323544176118064,0.23276092220593034,0.7447315744112115,-1.226160139275199,0.3178530549941168,1.0,0.11179429849077627
2004-08-30,Gensve,Classic Cars,Shipped,44.0,100.0,5052.96,Other,0.0,0.0,0.0,0.0,0.0,0.0,1.0,0.0,0.0,0.0,0.0,1.0,0.0,0.0,0.0,0.0,0.0,0.0,0.0,0.0,0.0,0.0,0.0,1.0,8.52792737339367,4.61512051684126,13.768958087112637,0.9397368996172937,0.7447315744112115,0.9831485417366043,0.5033380613209701,1.0,0.670765790944658
2004-08-30,Gensve,Classic Cars,Shipped,36.0,100.0,5852.52,Other,0.0,0.0,0.0,0.0,0.0,0.0,1.0,0.0,0.0,0.0,0.0,1.0,0.0,0.0,0.0,0.0,0.0,0.0,0.0,0.0,0.0,0.0,0.0,1.0,8.674798468673094,4.61512051684126,12.119023021201402,1.2262339285496968,0.7447315744112115,0.16315383770961095,0.5998615381372638,1.0,0.4471771939631053
2004-08-30,Gensve,Classic Cars,Shipped,41.0,69.43,2846.63,Other,0.0,0.0,0.0,0.0,0.0,0.0,1.0,0.0,0.0,0.0,0.0,1.0,0.0,0.0,0.0,0.0,0.0,0.0,0.0,0.0,0.0,0.0,0.0,1.0,7.95424234836175,4.254619308757319,13.166125611826143,-0.1793332271626622,-0.5223694373561124,0.6835492136397722,0.23698826567825027,0.5434996864080281,0.5869200670765757
2004-08-30,Gensve,Classic Cars,Shipped,36.0,100.0,4297.32,Other,0.0,0.0,0.0,0.0,0.0,0.0,1.0,0.0,0.0,0.0,0.0,1.0,0.0,0.0,0.0,0.0,0.0,0.0,0.0,0.0,0.0,0.0,0.0,1.0,8.365979527665013,4.61512051684126,12.119023021201402,0.6238301069635641,0.7447315744112115,0.16315383770961095,0.41211663951214506,1.0,0.4471771939631053
2004-08-30,Gensve,Classic Cars,Shipped,23.0,100.0,2675.13,Other,0.0,0.0,0.0,0.0,0.0,0.0,1.0,0.0,0.0,0.0,0.0,1.0,0.0,0.0,0.0,0.0,0.0,0.0,0.0,0.0,0.0,0.0,0.0,1.0,7.892127000038255,4.61512051684126,9.067037908070397,-0.3004997692377092,0.7447315744112115,-1.353640175122944,0.21628465835172772,1.0,0.0838457238680822
2004-08-30,Gensve,Classic Cars,Shipped,40.0,88.12,3524.8,Other,0.0,0.0,0.0,0.0,0.0,0.0,1.0,0.0,0.0,0.0,0.0,1.0,0.0,0.0,0.0,0.0,0.0,0.0,0.0,0.0,0.0,0.0,0.0,1.0,8.167862639851643,4.489983776178974,12.961139346341028,0.23736945157130837,0.3048970131202895,0.5816739001387327,0.31885745157112366,0.822596541528537,0.5589714924538818
2004-08-30,Gensve,Classic Cars,Shipped,34.0,100.0,4300.32,Other,0.0,0.0,0.0,0.0,0.0,0.0,1.0,0.0,0.0,0.0,0.0,1.0,0.0,0.0,0.0,0.0,0.0,0.0,0.0,0.0,0.0,0.0,0.0,1.0,8.36667723131812,4.61512051684126,11.683463549954297,0.6251910964987065,0.7447315744112115,-0.05331314156158311,0.4124788017394312,1.0,0.39128004471771716
2004-08-30,Gensve,Classic Cars,Shipped,36.0,39.65,1427.4,Other,0.0,0.0,0.0,0.0,0.0,0.0,1.0,0.0,0.0,0.0,0.0,1.0,0.0,0.0,0.0,0.0,0.0,0.0,0.0,0.0,0.0,0.0,0.0,1.0,7.264310215720293,3.7049988359938197,12.119023021201402,-1.5251630910355802,-2.454192803020138,0.16315383770961095,0.0656577664011623,0.09879640414538726,0.4471771939631053
2004-08-30,Gensve,Classic Cars,Shipped,41.0,100.0,6499.32,Other,0.0,0.0,0.0,0.0,0.0,0.0,1.0,0.0,0.0,0.0,0.0,1.0,0.0,0.0,0.0,0.0,0.0,0.0,0.0,0.0,0.0,0.0,0.0,1.0,8.779606685441165,4.61512051684126,13.166125611826143,1.430680165262429,0.7447315744112115,0.6835492136397722,0.6779437143401488,1.0,0.5869200670765757
2004-08-30,Gensve,Classic Cars,Shipped,45.0,100.0,4756.5,Other,0.0,0.0,0.0,0.0,0.0,0.0,1.0,0.0,0.0,0.0,0.0,1.0,0.0,0.0,0.0,0.0,0.0,0.0,0.0,0.0,0.0,0.0,0.0,1.0,8.467477599170305,4.61512051684126,13.966075138951927,0.8218193428531153,0.7447315744112115,1.0811129658652374,0.46754919002055695,1.0,0.6987143655673522
2004-08-30,Gensve,Classic Cars,Shipped,44.0,82.39,3625.16,Other,0.0,0.0,0.0,0.0,0.0,0.0,1.0,0.0,0.0,0.0,0.0,1.0,0.0,0.0,0.0,0.0,0.0,0.0,0.0,0.0,0.0,0.0,0.0,1.0,8.195929516099696,4.423528398098894,13.768958087112637,0.29211866305626577,0.07131755509239254,0.9831485417366043,0.33097298528126823,0.7370307320132605,0.670765790944658
2004-08-30,Gensve,Classic Cars,Shipped,27.0,100.0,4310.55,Other,0.0,0.0,0.0,0.0,0.0,0.0,1.0,0.0,0.0,0.0,0.0,1.0,0.0,0.0,0.0,0.0,0.0,0.0,0.0,0.0,0.0,0.0,0.0,1.0,8.369052747217168,4.61512051684126,10.068010317854855,0.6298249439277347,0.7447315744112115,-0.8561708553548468,0.4137137749344769,1.0,0.19564002235885858
2004-08-30,Gensve,Classic Cars,Shipped,21.0,100.0,3432.24,Other,0.0,0.0,0.0,0.0,0.0,0.0,1.0,0.0,0.0,0.0,0.0,1.0,0.0,0.0,0.0,0.0,0.0,0.0,0.0,0.0,0.0,0.0,0.0,1.0,8.141259700714095,4.61512051684126,8.539972716394377,0.18547589818507598,0.7447315744112115,-1.6155842205467048,0.30768353965192285,1.0,0.027948574622694067
2004-08-30,Gensve,Classic Cars,Shipped,20.0,67.97,1359.4,Other,0.0,0.0,0.0,0.0,0.0,0.0,1.0,0.0,0.0,0.0,0.0,1.0,0.0,0.0,0.0,0.0,0.0,0.0,0.0,0.0,0.0,0.0,0.0,1.0,7.21553405313304,4.2336716274432,8.268807419728406,-1.6203092846238127,-0.5959970080607293,-1.7503495890608907,0.05744875591601051,0.5216975778753397,0.0
2004-09-01,Singapore,Classic Cars,Shipped,36.0,66.14,2381.04,Singapore,0.0,0.0,0.0,0.0,0.0,0.0,0.0,0.0,0.0,0.0,1.0,1.0,0.0,0.0,0.0,0.0,0.0,0.0,0.0,0.0,0.0,0.0,0.0,1.0,7.775712542385502,4.206779991551889,12.119023021201402,-0.5275859510275116,-0.6905165777095079,0.16315383770961095,0.18078189521087046,0.49437027745423057,0.4471771939631053
2004-09-01,Singapore,Classic Cars,Shipped,41.0,100.0,4873.26,Singapore,0.0,0.0,0.0,0.0,0.0,0.0,0.0,0.0,0.0,0.0,1.0,1.0,0.0,0.0,0.0,0.0,0.0,0.0,0.0,0.0,0.0,0.0,0.0,1.0,8.491723577038146,4.61512051684126,13.166125611826143,0.8691152427678092,0.7447315744112115,0.6835492136397722,0.48164454390653233,1.0,0.5869200670765757
2004-09-01,Singapore,Vintage Cars,Shipped,33.0,40.62,1340.46,Singapore,0.0,0.0,0.0,0.0,0.0,0.0,0.0,0.0,0.0,0.0,1.0,0.0,0.0,0.0,0.0,0.0,0.0,1.0,0.0,0.0,0.0,0.0,0.0,1.0,7.201513852052515,3.7285808209654885,11.461717832632248,-1.6476580692635907,-2.3713060987677466,-0.16351766875873364,0.05516230505441089,0.11328136666368005,0.3633314700950231
2004-09-01,Singapore,Classic Cars,Shipped,34.0,68.49,2328.66,Singapore,0.0,0.0,0.0,0.0,0.0,0.0,0.0,0.0,0.0,0.0,1.0,1.0,0.0,0.0,0.0,0.0,0.0,0.0,0.0,0.0,0.0,0.0,0.0,1.0,7.753477613165205,4.241182857326236,11.683463549954297,-0.5709589588206241,-0.5695963004597827,-0.05331314156158311,0.17445854272245498,0.5294627124212286,0.39128004471771716
2004-09-01,Singapore,Vintage Cars,Shipped,35.0,80.99,2834.65,Singapore,0.0,0.0,0.0,0.0,0.0,0.0,0.0,0.0,0.0,0.0,1.0,0.0,0.0,0.0,0.0,0.0,0.0,1.0,0.0,0.0,0.0,0.0,0.0,1.0,7.9500264667778655,4.406597288608086,11.902530119204657,-0.1875570205906052,0.011807557663615924,0.05555988642964223,0.2355420311839544,0.7161246005435593,0.41922861934041133
2004-09-01,Singapore,Vintage Cars,Shipped,32.0,100.0,5875.2,Singapore,0.0,0.0,0.0,0.0,0.0,0.0,0.0,0.0,0.0,0.0,1.0,0.0,0.0,0.0,0.0,0.0,0.0,1.0,0.0,0.0,0.0,0.0,0.0,1.0,8.67866557347423,4.61512051684126,11.237179911736995,1.2337773735957622,0.7447315744112115,-0.2751098821684491,0.6025994845755468,1.0,0.335382895472329
2004-09-01,Singapore,Vintage Cars,Shipped,28.0,61.75,1729.0,Singapore,0.0,0.0,0.0,0.0,0.0,0.0,0.0,0.0,0.0,0.0,1.0,0.0,0.0,0.0,0.0,0.0,0.0,1.0,0.0,0.0,0.0,0.0,0.0,1.0,7.455876687491824,4.139158578011894,10.308532382015233,-1.1514801352355257,-0.9281944539337496,-0.7366347457903012,0.10206714231765907,0.4288146223456679,0.22358859698155265
2004-09-01,Singapore,Classic Cars,Shipped,48.0,100.0,6539.04,Singapore,0.0,0.0,0.0,0.0,0.0,0.0,0.0,0.0,0.0,0.0,1.0,1.0,0.0,0.0,0.0,0.0,0.0,0.0,0.0,0.0,0.0,0.0,0.0,1.0,8.785698560640492,4.61512051684126,14.546755227281093,1.4425634030221388,0.7447315744112115,1.3697028667658944,0.6827387422294169,1.0,0.7825600894354343
2004-09-01,Singapore,Classic Cars,Shipped,50.0,52.32,2616.0,Singapore,0.0,0.0,0.0,0.0,0.0,0.0,0.0,0.0,0.0,0.0,1.0,1.0,0.0,0.0,0.0,0.0,0.0,0.0,0.0,0.0,0.0,0.0,0.0,1.0,7.869783902530146,3.976311495310508,14.925497315272617,-0.34408377765707776,-1.5005745143252165,1.5579323994073224,0.20914644085191847,0.28799689394618166,0.8384572386808227
2004-09-01,Singapore,Vintage Cars,Shipped,31.0,100.0,3822.92,Singapore,0.0,0.0,0.0,0.0,0.0,0.0,0.0,0.0,0.0,0.0,1.0,0.0,0.0,0.0,0.0,0.0,0.0,1.0,0.0,0.0,0.0,0.0,0.0,1.0,8.249031353450363,4.61512051684126,11.009728365329204,0.3957028203261073,0.7447315744112115,-0.388150126800217,0.35484671930396855,1.0,0.30743432084963496
2004-09-01,Singapore,Classic Cars,Shipped,35.0,80.87,2830.45,Singapore,0.0,0.0,0.0,0.0,0.0,0.0,0.0,0.0,0.0,0.0,1.0,1.0,0.0,0.0,0.0,0.0,0.0,0.0,0.0,0.0,0.0,0.0,0.0,1.0,7.948544226913045,4.405132623388357,11.902530119204657,-0.19044838132178493,0.006659506172516774,0.05555988642964223,0.23503500406575378,0.7143326464175852,0.41922861934041133
2004-09-01,Singapore,Classic Cars,Shipped,20.0,100.0,2936.8,Singapore,0.0,0.0,0.0,0.0,0.0,0.0,0.0,0.0,0.0,0.0,1.0,1.0,0.0,0.0,0.0,0.0,0.0,0.0,0.0,0.0,0.0,0.0,0.0,1.0,7.985416280897314,4.61512051684126,8.268807419728406,-0.11852317441139405,0.7447315744112115,-1.7503495890608907,0.24787365502304637,1.0,0.0
2004-09-01,Singapore,Vintage Cars,Shipped,29.0,38.17,1106.93,Singapore,0.0,0.0,0.0,0.0,0.0,0.0,0.0,0.0,0.0,0.0,1.0,0.0,0.0,0.0,0.0,0.0,0.0,1.0,0.0,0.0,0.0,0.0,0.0,1.0,7.010248688416178,3.66791114767774,10.54555133395328,-2.0207532723450994,-2.5845497791844827,-0.6188396341166861,0.026970390075035905,0.07669563659170331,0.2515371716042467
2004-09-01,Singapore,Classic Cars,Shipped,23.0,73.41,1688.43,Singapore,0.0,0.0,0.0,0.0,0.0,0.0,0.0,0.0,0.0,0.0,1.0,1.0,0.0,0.0,0.0,0.0,0.0,0.0,0.0,0.0,0.0,0.0,0.0,1.0,7.432146472919557,4.309590341409169,9.067037908070397,-1.1977699511993027,-0.32915551870861776,-1.353640175122944,0.09716950179732661,0.6029328315861779,0.0838457238680822
2004-09-03,Bergen,Vintage Cars,Shipped,24.0,56.07,1345.68,Other,0.0,0.0,0.0,0.0,0.0,0.0,1.0,0.0,0.0,0.0,0.0,0.0,0.0,0.0,0.0,0.0,0.0,1.0,0.0,0.0,0.0,0.0,0.0,1.0,7.20539758322817,4.044278584548617,9.323544176118064,-1.6400821916487307,-1.2616816462590577,-1.226160139275199,0.05579246732988871,0.34399546038288087,0.11179429849077627
2004-09-03,Bergen,Vintage Cars,Shipped,45.0,48.38,2177.1,Other,0.0,0.0,0.0,0.0,0.0,0.0,1.0,0.0,0.0,0.0,0.0,0.0,0.0,0.0,0.0,0.0,0.0,1.0,0.0,0.0,0.0,0.0,0.0,1.0,7.686208216121182,3.8995454839170334,13.966075138951927,-0.7021793487450038,-1.770394111388439,1.0811129658652374,0.1561621069999608,0.22916106681002302,0.6987143655673522
2004-09-03,Bergen,Vintage Cars,Shipped,43.0,100.0,8272.34,Other,0.0,0.0,0.0,0.0,0.0,0.0,1.0,0.0,0.0,0.0,0.0,0.0,0.0,0.0,0.0,0.0,0.0,1.0,0.0,0.0,0.0,0.0,0.0,1.0,9.020793575891936,4.61512051684126,13.569968697266269,1.9011561796213376,0.7447315744112115,0.8842535917456676,0.8919840050810875,1.0,0.6428172163219641
2004-09-03,Bergen,Vintage Cars,Shipped,38.0,100.0,4567.98,Other,0.0,0.0,0.0,0.0,0.0,0.0,1.0,0.0,0.0,0.0,0.0,0.0,0.0,0.0,0.0,0.0,0.0,1.0,0.0,0.0,0.0,0.0,0.0,1.0,8.427045264228237,4.61512051684126,12.544675977743431,0.742949202941215,0.7447315744112115,0.3746974174111126,0.44479091565789775,1.0,0.5030743432084936
2004-09-07,Brickhaven,Vintage Cars,Shipped,45.0,100.0,5171.4,Other,0.0,0.0,0.0,0.0,0.0,0.0,1.0,0.0,0.0,0.0,0.0,0.0,0.0,0.0,0.0,0.0,0.0,1.0,0.0,0.0,0.0,0.0,0.0,1.0,8.551092076421696,4.61512051684126,13.966075138951927,0.9849235892174818,0.7447315744112115,1.0811129658652374,0.5176362260542257,1.0,0.6987143655673522
2004-09-07,Brickhaven,Vintage Cars,Shipped,26.0,96.23,2501.98,Other,0.0,0.0,0.0,0.0,0.0,0.0,1.0,0.0,0.0,0.0,0.0,0.0,0.0,0.0,0.0,0.0,0.0,1.0,0.0,0.0,0.0,0.0,0.0,1.0,7.825237300988345,4.577079305821566,9.823805373555334,-0.4309794937030483,0.6110231265863019,-0.9775373049564378,0.1953818618001978,0.943702774542305,0.1676914477361645
2004-09-08,NYC,Classic Cars,Shipped,26.0,100.0,4554.94,NYC,0.0,0.0,0.0,1.0,0.0,0.0,0.0,0.0,0.0,0.0,0.0,1.0,0.0,0.0,0.0,0.0,0.0,0.0,0.0,0.0,0.0,0.0,0.0,1.0,8.424187155033472,4.61512051684126,9.823805373555334,0.7373739752825208,0.7447315744112115,-0.9775373049564378,0.4432167171766275,1.0,0.1676914477361645
2004-09-08,Boras,Classic Cars,Shipped,37.0,100.0,7136.19,Other,0.0,0.0,0.0,0.0,0.0,0.0,1.0,0.0,0.0,0.0,0.0,1.0,0.0,0.0,0.0,0.0,0.0,0.0,0.0,0.0,0.0,0.0,0.0,1.0,8.873074420446613,4.61512051684126,12.33304085962557,1.613004865225729,0.7447315744112115,0.26951771693185156,0.7548271335707167,1.0,0.47512576858579947
2004-09-08,Boras,Vintage Cars,Shipped,37.0,50.59,1871.83,Other,0.0,0.0,0.0,0.0,0.0,0.0,1.0,0.0,0.0,0.0,0.0,0.0,0.0,0.0,0.0,0.0,0.0,1.0,0.0,0.0,0.0,0.0,0.0,1.0,7.535205934843788,3.9433278552565585,12.33304085962557,-0.9967349579728271,-1.6165064522686736,0.26951771693185156,0.11930968595875069,0.2621628886300511,0.47512576858579947
2004-09-08,Boras,Trucks and Buses,Shipped,48.0,100.0,5288.64,Other,0.0,0.0,0.0,0.0,0.0,0.0,1.0,0.0,0.0,0.0,0.0,0.0,0.0,0.0,0.0,0.0,1.0,0.0,0.0,0.0,0.0,0.0,0.0,1.0,8.573505469606582,4.61512051684126,14.546755227281093,1.0286447212996441,0.7447315744112115,1.3697028667658944,0.5317895258965669,1.0,0.7825600894354343
2004-09-08,Boras,Trucks and Buses,Shipped,26.0,83.79,2178.54,Other,0.0,0.0,0.0,0.0,0.0,0.0,1.0,0.0,0.0,0.0,0.0,0.0,0.0,0.0,0.0,0.0,1.0,0.0,0.0,0.0,0.0,0.0,0.0,1.0,7.6868691243432545,4.440177611315912,9.823805373555334,-0.7008901349506861,0.12983673461064998,-0.9775373049564378,0.15633594486905816,0.7579368634829615,0.1676914477361645
2004-09-08,NYC,Classic Cars,Shipped,44.0,100.0,7140.76,NYC,0.0,0.0,0.0,1.0,0.0,0.0,0.0,0.0,0.0,0.0,0.0,1.0,0.0,0.0,0.0,0.0,0.0,0.0,0.0,0.0,0.0,0.0,0.0,1.0,8.873714523557283,4.61512051684126,13.768958087112637,1.6142534951148722,0.7447315744112115,0.9831485417366043,0.755378827363616,1.0,0.670765790944658
2004-09-08,NYC,Trains,Shipped,35.0,55.07,1927.45,NYC,0.0,0.0,0.0,1.0,0.0,0.0,0.0,0.0,0.0,0.0,0.0,0.0,0.0,0.0,0.0,1.0,0.0,0.0,0.0,0.0,0.0,0.0,0.0,1.0,7.564471850425994,4.026600910135581,11.902530119204657,-0.9396468165156073,-1.3238156936135819,0.05555988642964223,0.12602417365263516,0.32906250933309444,0.41922861934041133
2004-09-08,NYC,Classic Cars,Shipped,21.0,100.0,2844.87,NYC,0.0,0.0,0.0,1.0,0.0,0.0,0.0,0.0,0.0,0.0,0.0,1.0,0.0,0.0,0.0,0.0,0.0,0.0,0.0,0.0,0.0,0.0,0.0,1.0,7.953624099461755,4.61512051684126,8.539972716394377,-0.1805392267002317,0.7447315744112115,-1.6155842205467048,0.2367757971715757,1.0,0.027948574622694067
2004-09-08,Boras,Trucks and Buses,Shipped,26.0,57.73,1500.98,Other,0.0,0.0,0.0,0.0,0.0,0.0,1.0,0.0,0.0,0.0,0.0,0.0,0.0,0.0,0.0,0.0,1.0,0.0,0.0,0.0,0.0,0.0,0.0,1.0,7.3145395166561995,4.072950669534428,9.823805373555334,-1.4271823041686307,-1.1609040980003533,-0.9775373049564378,0.07454039862906625,0.3687841591255263,0.1676914477361645
2004-09-08,NYC,Classic Cars,Shipped,39.0,33.034,1172.34,NYC,0.0,0.0,0.0,1.0,0.0,0.0,0.0,0.0,0.0,0.0,0.0,1.0,0.0,0.0,0.0,0.0,0.0,0.0,0.0,0.0,0.0,0.0,0.0,1.0,7.067609661726073,3.5273600249492447,12.754015005493859,-1.9088609466380546,-3.0785632965340333,0.4787359930181514,0.03486673383729735,0.0,0.5310229178311876
2004-09-08,Boras,Classic Cars,Shipped,28.0,100.0,3256.96,Other,0.0,0.0,0.0,0.0,0.0,0.0,1.0,0.0,0.0,0.0,0.0,1.0,0.0,0.0,0.0,0.0,0.0,0.0,0.0,0.0,0.0,0.0,0.0,1.0,8.08885651161578,4.61512051684126,10.308532382015233,0.08325457305172215,0.7447315744112115,-0.7366347457903012,0.2865236079190199,1.0,0.22358859698155265
2004-09-08,Boras,Vintage Cars,Shipped,23.0,100.0,2866.26,Other,0.0,0.0,0.0,0.0,0.0,0.0,1.0,0.0,0.0,0.0,0.0,0.0,0.0,0.0,0.0,0.0,0.0,1.0,0.0,0.0,0.0,0.0,0.0,1.0,7.961112148900944,4.61512051684126,9.067037908070397,-0.16593251383583071,0.7447315744112115,-1.353640175122944,0.23935801385212568,1.0,0.0838457238680822
2004-09-08,NYC,Trucks and Buses,Shipped,50.0,46.53,2326.5,NYC,0.0,0.0,0.0,1.0,0.0,0.0,0.0,0.0,0.0,0.0,0.0,0.0,0.0,0.0,0.0,0.0,1.0,0.0,0.0,0.0,0.0,0.0,0.0,1.0,7.752550009151222,3.861361090625918,14.925497315272617,-0.5727684080762875,-1.9046058207750771,1.5579323994073224,0.17419778591880902,0.20153510736791813,0.8384572386808227
2004-09-08,Boras,Vintage Cars,Shipped,29.0,51.82,1502.78,Other,0.0,0.0,0.0,0.0,0.0,0.0,1.0,0.0,0.0,0.0,0.0,0.0,0.0,0.0,0.0,0.0,0.0,1.0,0.0,0.0,0.0,0.0,0.0,1.0,7.315737217214576,3.9668899068689862,10.54555133395328,-1.424845985706018,-1.533689810415786,-0.6188396341166861,0.07475769596543791,0.28053041842128845,0.2515371716042467
2004-09-08,Boras,Classic Cars,Shipped,30.0,100.0,3855.9,Other,0.0,0.0,0.0,0.0,0.0,0.0,1.0,0.0,0.0,0.0,0.0,1.0,0.0,0.0,0.0,0.0,0.0,0.0,0.0,0.0,0.0,0.0,0.0,1.0,8.25761903098594,4.61512051684126,10.779232502977782,0.41245454465070197,0.7447315744112115,-0.5027033539745942,0.35882808938926714,1.0,0.2794857462269409
2004-09-08,Boras,Trucks and Buses,Shipped,41.0,100.0,4687.94,Other,0.0,0.0,0.0,0.0,0.0,0.0,1.0,0.0,0.0,0.0,0.0,0.0,0.0,0.0,0.0,0.0,1.0,0.0,0.0,0.0,0.0,0.0,0.0,1.0,8.452961823102408,4.61512051684126,13.166125611826143,0.7935038549881367,0.7447315744112115,0.6835492136397722,0.459272575919645,1.0,0.5869200670765757
2004-09-08,NYC,Classic Cars,Shipped,40.0,53.75,2150.0,NYC,0.0,0.0,0.0,1.0,0.0,0.0,0.0,0.0,0.0,0.0,0.0,1.0,0.0,0.0,0.0,0.0,0.0,0.0,0.0,0.0,0.0,0.0,0.0,1.0,7.67368812926773,4.00277736869661,12.961139346341028,-0.7266019056726642,-1.4075514281528465,0.5816739001387327,0.15289057488014296,0.3093510139473763,0.5589714924538818
2004-09-08,Boras,Vintage Cars,Shipped,35.050383351588174,100.0,5713.79,Other,0.0,0.0,0.0,0.0,0.0,0.0,1.0,0.0,0.0,0.0,0.0,0.0,0.0,0.0,0.0,0.0,0.0,1.0,0.0,0.0,0.0,0.0,0.0,1.0,8.650812830146958,4.61512051684126,11.913498472712774,1.1794458647600792,0.7447315744112115,0.06101100506720186,0.5831139495401299,1.0,0.42063676220201485
2004-09-08,Boras,Trucks and Buses,Shipped,32.0,71.75,2296.0,Other,0.0,0.0,0.0,0.0,0.0,0.0,1.0,0.0,0.0,0.0,0.0,0.0,0.0,0.0,0.0,0.0,1.0,0.0,0.0,0.0,0.0,0.0,0.0,1.0,7.739359202689098,4.287028906051602,11.237179911736995,-0.5984993175750637,-0.40845516300229306,-0.2751098821684491,0.1705158032747336,0.5781441328435326,0.335382895472329
2004-09-08,NYC,Trucks and Buses,Shipped,41.0,100.0,4983.14,NYC,0.0,0.0,0.0,1.0,0.0,0.0,0.0,0.0,0.0,0.0,0.0,0.0,0.0,0.0,0.0,0.0,1.0,0.0,0.0,0.0,0.0,0.0,0.0,1.0,8.514016149960415,4.61512051684126,13.166125611826143,0.9126006943969289,0.7447315744112115,0.6835492136397722,0.4949093390845981,1.0,0.5869200670765757
2004-09-08,NYC,Classic Cars,Shipped,27.0,100.0,3832.38,NYC,0.0,0.0,0.0,1.0,0.0,0.0,0.0,0.0,0.0,0.0,0.0,1.0,0.0,0.0,0.0,0.0,0.0,0.0,0.0,0.0,0.0,0.0,0.0,1.0,8.251502199522173,4.61512051684126,10.068010317854855,0.40052262545642425,0.7447315744112115,-0.8561708553548468,0.35598873752734406,1.0,0.19564002235885858
2004-09-08,NYC,Trucks and Buses,Shipped,35.050383351588174,100.0,4528.86,NYC,0.0,0.0,0.0,1.0,0.0,0.0,0.0,0.0,0.0,0.0,0.0,0.0,0.0,0.0,0.0,0.0,1.0,0.0,0.0,0.0,0.0,0.0,0.0,1.0,8.418446312922246,4.61512051684126,11.913498472712774,0.7261754872116907,0.7447315744112115,0.06101100506720186,0.4400683202140869,1.0,0.42063676220201485
2004-09-08,Boras,Trucks and Buses,Shipped,41.0,100.0,6387.8,Other,0.0,0.0,0.0,0.0,0.0,0.0,1.0,0.0,0.0,0.0,0.0,0.0,0.0,0.0,0.0,0.0,1.0,0.0,0.0,0.0,0.0,0.0,0.0,1.0,8.762301736308958,4.61512051684126,13.166125611826143,1.3969239213754252,0.7447315744112115,0.6835492136397722,0.6644809371444999,1.0,0.5869200670765757
2004-09-08,Boras,Trucks and Buses,Shipped,48.0,100.0,5398.08,Other,0.0,0.0,0.0,0.0,0.0,0.0,1.0,0.0,0.0,0.0,0.0,0.0,0.0,0.0,0.0,0.0,1.0,0.0,0.0,0.0,0.0,0.0,0.0,1.0,8.593983847667316,4.61512051684126,14.546755227281093,1.0685912775678645,0.7447315744112115,1.3697028667658944,0.545001203947964,1.0,0.7825600894354343
2004-09-08,NYC,Trains,Shipped,31.0,67.73,2099.63,NYC,0.0,0.0,0.0,1.0,0.0,0.0,0.0,0.0,0.0,0.0,0.0,0.0,0.0,0.0,0.0,1.0,0.0,0.0,0.0,0.0,0.0,0.0,0.0,1.0,7.6499925787205125,4.230185785133514,11.009728365329204,-0.7728241035651755,-0.6082491565096616,-0.388150126800217,0.14680987108400922,0.518113669623391,0.30743432084963496
2004-09-08,NYC,Trucks and Buses,Shipped,21.0,100.0,2214.87,NYC,0.0,0.0,0.0,1.0,0.0,0.0,0.0,0.0,0.0,0.0,0.0,0.0,0.0,0.0,0.0,0.0,1.0,0.0,0.0,0.0,0.0,0.0,0.0,1.0,7.703400381886431,4.61512051684126,8.539972716394377,-0.668643107980363,0.7447315744112115,-1.6155842205467048,0.16072172944149293,1.0,0.027948574622694067
2004-09-09,Torino,Ships,Shipped,32.0,60.06,1921.92,Other,0.0,0.0,0.0,0.0,0.0,0.0,1.0,0.0,0.0,0.0,0.0,0.0,0.0,0.0,1.0,0.0,0.0,0.0,0.0,0.0,0.0,0.0,0.0,1.0,7.56160014305934,4.111856987306732,11.237179911736995,-0.9452485697192884,-1.0241549456869776,-0.2751098821684491,0.12535658794700444,0.40357793507152884,0.335382895472329
2004-09-09,Torino,Classic Cars,Shipped,24.0,100.0,4242.24,Other,0.0,0.0,0.0,0.0,0.0,0.0,1.0,0.0,0.0,0.0,0.0,1.0,0.0,0.0,0.0,0.0,0.0,0.0,0.0,0.0,0.0,0.0,0.0,1.0,8.353082407354718,4.61512051684126,9.323544176118064,0.5986720822095871,0.7447315744112115,-1.226160139275199,0.40546734101917214,1.0,0.11179429849077627
2004-09-09,Torino,Classic Cars,Shipped,46.0,100.0,8411.56,Other,0.0,0.0,0.0,0.0,0.0,0.0,1.0,0.0,0.0,0.0,0.0,1.0,0.0,0.0,0.0,0.0,0.0,0.0,0.0,0.0,0.0,0.0,0.0,1.0,9.037481106171233,4.61512051684126,14.161377611660777,1.9337080431186606,0.7447315744112115,1.1781755694872693,0.9087907468420113,1.0,0.7266629401900462
2004-09-09,Torino,Classic Cars,Shipped,45.0,100.0,8253.0,Other,0.0,0.0,0.0,0.0,0.0,0.0,1.0,0.0,0.0,0.0,0.0,1.0,0.0,0.0,0.0,0.0,0.0,0.0,0.0,0.0,0.0,0.0,0.0,1.0,9.018453210312527,4.61512051684126,13.966075138951927,1.8965908988638094,0.7447315744112115,1.0811129658652374,0.8896492659225164,1.0,0.6987143655673522
2004-09-09,Torino,Trains,Shipped,22.0,100.0,2418.24,Other,0.0,0.0,0.0,0.0,0.0,0.0,1.0,0.0,0.0,0.0,0.0,0.0,0.0,0.0,0.0,1.0,0.0,0.0,0.0,0.0,0.0,0.0,0.0,1.0,7.791208720240056,4.61512051684126,8.805943150564206,-0.49735802287942105,0.7447315744112115,-1.4834006262023,0.1852727068292182,1.0,0.055897149245388134
2004-09-09,Torino,Vintage Cars,Shipped,24.0,100.0,2819.28,Other,0.0,0.0,0.0,0.0,0.0,0.0,1.0,0.0,0.0,0.0,0.0,0.0,0.0,0.0,0.0,0.0,0.0,1.0,0.0,0.0,0.0,0.0,0.0,1.0,7.944591449783298,4.61512051684126,9.323544176118064,-0.1981589448029791,0.7447315744112115,-1.226160139275199,0.23368655337282523,1.0,0.11179429849077627
2004-09-09,Torino,Vintage Cars,Shipped,49.0,100.0,4946.06,Other,0.0,0.0,0.0,0.0,0.0,0.0,1.0,0.0,0.0,0.0,0.0,0.0,0.0,0.0,0.0,0.0,0.0,1.0,0.0,0.0,0.0,0.0,0.0,1.0,8.506548739716923,4.61512051684126,14.736931873780104,0.8980342417909223,0.7447315744112115,1.464218006289084,0.4904330139553419,1.0,0.8105086640581285
2004-09-09,Torino,Ships,Shipped,29.0,71.89,2084.81,Other,0.0,0.0,0.0,0.0,0.0,0.0,1.0,0.0,0.0,0.0,0.0,0.0,0.0,0.0,1.0,0.0,0.0,0.0,0.0,0.0,0.0,0.0,0.0,1.0,7.642912547999141,4.2889514553941215,10.54555133395328,-0.7866349065864505,-0.401697725960607,-0.6188396341166861,0.14502078968121584,0.5802347459905026,0.2515371716042467
2004-09-09,Torino,Ships,Shipped,21.0,100.0,2941.89,Other,0.0,0.0,0.0,0.0,0.0,0.0,1.0,0.0,0.0,0.0,0.0,0.0,0.0,0.0,1.0,0.0,0.0,0.0,0.0,0.0,0.0,0.0,0.0,1.0,7.987147370708574,4.61512051684126,8.539972716394377,-0.11514638957297757,0.7447315744112115,-1.6155842205467048,0.24848812360200845,1.0,0.027948574622694067
2004-09-10,Boston,Ships,Shipped,35.050383351588174,75.34,1958.84,Other,0.0,0.0,0.0,0.0,0.0,0.0,1.0,0.0,0.0,0.0,0.0,0.0,0.0,0.0,1.0,0.0,0.0,0.0,0.0,0.0,0.0,0.0,0.0,1.0,7.580618116239375,4.3351970473170836,11.913498472712774,-0.9081507813353307,-0.23915226147572827,0.06101100506720186,0.12981359775747212,0.631753427112266,0.42063676220201485
2004-09-10,Boston,Classic Cars,Shipped,24.0,100.0,3427.2,Other,0.0,0.0,0.0,0.0,0.0,0.0,1.0,0.0,0.0,0.0,0.0,1.0,0.0,0.0,0.0,0.0,0.0,0.0,0.0,0.0,0.0,0.0,0.0,1.0,8.139790621072956,4.61512051684126,9.323544176118064,0.1826102087064862,0.7447315744112115,-1.226160139275199,0.30707510711008223,1.0,0.11179429849077627
2004-09-10,Boston,Vintage Cars,Shipped,46.0,84.97,3908.62,Other,0.0,0.0,0.0,0.0,0.0,0.0,1.0,0.0,0.0,0.0,0.0,0.0,0.0,0.0,0.0,0.0,0.0,1.0,0.0,0.0,0.0,0.0,0.0,1.0,8.271195461555712,4.453998398186353,14.161377611660777,0.4389376794999845,0.1784144720335947,1.1781755694872693,0.36519248693010836,0.7755577457217095,0.7266629401900462
2004-09-10,Brickhaven,Ships,Shipped,45.0,100.0,4692.6,Other,0.0,0.0,0.0,0.0,0.0,0.0,1.0,0.0,0.0,0.0,0.0,0.0,0.0,0.0,1.0,0.0,0.0,0.0,0.0,0.0,0.0,0.0,0.0,1.0,8.45395515761165,4.61512051684126,13.966075138951927,0.7954415227442915,0.7447315744112115,1.0811129658652374,0.45983513457936287,1.0,0.6987143655673522
2004-09-10,Boston,Ships,Shipped,34.0,100.0,3473.78,Other,0.0,0.0,0.0,0.0,0.0,0.0,1.0,0.0,0.0,0.0,0.0,0.0,0.0,0.0,1.0,0.0,0.0,0.0,0.0,0.0,0.0,0.0,0.0,1.0,8.153286446642253,4.61512051684126,11.683463549954297,0.20893610980525246,0.7447315744112115,-0.05331314156158311,0.31269827929241123,1.0,0.39128004471771716
2004-09-10,Boston,Ships,Shipped,44.0,58.55,2576.2,Other,0.0,0.0,0.0,0.0,0.0,0.0,1.0,0.0,0.0,0.0,0.0,0.0,0.0,0.0,1.0,0.0,0.0,0.0,0.0,0.0,0.0,0.0,0.0,1.0,7.854458817264487,4.0868162958013095,13.768958087112637,-0.3739779606370147,-1.1121687576531396,0.9831485417366043,0.2043417553032561,0.38102917898635125,0.670765790944658
2004-09-15,Munich,Planes,Shipped,21.0,45.19,948.99,Other,0.0,0.0,0.0,0.0,0.0,0.0,1.0,0.0,0.0,0.0,0.0,0.0,0.0,1.0,0.0,0.0,0.0,0.0,0.0,0.0,0.0,0.0,0.0,1.0,6.856451458223395,3.832763324442514,8.539972716394377,-2.32076090437396,-2.0051221509640147,-1.6155842205467048,0.007903756015846572,0.1815249529612042,0.027948574622694067
2004-09-15,Munich,Planes,Shipped,22.0,80.8,1777.6,Other,0.0,0.0,0.0,0.0,0.0,0.0,1.0,0.0,0.0,0.0,0.0,0.0,0.0,1.0,0.0,0.0,0.0,0.0,0.0,0.0,0.0,0.0,0.0,1.0,7.48358181696554,4.404277243608702,8.805943150564206,-1.0974365723050121,0.003652990355254352,-1.4834006262023,0.10793417039969402,0.7132873398441,0.055897149245388134
2004-09-15,Munich,Planes,Shipped,32.0,71.65,2292.8,Other,0.0,0.0,0.0,0.0,0.0,0.0,1.0,0.0,0.0,0.0,0.0,0.0,0.0,1.0,0.0,0.0,0.0,0.0,0.0,0.0,0.0,0.0,0.0,1.0,7.737965109930422,4.285653390016292,11.237179911736995,-0.6012187323969992,-0.41328987012937035,-0.2751098821684491,0.17012949689896173,0.576650837738554,0.335382895472329
2004-09-15,Munich,Planes,Shipped,21.0,71.25,1496.25,Other,0.0,0.0,0.0,0.0,0.0,0.0,1.0,0.0,0.0,0.0,0.0,0.0,0.0,1.0,0.0,0.0,0.0,0.0,0.0,0.0,0.0,0.0,0.0,1.0,7.3113853711445715,4.2801323269925415,8.539972716394377,-1.4333350009683832,-0.43269547650891005,-1.6155842205467048,0.0739693895173785,0.5706776573186394,0.027948574622694067
2004-09-15,Munich,Planes,Shipped,24.0,100.0,2441.04,Other,0.0,0.0,0.0,0.0,0.0,0.0,1.0,0.0,0.0,0.0,0.0,0.0,0.0,1.0,0.0,0.0,0.0,0.0,0.0,0.0,0.0,0.0,0.0,1.0,7.800589034552879,4.61512051684126,9.323544176118064,-0.4790601258292015,0.7447315744112115,-1.226160139275199,0.18802513975659263,1.0,0.11179429849077627
2004-09-15,Munich,Planes,Shipped,47.0,86.62,4071.14,Other,0.0,0.0,0.0,0.0,0.0,0.0,1.0,0.0,0.0,0.0,0.0,0.0,0.0,1.0,0.0,0.0,0.0,0.0,0.0,0.0,0.0,0.0,0.0,1.0,8.31192393877883,4.473009282385752,14.35492029635209,0.5183854952540993,0.24523452717760366,1.2743635830212399,0.3848120219896211,0.8001971149538571,0.7546115148127404
2004-09-15,Munich,Planes,Shipped,36.0,100.0,5676.84,Other,0.0,0.0,0.0,0.0,0.0,0.0,1.0,0.0,0.0,0.0,0.0,0.0,0.0,1.0,0.0,0.0,0.0,0.0,0.0,0.0,0.0,0.0,0.0,1.0,8.644326157699638,4.61512051684126,12.119023021201402,1.1667925078808434,0.7447315744112115,0.16315383770961095,0.5786533181073893,1.0,0.4471771939631053
2004-09-15,Munich,Planes,Shipped,42.0,100.0,4296.6,Other,0.0,0.0,0.0,0.0,0.0,0.0,1.0,0.0,0.0,0.0,0.0,0.0,0.0,1.0,0.0,0.0,0.0,0.0,0.0,0.0,0.0,0.0,0.0,1.0,8.365812006328918,4.61512051684126,13.369046010543581,0.623503328130855,0.7447315744112115,0.7843978201850537,0.41202972057759657,1.0,0.6148686416992699
2004-09-15,Munich,Vintage Cars,Shipped,26.0,48.44,1259.44,Other,0.0,0.0,0.0,0.0,0.0,0.0,1.0,0.0,0.0,0.0,0.0,0.0,0.0,0.0,0.0,0.0,0.0,1.0,0.0,0.0,0.0,0.0,0.0,1.0,7.139216145336384,3.900759813149435,9.823805373555334,-1.7691803323713688,-1.7661259487179917,-0.9775373049564378,0.04538151050283737,0.23005704387301018,0.1676914477361645
2004-09-15,Munich,Ships,Shipped,21.0,96.34,2023.14,Other,0.0,0.0,0.0,0.0,0.0,0.0,1.0,0.0,0.0,0.0,0.0,0.0,0.0,0.0,1.0,0.0,0.0,0.0,0.0,0.0,0.0,0.0,0.0,1.0,7.612900197975699,4.5782100044053085,8.539972716394377,-0.8451790952618119,0.6149973416162018,-1.6155842205467048,0.13757594149563773,0.9453453991577816,0.027948574622694067
2004-09-15,Munich,Vintage Cars,Shipped,22.0,77.15,1697.3,Other,0.0,0.0,0.0,0.0,0.0,0.0,1.0,0.0,0.0,0.0,0.0,0.0,0.0,0.0,0.0,0.0,0.0,1.0,0.0,0.0,0.0,0.0,0.0,1.0,7.437383029710724,4.358630056867486,8.805943150564206,-1.1875551573377137,-0.15678918073078324,-1.4834006262023,0.09824029478266919,0.6587820685123795,0.055897149245388134
2004-09-15,Munich,Classic Cars,Shipped,22.0,84.7,1863.4,Other,0.0,0.0,0.0,0.0,0.0,0.0,1.0,0.0,0.0,0.0,0.0,1.0,0.0,0.0,0.0,0.0,0.0,0.0,0.0,0.0,0.0,0.0,0.0,1.0,7.530694564498586,4.450852825603734,8.805943150564206,-1.0055351524416911,0.16735831434910914,-1.4834006262023,0.11829201010007676,0.7715258489382673,0.055897149245388134
2004-09-15,Munich,Vintage Cars,Shipped,31.0,53.92,1671.52,Other,0.0,0.0,0.0,0.0,0.0,0.0,1.0,0.0,0.0,0.0,0.0,0.0,0.0,0.0,0.0,0.0,0.0,1.0,0.0,0.0,0.0,0.0,0.0,1.0,7.422086750077373,4.00587758089977,11.009728365329204,-1.217393150036937,-1.3966547045601685,-0.388150126800217,0.09512811404285723,0.31188961562584006,0.30743432084963496
2004-09-15,Munich,Ships,Shipped,34.0,100.0,3477.86,Other,0.0,0.0,0.0,0.0,0.0,0.0,1.0,0.0,0.0,0.0,0.0,0.0,0.0,0.0,1.0,0.0,0.0,0.0,0.0,0.0,0.0,0.0,0.0,1.0,8.154459932893541,4.61512051684126,11.683463549954297,0.21122519414718743,0.7447315744112115,-0.05331314156158311,0.3131908199215203,1.0,0.39128004471771716
2004-09-16,Dublin,Planes,Shipped,32.0,100.0,4061.76,Other,0.0,0.0,0.0,0.0,0.0,0.0,1.0,0.0,0.0,0.0,0.0,0.0,0.0,1.0,0.0,0.0,0.0,0.0,0.0,0.0,0.0,0.0,0.0,1.0,8.309617824590081,4.61512051684126,11.237179911736995,0.5138870276543396,0.7447315744112115,-0.2751098821684491,0.3836796614256399,1.0,0.335382895472329
2004-09-16,Dublin,Planes,Shipped,35.050383351588174,100.0,3986.5,Other,0.0,0.0,0.0,0.0,0.0,0.0,1.0,0.0,0.0,0.0,0.0,0.0,0.0,1.0,0.0,0.0,0.0,0.0,0.0,0.0,0.0,0.0,0.0,1.0,8.2909197470931,4.61512051684126,11.913498472712774,0.47741325015958513,0.7447315744112115,0.06101100506720186,0.3745942183504557,1.0,0.42063676220201485
2004-09-16,Dublin,Planes,Shipped,25.0,82.79,2069.75,Other,0.0,0.0,0.0,0.0,0.0,0.0,1.0,0.0,0.0,0.0,0.0,0.0,0.0,1.0,0.0,0.0,0.0,0.0,0.0,0.0,0.0,0.0,0.0,1.0,7.635666139478373,4.428313668625195,9.57572149487329,-0.8007702577777837,0.08813697480441876,-1.1008315308182302,0.14320273530023955,0.7430039124331751,0.13974287311347044
2004-09-16,Dublin,Motorcycles,Shipped,26.0,100.0,2856.88,Other,0.0,0.0,0.0,0.0,0.0,0.0,1.0,0.0,0.0,0.0,0.0,0.0,1.0,0.0,0.0,0.0,0.0,0.0,0.0,0.0,0.0,0.0,0.0,1.0,7.957835370204538,4.61512051684126,9.823805373555334,-0.17232442750136956,0.7447315744112115,-0.9775373049564378,0.23822565328814443,1.0,0.1676914477361645
2004-09-16,Dublin,Vintage Cars,Shipped,28.0,79.8,2234.4,Other,0.0,0.0,0.0,0.0,0.0,0.0,1.0,0.0,0.0,0.0,0.0,0.0,0.0,0.0,0.0,0.0,0.0,1.0,0.0,0.0,0.0,0.0,0.0,1.0,7.712175461951511,4.39197696552705,10.308532382015233,-0.6515258231769347,-0.03958041483946902,-0.7366347457903012,0.1630794055411255,0.6983543887943136,0.22358859698155265
2004-09-16,Dublin,Planes,Shipped,23.0,72.45,1666.35,Other,0.0,0.0,0.0,0.0,0.0,0.0,1.0,0.0,0.0,0.0,0.0,0.0,0.0,1.0,0.0,0.0,0.0,0.0,0.0,0.0,0.0,0.0,0.0,1.0,7.4189908187210944,4.296604902619887,9.067037908070397,-1.2234322902344343,-0.3747971483597217,-1.353640175122944,0.09450398780450084,0.5885971985783831,0.0838457238680822
2004-09-16,Dublin,Motorcycles,Shipped,32.0,65.51,2096.32,Other,0.0,0.0,0.0,0.0,0.0,0.0,1.0,0.0,0.0,0.0,0.0,0.0,1.0,0.0,0.0,0.0,0.0,0.0,0.0,0.0,0.0,0.0,0.0,1.0,7.648415618210767,4.19735231229633,11.237179911736995,-0.7759002330100215,-0.7236532819852813,-0.2751098821684491,0.1464102854265702,0.4849625182928651,0.335382895472329
2004-09-27,Nantes,Motorcycles,Shipped,32.0,48.46,1550.72,Nantes,0.0,0.0,0.0,0.0,1.0,0.0,0.0,0.0,0.0,0.0,0.0,0.0,1.0,0.0,0.0,0.0,0.0,0.0,0.0,0.0,0.0,0.0,0.0,1.0,7.34711927209576,3.9011642620932703,11.237179911736995,-1.363629954953692,-1.764704378819057,-0.2751098821684491,0.08054504835746992,0.23035570289400598,0.335382895472329
2004-09-27,Nantes,Motorcycles,Shipped,39.0,96.34,3757.26,Nantes,0.0,0.0,0.0,0.0,1.0,0.0,0.0,0.0,0.0,0.0,0.0,0.0,1.0,0.0,0.0,0.0,0.0,0.0,0.0,0.0,0.0,0.0,0.0,1.0,8.231711363317283,4.5782100044053085,12.754015005493859,0.36191723641100504,0.6149973416162018,0.4787359930181514,0.3469201953560999,0.9453453991577816,0.5310229178311876
2004-09-30,Helsinki,Motorcycles,Shipped,44.0,80.55,3544.2,Other,0.0,0.0,0.0,0.0,0.0,0.0,1.0,0.0,0.0,0.0,0.0,0.0,1.0,0.0,0.0,0.0,0.0,0.0,0.0,0.0,0.0,0.0,0.0,1.0,8.173349854864243,4.401216329067023,13.768958087112637,0.24807319688778703,-0.007105608577903721,0.9831485417366043,0.32119943397424044,0.7095541020816534,0.670765790944658
2004-09-30,Helsinki,Motorcycles,Shipped,38.0,100.0,4382.16,Other,0.0,0.0,0.0,0.0,0.0,0.0,1.0,0.0,0.0,0.0,0.0,0.0,1.0,0.0,0.0,0.0,0.0,0.0,0.0,0.0,0.0,0.0,0.0,1.0,8.385525204429692,4.61512051684126,12.544675977743431,0.661957270861266,0.7447315744112115,0.3746974174111126,0.42235858729979625,1.0,0.5030743432084936
2004-09-30,Helsinki,Motorcycles,Shipped,47.0,100.0,5455.76,Other,0.0,0.0,0.0,0.0,0.0,0.0,1.0,0.0,0.0,0.0,0.0,0.0,1.0,0.0,0.0,0.0,0.0,0.0,0.0,0.0,0.0,0.0,0.0,1.0,8.604610486010168,4.61512051684126,14.35492029635209,1.089320341424672,0.7447315744112115,1.2743635830212399,0.5519643763712517,1.0,0.7546115148127404
2004-09-30,Helsinki,Motorcycles,Shipped,24.0,100.0,4157.04,Other,0.0,0.0,0.0,0.0,0.0,0.0,1.0,0.0,0.0,0.0,0.0,0.0,1.0,0.0,0.0,0.0,0.0,0.0,0.0,0.0,0.0,0.0,0.0,1.0,8.332799088381305,4.61512051684126,9.323544176118064,0.559106021837292,0.7447315744112115,-1.226160139275199,0.3951819337642467,1.0,0.11179429849077627
2004-09-30,Helsinki,Classic Cars,Shipped,32.0,80.84,2586.88,Other,0.0,0.0,0.0,0.0,0.0,0.0,1.0,0.0,0.0,0.0,0.0,1.0,0.0,0.0,0.0,0.0,0.0,0.0,0.0,0.0,0.0,0.0,0.0,1.0,7.858594286694147,4.404766121643371,11.237179911736995,-0.36591102478020715,0.005371314284467199,-0.2751098821684491,0.2056310528323947,0.7138846578860916,0.335382895472329
2004-09-30,Helsinki,Motorcycles,Shipped,35.050383351588174,55.95,2182.05,Other,0.0,0.0,0.0,0.0,0.0,0.0,1.0,0.0,0.0,0.0,0.0,0.0,1.0,0.0,0.0,0.0,0.0,0.0,0.0,0.0,0.0,0.0,0.0,1.0,7.6884782605478375,4.0421736898931915,11.913498472712774,-0.697751241345491,-1.2690799963553827,0.06101100506720186,0.15675967467498292,0.34220350625690654,0.42063676220201485
2004-09-30,Helsinki,Classic Cars,Shipped,49.0,100.0,7947.31,Other,0.0,0.0,0.0,0.0,0.0,0.0,1.0,0.0,0.0,0.0,0.0,1.0,0.0,0.0,0.0,0.0,0.0,0.0,0.0,0.0,0.0,0.0,0.0,1.0,8.980714606433988,4.61512051684126,14.736931873780104,1.8229753391330918,0.7447315744112115,1.464218006289084,0.8527461421694863,1.0,0.8105086640581285
2004-09-30,Helsinki,Motorcycles,Shipped,33.0,66.49,2194.17,Other,0.0,0.0,0.0,0.0,0.0,0.0,1.0,0.0,0.0,0.0,0.0,0.0,1.0,0.0,0.0,0.0,0.0,0.0,0.0,0.0,0.0,0.0,0.0,1.0,7.694014771257425,4.211979438755315,11.461717832632248,-0.6869513363952927,-0.6722413967548898,-0.16351766875873364,0.15822281007321876,0.4995968103216557,0.3633314700950231
2004-09-30,Helsinki,Motorcycles,Shipped,29.0,100.0,6683.34,Other,0.0,0.0,0.0,0.0,0.0,0.0,1.0,0.0,0.0,0.0,0.0,0.0,1.0,0.0,0.0,0.0,0.0,0.0,0.0,0.0,0.0,0.0,0.0,1.0,8.807522756165431,4.61512051684126,10.54555133395328,1.4851352049470803,0.7447315744112115,-0.6188396341166861,0.7001587453618787,1.0,0.2515371716042467
2004-09-30,Helsinki,Motorcycles,Shipped,23.0,100.0,2597.39,Other,0.0,0.0,0.0,0.0,0.0,0.0,1.0,0.0,0.0,0.0,0.0,0.0,1.0,0.0,0.0,0.0,0.0,0.0,0.0,0.0,0.0,0.0,0.0,1.0,7.862647301437786,4.61512051684126,9.067037908070397,-0.3580049307998861,0.7447315744112115,-1.353640175122944,0.2068998278353203,1.0,0.0838457238680822
2004-09-30,Helsinki,Motorcycles,Shipped,24.0,42.24,1013.76,Other,0.0,0.0,0.0,0.0,0.0,0.0,1.0,0.0,0.0,0.0,0.0,0.0,1.0,0.0,0.0,0.0,0.0,0.0,0.0,0.0,0.0,0.0,0.0,1.0,6.9224074103144515,3.7667659927710075,9.323544176118064,-2.1921026120221168,-2.2370916530341383,-1.226160139275199,0.015722838502953654,0.13747274736433424,0.11179429849077627
2004-10-06,Sevilla,Vintage Cars,Shipped,46.0,49.04,2255.84,Other,0.0,0.0,0.0,0.0,0.0,0.0,1.0,0.0,0.0,0.0,0.0,0.0,0.0,0.0,0.0,0.0,0.0,1.0,0.0,0.0,0.0,0.0,0.0,1.0,7.7217208837419875,3.9128226855987105,14.161377611660777,-0.6329058559350806,-1.7237269843246799,1.1781755694872693,0.16566765825879687,0.23901681450288204,0.7266629401900462
2004-10-06,Sevilla,Vintage Cars,Shipped,24.0,40.21,965.04,Other,0.0,0.0,0.0,0.0,0.0,0.0,1.0,0.0,0.0,0.0,0.0,0.0,0.0,0.0,0.0,0.0,0.0,1.0,0.0,0.0,0.0,0.0,0.0,1.0,6.873205241222731,3.718680945350726,9.323544176118064,-2.2880798036879733,-2.4061024936938775,-1.226160139275199,0.009841323931827253,0.10715885673326764,0.11179429849077627
2004-10-11,Versailles,Vintage Cars,Shipped,23.0,33.034,883.5186,Other,0.0,0.0,0.0,0.0,0.0,0.0,1.0,0.0,0.0,0.0,0.0,0.0,0.0,0.0,0.0,0.0,0.0,1.0,0.0,0.0,0.0,0.0,0.0,1.0,6.785043542208585,3.5273600249492447,9.067037908070397,-2.4600541788033214,-3.0785632965340333,-1.353640175122944,0.0,0.0,0.0838457238680822
2004-10-11,Versailles,Trucks and Buses,Shipped,39.0,100.0,6396.0,Other,0.0,0.0,0.0,0.0,0.0,0.0,1.0,0.0,0.0,0.0,0.0,0.0,0.0,0.0,0.0,0.0,1.0,0.0,0.0,0.0,0.0,0.0,0.0,1.0,8.763584409450138,4.61512051684126,12.754015005493859,1.399425993300063,0.7447315744112115,0.4787359930181514,0.6654708472324152,1.0,0.5310229178311876
2004-10-11,Versailles,Vintage Cars,Shipped,33.0,100.0,3342.57,Other,0.0,0.0,0.0,0.0,0.0,0.0,1.0,0.0,0.0,0.0,0.0,0.0,0.0,0.0,0.0,0.0,0.0,1.0,0.0,0.0,0.0,0.0,0.0,1.0,8.114794377419633,4.61512051684126,11.461717832632248,0.13385078788564372,0.7447315744112115,-0.16351766875873364,0.2968585106783411,1.0,0.3633314700950231
2004-10-11,Versailles,Vintage Cars,Shipped,37.0,48.52,1795.24,Other,0.0,0.0,0.0,0.0,0.0,0.0,1.0,0.0,0.0,0.0,0.0,0.0,0.0,0.0,0.0,0.0,0.0,1.0,0.0,0.0,0.0,0.0,0.0,1.0,7.4934508702239455,3.9023766283763406,12.33304085962557,-1.0781853068907408,-1.7604431155848066,0.26951771693185156,0.11006368429613636,0.23125167995699314,0.47512576858579947
2004-10-11,Versailles,Vintage Cars,Shipped,37.0,95.55,3535.35,Other,0.0,0.0,0.0,0.0,0.0,0.0,1.0,0.0,0.0,0.0,0.0,0.0,0.0,0.0,0.0,0.0,0.0,1.0,0.0,0.0,0.0,0.0,0.0,1.0,8.170850400759601,4.570061008874523,12.33304085962557,0.2431975869281111,0.5863549952095816,0.26951771693185156,0.3201310554037464,0.9335483678284502,0.47512576858579947
2004-10-11,Versailles,Vintage Cars,Shipped,46.0,100.0,4613.8,Other,0.0,0.0,0.0,0.0,0.0,0.0,1.0,0.0,0.0,0.0,0.0,0.0,0.0,0.0,0.0,0.0,0.0,1.0,0.0,0.0,0.0,0.0,0.0,1.0,8.437023809053136,4.61512051684126,14.161377611660777,0.7624140502616713,0.7447315744112115,1.1781755694872693,0.45032234007598104,1.0,0.7266629401900462
2004-10-11,Versailles,Vintage Cars,Shipped,24.0,100.0,2440.8,Other,0.0,0.0,0.0,0.0,0.0,0.0,1.0,0.0,0.0,0.0,0.0,0.0,0.0,0.0,0.0,0.0,0.0,1.0,0.0,0.0,0.0,0.0,0.0,1.0,7.800490751234755,4.61512051684126,9.323544176118064,-0.4792518441423425,0.7447315744112115,-1.226160139275199,0.1879961667784098,1.0,0.11179429849077627
2004-10-11,Versailles,Vintage Cars,Shipped,38.0,100.0,3958.46,Other,0.0,0.0,0.0,0.0,0.0,0.0,1.0,0.0,0.0,0.0,0.0,0.0,0.0,0.0,0.0,0.0,0.0,1.0,0.0,0.0,0.0,0.0,0.0,1.0,8.283862931313797,4.61512051684126,12.544675977743431,0.4636477318276935,0.7447315744112115,0.3746974174111126,0.3712092087327549,1.0,0.5030743432084936
2004-10-11,Versailles,Classic Cars,Shipped,47.0,100.0,9167.099200000002,Other,0.0,0.0,0.0,0.0,0.0,0.0,1.0,0.0,0.0,0.0,0.0,1.0,0.0,0.0,0.0,0.0,0.0,0.0,0.0,0.0,0.0,0.0,0.0,1.0,9.123485259140311,4.61512051684126,14.35492029635209,2.1014737580444667,0.7447315744112115,1.2743635830212399,1.0,1.0,0.7546115148127404
2004-10-11,Versailles,Trucks and Buses,Shipped,46.0,98.0,4508.0,Other,0.0,0.0,0.0,0.0,0.0,0.0,1.0,0.0,0.0,0.0,0.0,0.0,0.0,0.0,0.0,0.0,1.0,0.0,0.0,0.0,0.0,0.0,0.0,1.0,8.413830678421084,4.59511985013459,14.161377611660777,0.7171719077891704,0.6744326005055776,1.1781755694872693,0.43755008552702424,0.9701340979004272,0.7266629401900462
2004-10-11,Versailles,Vintage Cars,Shipped,34.0,49.3,1676.2,Other,0.0,0.0,0.0,0.0,0.0,0.0,1.0,0.0,0.0,0.0,0.0,0.0,0.0,0.0,0.0,0.0,0.0,1.0,0.0,0.0,0.0,0.0,0.0,1.0,7.424881015296608,3.9180050771056933,11.683463549954297,-1.2119424609014278,-1.70551175126964,-0.05331314156158311,0.09569308711742358,0.24289938177582648,0.39128004471771716
2004-10-11,Versailles,Vintage Cars,Shipped,44.0,39.42,1734.48,Other,0.0,0.0,0.0,0.0,0.0,0.0,1.0,0.0,0.0,0.0,0.0,0.0,0.0,0.0,0.0,0.0,0.0,1.0,0.0,0.0,0.0,0.0,0.0,1.0,7.45903931117897,3.699324711975475,13.768958087112637,-1.145310900313741,-2.4741363930090623,0.9831485417366043,0.10272869198616838,0.09536182540393634,0.670765790944658
2004-10-11,Versailles,Vintage Cars,Shipped,26.0,85.87,2232.62,Other,0.0,0.0,0.0,0.0,0.0,0.0,1.0,0.0,0.0,0.0,0.0,0.0,0.0,0.0,0.0,0.0,0.0,1.0,0.0,0.0,0.0,0.0,0.0,1.0,7.711378866682693,4.464412748271829,9.823805373555334,-0.6530797176130313,0.21501915804932992,-0.9775373049564378,0.16286452261960238,0.7889974016665173,0.1676914477361645
2004-10-11,Versailles,Vintage Cars,Shipped,24.0,64.96,1559.04,Other,0.0,0.0,0.0,0.0,0.0,0.0,1.0,0.0,0.0,0.0,0.0,0.0,0.0,0.0,0.0,0.0,0.0,1.0,0.0,0.0,0.0,0.0,0.0,1.0,7.352466740940498,4.189048497691398,9.323544176118064,-1.3531988082844906,-0.7528397913547238,-1.226160139275199,0.08154944493447674,0.47674939521548243,0.11179429849077627
2004-10-11,Versailles,Classic Cars,Shipped,40.0,100.0,4208.0,Other,0.0,0.0,0.0,0.0,0.0,0.0,1.0,0.0,0.0,0.0,0.0,1.0,0.0,0.0,0.0,0.0,0.0,0.0,0.0,0.0,0.0,0.0,0.0,1.0,8.344980368770571,4.61512051684126,12.961139346341028,0.5828676791836714,0.7447315744112115,0.5816739001387327,0.40133386279841343,1.0,0.5589714924538818
2004-10-11,Versailles,Trucks and Buses,Shipped,36.0,73.04,2629.44,Other,0.0,0.0,0.0,0.0,0.0,0.0,1.0,0.0,0.0,0.0,0.0,0.0,0.0,0.0,0.0,0.0,1.0,0.0,0.0,0.0,0.0,0.0,0.0,1.0,7.87490641155889,4.304605487705297,12.119023021201402,-0.3340914533360626,-0.34667643966547085,0.16315383770961095,0.21076892763016025,0.5974076396977572,0.4471771939631053
2004-10-11,Versailles,Vintage Cars,Shipped,20.0,100.0,3577.6,Other,0.0,0.0,0.0,0.0,0.0,0.0,1.0,0.0,0.0,0.0,0.0,0.0,0.0,0.0,0.0,0.0,0.0,1.0,0.0,0.0,0.0,0.0,0.0,1.0,8.182726941457762,4.61512051684126,8.268807419728406,0.266364797723022,0.7447315744112115,-1.7503495890608907,0.32523150677135915,1.0,0.0
2004-10-13,Cambridge,Trucks and Buses,Shipped,41.0,53.48,2192.68,Other,0.0,0.0,0.0,0.0,0.0,0.0,1.0,0.0,0.0,0.0,0.0,0.0,0.0,0.0,0.0,0.0,1.0,0.0,0.0,0.0,0.0,0.0,0.0,1.0,7.69333577787317,3.997833661841257,13.166125611826143,-0.6882758283716333,-1.4249277248692798,0.6835492136397722,0.158042936167,0.3053191171639339,0.5869200670765757
2004-10-13,Cambridge,Trucks and Buses,Shipped,22.0,99.29,2184.38,Other,0.0,0.0,0.0,0.0,0.0,0.0,1.0,0.0,0.0,0.0,0.0,0.0,0.0,0.0,0.0,0.0,1.0,0.0,0.0,0.0,0.0,0.0,0.0,1.0,7.689545005452048,4.608065989100117,8.805943150564206,-0.6956703741394299,0.7199360978971331,-1.4834006262023,0.1570409540048418,0.9893976047546518,0.055897149245388134
2004-10-13,Cambridge,Classic Cars,Shipped,38.0,100.0,6680.78,Other,0.0,0.0,0.0,0.0,0.0,0.0,1.0,0.0,0.0,0.0,0.0,1.0,0.0,0.0,0.0,0.0,0.0,0.0,0.0,0.0,0.0,0.0,0.0,1.0,8.807139698100517,4.61512051684126,12.544675977743431,1.4843879850989703,0.7447315744112115,0.3746974174111126,0.6998497002612611,1.0,0.5030743432084936
2004-10-13,Cambridge,Trucks and Buses,Shipped,42.0,100.0,4618.32,Other,0.0,0.0,0.0,0.0,0.0,0.0,1.0,0.0,0.0,0.0,0.0,0.0,0.0,0.0,0.0,0.0,1.0,0.0,0.0,0.0,0.0,0.0,0.0,1.0,8.438002787095654,4.61512051684126,13.369046010543581,0.7643237132899061,0.7447315744112115,0.7843978201850537,0.4508679978317587,1.0,0.6148686416992699
2004-10-13,Cambridge,Trucks and Buses,Shipped,38.0,100.0,4773.18,Other,0.0,0.0,0.0,0.0,0.0,0.0,1.0,0.0,0.0,0.0,0.0,0.0,0.0,0.0,0.0,0.0,1.0,0.0,0.0,0.0,0.0,0.0,0.0,1.0,8.47097751041924,4.61512051684126,12.544675977743431,0.8286465144789513,0.7447315744112115,0.3746974174111126,0.46956281200426775,1.0,0.5030743432084936
2004-10-13,Cambridge,Trucks and Buses,Shipped,36.0,100.0,4816.08,Other,0.0,0.0,0.0,0.0,0.0,0.0,1.0,0.0,0.0,0.0,0.0,0.0,0.0,0.0,0.0,0.0,1.0,0.0,0.0,0.0,0.0,0.0,0.0,1.0,8.47992321433952,4.61512051684126,12.119023021201402,0.8460966301058073,0.7447315744112115,0.16315383770961095,0.474741731854459,1.0,0.4471771939631053
2004-10-13,Cambridge,Classic Cars,Shipped,35.050383351588174,61.85,2783.25,Other,0.0,0.0,0.0,0.0,0.0,0.0,1.0,0.0,0.0,0.0,0.0,1.0,0.0,0.0,0.0,0.0,0.0,0.0,0.0,0.0,0.0,0.0,0.0,1.0,7.931733816273209,4.140750935036256,11.913498472712774,-0.22323994384321746,-0.9225975872619607,0.06101100506720186,0.22933698502311906,0.43030791745064667,0.42063676220201485
2004-10-13,Cambridge,Classic Cars,Shipped,35.050383351588174,33.034,1510.56,Other,0.0,0.0,0.0,0.0,0.0,0.0,1.0,0.0,0.0,0.0,0.0,1.0,0.0,0.0,0.0,0.0,0.0,0.0,0.0,0.0,0.0,0.0,0.0,1.0,7.320897509098217,3.5273600249492447,11.913498472712774,-1.4147799595061408,-3.0785632965340333,0.06101100506720186,0.07569690334153323,0.0,0.42063676220201485
2004-10-13,Cambridge,Classic Cars,Shipped,27.0,100.0,3934.44,Other,0.0,0.0,0.0,0.0,0.0,0.0,1.0,0.0,0.0,0.0,0.0,1.0,0.0,0.0,0.0,0.0,0.0,0.0,0.0,0.0,0.0,0.0,0.0,1.0,8.27777797162713,4.61512051684126,10.068010317854855,0.45177798395057056,0.7447315744112115,-0.8561708553548468,0.3683094964996175,1.0,0.19564002235885858
2004-10-13,Cambridge,Trucks and Buses,Shipped,28.0,100.0,3155.04,Other,0.0,0.0,0.0,0.0,0.0,0.0,1.0,0.0,0.0,0.0,0.0,0.0,0.0,0.0,0.0,0.0,1.0,0.0,0.0,0.0,0.0,0.0,0.0,1.0,8.057073356156677,4.61512051684126,10.308532382015233,0.02125612746373117,0.7447315744112115,-0.7366347457903012,0.2742197498506865,1.0,0.22358859698155265
2004-10-13,Cambridge,Trucks and Buses,Shipped,24.0,100.0,3189.6,Other,0.0,0.0,0.0,0.0,0.0,0.0,1.0,0.0,0.0,0.0,0.0,0.0,0.0,0.0,0.0,0.0,1.0,0.0,0.0,0.0,0.0,0.0,0.0,1.0,8.067964265866896,4.61512051684126,9.323544176118064,0.04250069752983443,0.7447315744112115,-1.226160139275199,0.27839185870902244,1.0,0.11179429849077627
2004-10-13,Cambridge,Classic Cars,Shipped,37.0,100.0,7455.87,Other,0.0,0.0,0.0,0.0,0.0,0.0,1.0,0.0,0.0,0.0,0.0,1.0,0.0,0.0,0.0,0.0,0.0,0.0,0.0,0.0,0.0,0.0,0.0,1.0,8.916891034107671,4.61512051684126,12.33304085962557,1.6984766158645397,0.7447315744112115,0.26951771693185156,0.7934191405103245,1.0,0.47512576858579947
2004-10-13,Cambridge,Classic Cars,Shipped,36.0,100.0,4641.48,Other,0.0,0.0,0.0,0.0,0.0,0.0,1.0,0.0,0.0,0.0,0.0,1.0,0.0,0.0,0.0,0.0,0.0,0.0,0.0,0.0,0.0,0.0,0.0,1.0,8.443003985193887,4.61512051684126,12.119023021201402,0.7740794000267699,0.7447315744112115,0.16315383770961095,0.4536638902264074,1.0,0.4471771939631053
2004-10-13,Cambridge,Trucks and Buses,Shipped,40.0,57.9,2316.0,Other,0.0,0.0,0.0,0.0,0.0,0.0,1.0,0.0,0.0,0.0,0.0,0.0,0.0,0.0,0.0,0.0,1.0,0.0,0.0,0.0,0.0,0.0,0.0,1.0,7.748028524432376,4.075841090657541,12.961139346341028,-0.5815883323496656,-1.150744754709952,0.5816739001387327,0.17293021812330767,0.37132276080399007,0.5589714924538818
2004-10-14,Manchester,Ships,Shipped,43.0,75.17,3232.31,Manchester,0.0,1.0,0.0,0.0,0.0,0.0,0.0,0.0,0.0,0.0,0.0,0.0,0.0,0.0,1.0,0.0,0.0,0.0,0.0,0.0,0.0,0.0,0.0,1.0,8.08126165930248,4.3329676843846965,13.569968697266269,0.06843952303251201,-0.2469880965960546,0.8842535917456676,0.28354784161815233,0.6292148254338021,0.6428172163219641
2004-10-14,Philadelphia,Ships,Shipped,31.0,83.44,2586.64,Other,0.0,0.0,0.0,0.0,0.0,0.0,1.0,0.0,0.0,0.0,0.0,0.0,0.0,0.0,1.0,0.0,0.0,0.0,0.0,0.0,0.0,0.0,0.0,1.0,7.858501542390126,4.43604122298012,11.009728365329204,-0.36609193830510295,0.115298026479264,-0.388150126800217,0.20560207985421175,0.7527103306155363,0.30743432084963496
2004-10-14,Manchester,Vintage Cars,Shipped,31.0,84.08,2606.48,Manchester,0.0,1.0,0.0,0.0,0.0,0.0,0.0,0.0,0.0,0.0,0.0,0.0,0.0,0.0,0.0,0.0,0.0,1.0,0.0,0.0,0.0,0.0,0.0,1.0,7.8661395166633445,4.4435919903320364,11.009728365329204,-0.35119277157542056,0.14183770162233644,-0.388150126800217,0.20799717938399725,0.7622674192873995,0.30743432084963496
2004-10-14,Philadelphia,Ships,Shipped,34.0,97.76,3323.84,Other,0.0,0.0,0.0,0.0,0.0,0.0,1.0,0.0,0.0,0.0,0.0,0.0,0.0,0.0,1.0,0.0,0.0,0.0,0.0,0.0,0.0,0.0,0.0,1.0,8.109176831631384,4.592692664476979,11.683463549954297,0.12289281024434393,0.6659014518338373,-0.05331314156158311,0.29459741117265154,0.9665501896484783,0.39128004471771716
2004-10-14,Manchester,Vintage Cars,Shipped,32.0,100.0,3759.04,Manchester,0.0,1.0,0.0,0.0,0.0,0.0,0.0,0.0,0.0,0.0,0.0,0.0,0.0,0.0,0.0,0.0,0.0,1.0,0.0,0.0,0.0,0.0,0.0,1.0,8.232184874625226,4.61512051684126,11.237179911736995,0.3628409006802303,0.7447315744112115,-0.2751098821684491,0.34713507827762297,1.0,0.335382895472329
2004-10-14,Philadelphia,Vintage Cars,Shipped,22.0,71.67,1576.74,Other,0.0,0.0,0.0,0.0,0.0,0.0,1.0,0.0,0.0,0.0,0.0,0.0,0.0,0.0,0.0,0.0,0.0,1.0,0.0,0.0,0.0,0.0,0.0,1.0,7.363748722304507,4.2859286446285445,8.805943150564206,-1.3311913865034388,-0.4123223965402182,-1.4834006262023,0.08368620207546479,0.5769494967595497,0.055897149245388134
2004-10-14,Manchester,Ships,Shipped,38.0,91.81,3488.78,Manchester,0.0,1.0,0.0,0.0,0.0,0.0,0.0,0.0,0.0,0.0,0.0,0.0,0.0,0.0,1.0,0.0,0.0,0.0,0.0,0.0,0.0,0.0,0.0,1.0,8.157593975960259,4.530554392607302,12.544675977743431,0.21733867771216325,0.44749589482053675,0.3746974174111126,0.3145090904288418,0.8776991309022488,0.5030743432084936
2004-10-14,Manchester,Trains,Shipped,34.0,60.34,2051.56,Manchester,0.0,1.0,0.0,0.0,0.0,0.0,0.0,0.0,0.0,0.0,0.0,0.0,0.0,0.0,0.0,1.0,0.0,0.0,0.0,0.0,0.0,0.0,0.0,1.0,7.626843073542436,4.116432158686106,11.683463549954297,-0.8179811471764877,-1.008073989080409,-0.05331314156158311,0.14100682499546147,0.4077591613654691,0.39128004471771716
2004-10-14,Philadelphia,Vintage Cars,Shipped,48.0,86.81,4166.88,Other,0.0,0.0,0.0,0.0,0.0,0.0,1.0,0.0,0.0,0.0,0.0,0.0,0.0,0.0,0.0,0.0,0.0,1.0,0.0,0.0,0.0,0.0,0.0,1.0,8.335162792231792,4.475175389371905,14.546755227281093,0.563716827858395,0.2528480283038211,1.3697028667658944,0.3963698258697451,0.8030343756533167,0.7825600894354343
2004-10-14,Manchester,Trains,Shipped,46.0,50.33,2315.18,Manchester,0.0,1.0,0.0,0.0,0.0,0.0,0.0,0.0,0.0,0.0,0.0,0.0,0.0,0.0,0.0,1.0,0.0,0.0,0.0,0.0,0.0,0.0,0.0,1.0,7.747674555880081,3.9382753765722116,14.161377611660777,-0.5822788081602756,-1.6342650636389249,1.1781755694872693,0.1728312271145161,0.25828032135710655,0.7266629401900462
2004-10-14,Manchester,Ships,Shipped,32.0,90.15,2884.8,Manchester,0.0,1.0,0.0,0.0,0.0,0.0,0.0,0.0,0.0,0.0,0.0,0.0,0.0,0.0,1.0,0.0,0.0,0.0,0.0,0.0,0.0,0.0,0.0,1.0,7.967557436863156,4.512506501124672,11.237179911736995,-0.1533598844272032,0.38406059683789406,-0.2751098821684491,0.24159617641675385,0.8529104321596035,0.335382895472329
2004-10-14,Philadelphia,Planes,Shipped,39.0,100.0,7379.97,Other,0.0,0.0,0.0,0.0,0.0,0.0,1.0,0.0,0.0,0.0,0.0,0.0,0.0,1.0,0.0,0.0,0.0,0.0,0.0,0.0,0.0,0.0,0.0,1.0,8.906660345271886,4.61512051684126,12.754015005493859,1.6785199188043871,0.7447315744112115,0.4787359930181514,0.784256436159986,1.0,0.5310229178311876
2004-10-14,Philadelphia,Planes,Shipped,34.0,53.63,1823.42,Other,0.0,0.0,0.0,0.0,0.0,0.0,1.0,0.0,0.0,0.0,0.0,0.0,0.0,1.0,0.0,0.0,0.0,0.0,0.0,0.0,0.0,0.0,0.0,1.0,7.509017407285679,4.000583182407627,11.683463549954297,-1.0478201311530095,-1.4152636232979174,-0.05331314156158311,0.11346559481777721,0.30755905982140197,0.39128004471771716
2004-10-14,Manchester,Classic Cars,Shipped,31.0,100.0,6570.76,Manchester,0.0,1.0,0.0,0.0,0.0,0.0,0.0,0.0,0.0,0.0,0.0,1.0,0.0,0.0,0.0,0.0,0.0,0.0,0.0,0.0,0.0,0.0,0.0,1.0,8.790536959926737,4.61512051684126,11.009728365329204,1.4520015230120555,0.7447315744112115,-0.388150126800217,0.6865680041792553,1.0,0.30743432084963496
2004-10-14,Manchester,Ships,Shipped,29.0,100.0,3207.4,Manchester,0.0,1.0,0.0,0.0,0.0,0.0,0.0,0.0,0.0,0.0,0.0,0.0,0.0,0.0,1.0,0.0,0.0,0.0,0.0,0.0,0.0,0.0,0.0,1.0,8.07352764949277,4.61512051684126,10.54555133395328,0.05335302266972218,0.7447315744112115,-0.6188396341166861,0.28054068792425335,1.0,0.2515371716042467
2004-10-14,Philadelphia,Vintage Cars,Shipped,22.0,91.41,2011.02,Other,0.0,0.0,0.0,0.0,0.0,0.0,1.0,0.0,0.0,0.0,0.0,0.0,0.0,0.0,0.0,0.0,0.0,1.0,0.0,0.0,0.0,0.0,0.0,1.0,7.6068944715280775,4.526235197899949,8.805943150564206,-0.8568942852421869,0.43231465309101436,-1.4834006262023,0.13611280609740184,0.8717259504823343,0.055897149245388134
2004-10-14,Manchester,Classic Cars,Shipped,20.0,100.0,3633.4,Manchester,0.0,1.0,0.0,0.0,0.0,0.0,0.0,0.0,0.0,0.0,0.0,1.0,0.0,0.0,0.0,0.0,0.0,0.0,0.0,0.0,0.0,0.0,0.0,1.0,8.198199314445194,4.61512051684126,8.268807419728406,0.29654629043266506,0.7447315744112115,-1.7503495890608907,0.33196772419888076,1.0,0.0
2004-10-14,Manchester,Ships,Shipped,35.050383351588174,100.0,3515.7,Manchester,0.0,1.0,0.0,0.0,0.0,0.0,0.0,0.0,0.0,0.0,0.0,0.0,0.0,0.0,1.0,0.0,0.0,0.0,0.0,0.0,0.0,0.0,0.0,1.0,8.165278328864167,4.61512051684126,11.913498472712774,0.2323283138420586,0.7447315744112115,0.06101100506720186,0.3177588928150224,1.0,0.42063676220201485
2004-10-14,Philadelphia,Planes,Shipped,25.0,75.36,1884.0,Other,0.0,0.0,0.0,0.0,0.0,0.0,1.0,0.0,0.0,0.0,0.0,0.0,0.0,1.0,0.0,0.0,0.0,0.0,0.0,0.0,0.0,0.0,0.0,1.0,7.541683099882111,4.335458998857547,9.57572149487329,-0.9841001469104181,-0.23823154594270882,-1.1008315308182302,0.12077885739410801,0.6320520861332617,0.13974287311347044
2004-10-14,Manchester,Ships,Shipped,35.0,59.51,2082.85,Manchester,0.0,1.0,0.0,0.0,0.0,0.0,0.0,0.0,0.0,0.0,0.0,0.0,0.0,0.0,1.0,0.0,0.0,0.0,0.0,0.0,0.0,0.0,0.0,1.0,7.641972423315421,4.10280864063423,11.902530119204657,-0.7884687795360559,-1.0559583598405287,0.05555988642964223,0.14478417702605556,0.3953648119941463,0.41922861934041133
2004-10-14,Manchester,Ships,Shipped,50.0,54.0,2700.0,Manchester,0.0,1.0,0.0,0.0,0.0,0.0,0.0,0.0,0.0,0.0,0.0,0.0,0.0,0.0,1.0,0.0,0.0,0.0,0.0,0.0,0.0,0.0,0.0,1.0,7.901377353792616,4.007333185232471,14.925497315272617,-0.2824553823407776,-1.3915385005604606,1.5579323994073224,0.21928698321592954,0.3130842517098229,0.8384572386808227
2004-10-14,Manchester,Classic Cars,Shipped,23.0,100.0,3600.65,Manchester,0.0,1.0,0.0,0.0,0.0,0.0,0.0,0.0,0.0,0.0,0.0,1.0,0.0,0.0,0.0,0.0,0.0,0.0,0.0,0.0,0.0,0.0,0.0,1.0,8.189147352774896,4.61512051684126,9.067037908070397,0.2788889010081729,0.7447315744112115,-1.353640175122944,0.32801411988434076,1.0,0.0838457238680822
2004-10-14,Manchester,Trains,Shipped,40.0,91.76,3670.4,Manchester,0.0,1.0,0.0,0.0,0.0,0.0,0.0,0.0,0.0,0.0,0.0,0.0,0.0,0.0,0.0,1.0,0.0,0.0,0.0,0.0,0.0,0.0,0.0,1.0,8.20832833969655,4.530015512387331,12.961139346341028,0.3163046753958447,0.4456018216340001,0.5816739001387327,0.3364343916687428,0.8769524833497597,0.5589714924538818
2004-10-14,Manchester,Classic Cars,Shipped,34.0,100.0,4982.7,Manchester,0.0,1.0,0.0,0.0,0.0,0.0,0.0,0.0,0.0,0.0,0.0,1.0,0.0,0.0,0.0,0.0,0.0,0.0,0.0,0.0,0.0,0.0,0.0,1.0,8.513927866039268,4.61512051684126,11.683463549954297,0.9124284816067729,0.7447315744112115,-0.05331314156158311,0.49485622195792944,1.0,0.39128004471771716
2004-10-14,Manchester,Vintage Cars,Shipped,39.0,90.4,3525.6,Manchester,0.0,1.0,0.0,0.0,0.0,0.0,0.0,0.0,0.0,0.0,0.0,0.0,0.0,0.0,0.0,0.0,0.0,1.0,0.0,0.0,0.0,0.0,0.0,1.0,8.168089512973824,4.515245478460105,12.754015005493859,0.23781200614833825,0.39368764072876156,0.4787359930181514,0.31895402816506657,0.8566436699220501,0.5310229178311876
2004-10-14,Philadelphia,Classic Cars,Shipped,22.0,100.0,2692.8,Other,0.0,0.0,0.0,0.0,0.0,0.0,1.0,0.0,0.0,0.0,0.0,1.0,0.0,0.0,0.0,0.0,0.0,0.0,0.0,0.0,0.0,0.0,0.0,1.0,7.898708115164714,4.61512051684126,8.805943150564206,-0.287662185864306,0.7447315744112115,-1.4834006262023,0.2184177938704429,1.0,0.055897149245388134
2004-10-15,White Plains,Motorcycles,Shipped,34.0,52.09,1771.06,Other,0.0,0.0,0.0,0.0,0.0,0.0,1.0,0.0,0.0,0.0,0.0,0.0,1.0,0.0,0.0,0.0,0.0,0.0,0.0,0.0,0.0,0.0,0.0,1.0,7.4798979906369345,3.97198858659558,11.683463549954297,-1.1046225015461635,-1.515768810165655,-0.05331314156158311,0.10714465674421031,0.28456231520473085,0.39128004471771716
2004-10-15,White Plains,Vintage Cars,Shipped,46.0,66.04,3037.84,Other,0.0,0.0,0.0,0.0,0.0,0.0,1.0,0.0,0.0,0.0,0.0,0.0,0.0,0.0,0.0,0.0,0.0,1.0,0.0,0.0,0.0,0.0,0.0,1.0,8.019231142633128,4.205289456173828,14.161377611660777,-0.052561540485812026,-0.6957555584487229,1.1781755694872693,0.2600712788380425,0.4928769823492519,0.7266629401900462
2004-10-15,White Plains,Motorcycles,Shipped,24.0,79.91,1917.84,Other,0.0,0.0,0.0,0.0,0.0,0.0,1.0,0.0,0.0,0.0,0.0,0.0,1.0,0.0,0.0,0.0,0.0,0.0,0.0,0.0,0.0,0.0,0.0,1.0,7.559476115772936,4.393337425819748,9.323544176118064,-0.9493918458742612,-0.03479862611118886,-1.226160139275199,0.1248640473178953,0.6999970134097899,0.11179429849077627
2004-10-15,White Plains,Motorcycles,Shipped,34.0,100.0,4043.96,Other,0.0,0.0,0.0,0.0,0.0,0.0,1.0,0.0,0.0,0.0,0.0,0.0,1.0,0.0,0.0,0.0,0.0,0.0,0.0,0.0,0.0,0.0,0.0,1.0,8.305226940692153,4.61512051684126,11.683463549954297,0.5053218624749678,0.7447315744112115,-0.05331314156158311,0.381530832210409,1.0,0.39128004471771716
2004-10-15,White Plains,Planes,Shipped,35.0,88.75,3106.25,Other,0.0,0.0,0.0,0.0,0.0,0.0,1.0,0.0,0.0,0.0,0.0,0.0,0.0,1.0,0.0,0.0,0.0,0.0,0.0,0.0,0.0,0.0,0.0,1.0,8.041493369625622,4.497028027368389,11.902530119204657,-0.009135283749359973,0.32965636928636416,0.05555988642964223,0.26832978482759007,0.8320043006899023,0.41922861934041133
2004-10-15,White Plains,Planes,Shipped,31.0,100.0,4009.23,Other,0.0,0.0,0.0,0.0,0.0,0.0,1.0,0.0,0.0,0.0,0.0,0.0,0.0,1.0,0.0,0.0,0.0,0.0,0.0,0.0,0.0,0.0,0.0,1.0,8.296603875264266,4.61512051684126,11.009728365329204,0.48850110805300845,0.7447315744112115,-0.388150126800217,0.37733820082586017,1.0,0.30743432084963496
2004-10-15,White Plains,Planes,Shipped,27.0,82.79,2235.33,Other,0.0,0.0,0.0,0.0,0.0,0.0,1.0,0.0,0.0,0.0,0.0,0.0,0.0,1.0,0.0,0.0,0.0,0.0,0.0,0.0,0.0,0.0,0.0,1.0,7.712591408358565,4.428313668625195,10.068010317854855,-0.6507144490288123,0.08813697480441876,-0.8561708553548468,0.16319167583158417,0.7430039124331751,0.19564002235885858
2004-10-15,Stavern,Motorcycles,Shipped,50.0,84.7,4235.0,Other,0.0,0.0,0.0,0.0,0.0,0.0,1.0,0.0,0.0,0.0,0.0,0.0,1.0,0.0,0.0,0.0,0.0,0.0,0.0,0.0,0.0,0.0,0.0,1.0,8.351374706721296,4.450852825603734,14.925497315272617,0.5953409219370343,0.16735831434910914,1.5579323994073224,0.4045933228439884,0.7715258489382673,0.8384572386808227
2004-10-15,White Plains,Planes,Shipped,21.0,100.0,2224.95,Other,0.0,0.0,0.0,0.0,0.0,0.0,1.0,0.0,0.0,0.0,0.0,0.0,0.0,1.0,0.0,0.0,0.0,0.0,0.0,0.0,0.0,0.0,0.0,1.0,7.7079390697683055,4.61512051684126,8.539972716394377,-0.6597896260141898,0.7447315744112115,-1.6155842205467048,0.16193859452517423,1.0,0.027948574622694067
2004-10-15,Stavern,Motorcycles,Shipped,21.0,100.0,2650.62,Other,0.0,0.0,0.0,0.0,0.0,0.0,1.0,0.0,0.0,0.0,0.0,0.0,1.0,0.0,0.0,0.0,0.0,0.0,0.0,0.0,0.0,0.0,0.0,1.0,7.88292605295457,4.61512051684126,8.539972716394377,-0.31844778002788504,0.7447315744112115,-1.6155842205467048,0.21332579295480014,1.0,0.027948574622694067
2004-10-15,Stavern,Motorcycles,Shipped,28.0,88.68,2483.04,Other,0.0,0.0,0.0,0.0,0.0,0.0,1.0,0.0,0.0,0.0,0.0,0.0,1.0,0.0,0.0,0.0,0.0,0.0,0.0,0.0,0.0,0.0,0.0,1.0,7.817641545983298,4.496247778763904,10.308532382015233,-0.44579630457590425,0.3269139268922684,-0.7366347457903012,0.19309541093859817,0.8309589941164173,0.22358859698155265
2004-10-15,White Plains,Planes,Shipped,21.0,87.2,1831.2,Other,0.0,0.0,0.0,0.0,0.0,0.0,1.0,0.0,0.0,0.0,0.0,0.0,0.0,1.0,0.0,0.0,0.0,0.0,0.0,0.0,0.0,0.0,0.0,1.0,7.513272709581108,4.4796069630127455,8.539972716394377,-1.0395194409284947,0.26842426305175965,-1.6155842205467048,0.1144048021938725,0.8088582265627333,0.027948574622694067
2004-10-15,White Plains,Planes,Shipped,35.050383351588174,68.11,2656.29,Other,0.0,0.0,0.0,0.0,0.0,0.0,1.0,0.0,0.0,0.0,0.0,0.0,0.0,1.0,0.0,0.0,0.0,0.0,0.0,0.0,0.0,0.0,0.0,1.0,7.885062085456852,4.235699438103303,11.913498472712774,-0.31428108565931284,-0.5888695952214041,0.06101100506720186,0.2140102795643709,0.5237881910223099,0.42063676220201485
2004-10-15,White Plains,Planes,Shipped,43.0,76.43,3286.49,Other,0.0,0.0,0.0,0.0,0.0,0.0,1.0,0.0,0.0,0.0,0.0,0.0,0.0,1.0,0.0,0.0,0.0,0.0,0.0,0.0,0.0,0.0,0.0,1.0,8.097879634656298,4.349374302398632,13.569968697266269,0.10085570782832025,-0.1893215983459359,0.8842535917456676,0.2900884914429394,0.6480303437565333,0.6428172163219641
2004-10-15,Stavern,Motorcycles,Shipped,24.0,56.1,1346.4,Other,0.0,0.0,0.0,0.0,0.0,0.0,1.0,0.0,0.0,0.0,0.0,0.0,1.0,0.0,0.0,0.0,0.0,0.0,0.0,0.0,0.0,0.0,0.0,1.0,7.205932088526559,4.044804116661965,9.323544176118064,-1.6390395482365214,-1.2598344894185067,-1.226160139275199,0.05587938626443739,0.3444434489143745,0.11179429849077627
2004-10-15,White Plains,Motorcycles,Shipped,20.0,100.0,4570.4,Other,0.0,0.0,0.0,0.0,0.0,0.0,1.0,0.0,0.0,0.0,0.0,0.0,1.0,0.0,0.0,0.0,0.0,0.0,0.0,0.0,0.0,0.0,0.0,1.0,8.427574782707019,4.61512051684126,8.268807419728406,0.7439821187143779,0.7447315744112115,-1.7503495890608907,0.4450830598545753,1.0,0.0
2004-10-15,White Plains,Planes,Shipped,35.050383351588174,83.32,3666.08,Other,0.0,0.0,0.0,0.0,0.0,0.0,1.0,0.0,0.0,0.0,0.0,0.0,0.0,1.0,0.0,0.0,0.0,0.0,0.0,0.0,0.0,0.0,0.0,1.0,8.207150984031884,4.434619084793052,11.913498472712774,0.31400804310559194,0.11029945034332216,0.06101100506720186,0.33591287806145076,0.7509183764895617,0.42063676220201485
2004-10-15,Stavern,Motorcycles,Shipped,26.0,100.0,4660.24,Other,0.0,0.0,0.0,0.0,0.0,0.0,1.0,0.0,0.0,0.0,0.0,0.0,1.0,0.0,0.0,0.0,0.0,0.0,0.0,0.0,0.0,0.0,0.0,1.0,8.447036786143451,4.61512051684126,9.823805373555334,0.7819460635668489,0.7447315744112115,-0.9775373049564378,0.4559286113543699,1.0,0.1676914477361645
2004-10-15,Stavern,Motorcycles,Shipped,41.0,100.0,4394.38,Other,0.0,0.0,0.0,0.0,0.0,0.0,1.0,0.0,0.0,0.0,0.0,0.0,1.0,0.0,0.0,0.0,0.0,0.0,0.0,0.0,0.0,0.0,0.0,1.0,8.388309268270174,4.61512051684126,13.166125611826143,0.6673880604740117,0.7447315744112115,0.6835492136397722,0.423833794772275,1.0,0.5869200670765757
2004-10-15,White Plains,Motorcycles,Shipped,47.0,63.22,2971.34,Other,0.0,0.0,0.0,0.0,0.0,0.0,1.0,0.0,0.0,0.0,0.0,0.0,1.0,0.0,0.0,0.0,0.0,0.0,0.0,0.0,0.0,0.0,0.0,1.0,7.997104800371062,4.162314688661368,14.35492029635209,-0.09572273096487163,-0.8468046261756313,1.2743635830212399,0.2520433494665338,0.45076606038885403,0.7546115148127404
2004-10-15,White Plains,Vintage Cars,Shipped,47.0,43.64,2051.08,Other,0.0,0.0,0.0,0.0,0.0,0.0,1.0,0.0,0.0,0.0,0.0,0.0,0.0,0.0,0.0,0.0,0.0,1.0,0.0,0.0,0.0,0.0,0.0,1.0,7.626609191885488,3.7986303180730556,14.35492029635209,-0.818437373091532,-2.125093917869525,1.2743635830212399,0.14094887903909567,0.15837887883403523,0.7546115148127404
2004-10-15,White Plains,Planes,Shipped,31.0,100.0,3493.7,Other,0.0,0.0,0.0,0.0,0.0,0.0,1.0,0.0,0.0,0.0,0.0,0.0,0.0,1.0,0.0,0.0,0.0,0.0,0.0,0.0,0.0,0.0,0.0,1.0,8.15900281407384,4.61512051684126,11.009728365329204,0.2200868558544995,0.7447315744112115,-0.388150126800217,0.31510303648159094,1.0,0.30743432084963496
2004-10-16,Koln,Classic Cars,Shipped,48.0,100.0,8940.96,Other,0.0,0.0,0.0,0.0,0.0,0.0,1.0,0.0,0.0,0.0,0.0,1.0,0.0,0.0,0.0,0.0,0.0,0.0,0.0,0.0,0.0,0.0,0.0,1.0,9.098510083511723,4.61512051684126,14.546755227281093,2.0527554339859275,0.7447315744112115,1.3697028667658944,0.9727003078837666,1.0,0.7825600894354343
2004-10-16,Madrid,Classic Cars,Shipped,43.0,100.0,4595.41,Madrid,1.0,0.0,0.0,0.0,0.0,0.0,0.0,0.0,0.0,0.0,0.0,1.0,0.0,0.0,0.0,0.0,0.0,0.0,0.0,0.0,0.0,0.0,0.0,1.0,8.43303084299681,4.61512051684126,13.569968697266269,0.7546250914499418,0.7447315744112115,0.8842535917456676,0.44810228562271714,1.0,0.6428172163219641
2004-10-16,Madrid,Classic Cars,Shipped,35.050383351588174,100.0,3616.64,Madrid,1.0,0.0,0.0,0.0,0.0,0.0,0.0,0.0,0.0,0.0,0.0,1.0,0.0,0.0,0.0,0.0,0.0,0.0,0.0,0.0,0.0,0.0,0.0,1.0,8.193577158516977,4.61512051684126,11.913498472712774,0.28752998985849704,0.7447315744112115,0.06101100506720186,0.3299444445557757,1.0,0.42063676220201485
2004-10-16,Madrid,Classic Cars,Shipped,25.0,66.99,1674.75,Madrid,1.0,0.0,0.0,0.0,0.0,0.0,0.0,0.0,0.0,0.0,0.0,1.0,0.0,0.0,0.0,0.0,0.0,0.0,0.0,0.0,0.0,0.0,0.0,1.0,7.424016105238067,4.219360635538369,9.57572149487329,-1.213629614943509,-0.6462977335933421,-1.1008315308182302,0.09551804204090195,0.5070632858465489,0.13974287311347044
2004-10-16,Madrid,Classic Cars,Shipped,29.0,100.0,2923.2,Madrid,1.0,0.0,0.0,0.0,0.0,0.0,0.0,0.0,0.0,0.0,0.0,1.0,0.0,0.0,0.0,0.0,0.0,0.0,0.0,0.0,0.0,0.0,0.0,1.0,7.980776217983338,4.61512051684126,10.54555133395328,-0.12757440560419306,0.7447315744112115,-0.6188396341166861,0.24623185292601596,1.0,0.2515371716042467
2004-10-16,Koln,Classic Cars,Shipped,24.0,100.0,3448.08,Other,0.0,0.0,0.0,0.0,0.0,0.0,1.0,0.0,0.0,0.0,0.0,1.0,0.0,0.0,0.0,0.0,0.0,0.0,0.0,0.0,0.0,0.0,0.0,1.0,8.145862807796862,4.61512051684126,9.323544176118064,0.19445504074925077,0.7447315744112115,-1.226160139275199,0.30959575621199353,1.0,0.11179429849077627
2004-10-16,Koln,Classic Cars,Shipped,38.0,56.94,2163.72,Other,0.0,0.0,0.0,0.0,0.0,0.0,1.0,0.0,0.0,0.0,0.0,1.0,0.0,0.0,0.0,0.0,0.0,0.0,0.0,0.0,0.0,0.0,0.0,1.0,7.68004630181867,4.059407992341204,12.544675977743431,-0.7141992096771157,-1.2085043267617983,0.3746974174111126,0.15454686346626473,0.356987127796195,0.5030743432084936
2004-10-16,Koln,Classic Cars,Shipped,25.0,100.0,2504.75,Other,0.0,0.0,0.0,0.0,0.0,0.0,1.0,0.0,0.0,0.0,0.0,1.0,0.0,0.0,0.0,0.0,0.0,0.0,0.0,0.0,0.0,0.0,0.0,1.0,7.826343369904976,4.61512051684126,9.57572149487329,-0.4288219183284908,0.7447315744112115,-1.1008315308182302,0.19571625825672528,1.0,0.13974287311347044
2004-10-16,Madrid,Classic Cars,Shipped,35.050383351588174,92.09,4236.14,Madrid,1.0,0.0,0.0,0.0,0.0,0.0,0.0,0.0,0.0,0.0,0.0,1.0,0.0,0.0,0.0,0.0,0.0,0.0,0.0,0.0,0.0,0.0,0.0,1.0,8.351643792327549,4.533566767128399,11.913498472712774,0.5958658191373516,0.4580838837590236,0.06101100506720186,0.4047309444903572,0.8818803571961891,0.42063676220201485
2004-10-16,Koln,Classic Cars,Shipped,49.0,97.01,4753.49,Other,0.0,0.0,0.0,0.0,0.0,0.0,1.0,0.0,0.0,0.0,0.0,1.0,0.0,0.0,0.0,0.0,0.0,0.0,0.0,0.0,0.0,0.0,0.0,1.0,8.4668447137067,4.585069514281089,14.736931873780104,0.8205847922110564,0.6391073631887376,1.464218006289084,0.46718582058584646,0.9553504763611385,0.8105086640581285
2004-10-16,Koln,Classic Cars,Shipped,27.0,80.41,2171.07,Other,0.0,0.0,0.0,0.0,0.0,0.0,1.0,0.0,0.0,0.0,0.0,1.0,0.0,0.0,0.0,0.0,0.0,0.0,0.0,0.0,0.0,0.0,0.0,1.0,7.683435908895461,4.399498115585886,10.068010317854855,-0.7075872050828741,-0.013144839491865422,-0.8561708553548468,0.15543416092311574,0.7074634889346831,0.19564002235885858
2004-10-16,Koln,Classic Cars,Shipped,40.0,100.0,5356.8,Other,0.0,0.0,0.0,0.0,0.0,0.0,1.0,0.0,0.0,0.0,0.0,1.0,0.0,0.0,0.0,0.0,0.0,0.0,0.0,0.0,0.0,0.0,0.0,1.0,8.586308722046915,4.61512051684126,12.961139346341028,1.05361964082243,0.7447315744112115,0.5816739001387327,0.5400178517005072,1.0,0.5589714924538818
2004-10-16,Koln,Classic Cars,Shipped,33.0,100.0,6934.62,Other,0.0,0.0,0.0,0.0,0.0,0.0,1.0,0.0,0.0,0.0,0.0,1.0,0.0,0.0,0.0,0.0,0.0,0.0,0.0,0.0,0.0,0.0,0.0,1.0,8.844425730339006,4.61512051684126,11.461717832632248,1.5571207269409346,0.7447315744112115,-0.16351766875873364,0.7304934535193631,1.0,0.3633314700950231
2004-10-16,Koln,Classic Cars,Shipped,49.0,100.0,6266.12,Other,0.0,0.0,0.0,0.0,0.0,0.0,1.0,0.0,0.0,0.0,0.0,1.0,0.0,0.0,0.0,0.0,0.0,0.0,0.0,0.0,0.0,0.0,0.0,1.0,8.74307219795902,4.61512051684126,14.736931873780104,1.3594134391766124,0.7447315744112115,1.464218006289084,0.6497916372057753,1.0,0.8105086640581285
2004-10-16,Madrid,Classic Cars,Shipped,28.0,93.6,2620.8,Madrid,1.0,0.0,0.0,0.0,0.0,0.0,0.0,0.0,0.0,0.0,0.0,1.0,0.0,0.0,0.0,0.0,0.0,0.0,0.0,0.0,0.0,0.0,0.0,1.0,7.871616383763709,4.549657476057832,10.308532382015233,-0.34050921162016284,0.5146400147992042,-0.7366347457903012,0.20972590041557626,0.9044291132813667,0.22358859698155265
2004-10-16,Madrid,Classic Cars,Shipped,26.0,87.45,2273.7,Madrid,1.0,0.0,0.0,0.0,0.0,0.0,0.0,0.0,0.0,0.0,0.0,1.0,0.0,0.0,0.0,0.0,0.0,0.0,0.0,0.0,0.0,0.0,0.0,1.0,7.729603454557816,4.482437420605795,9.823805373555334,-0.6175295620851049,0.2783728446362129,-0.9775373049564378,0.16782373071857348,0.8125914643251799,0.1676914477361645
2004-10-16,Madrid,Vintage Cars,Shipped,41.0,81.91,3358.31,Madrid,1.0,0.0,0.0,0.0,0.0,0.0,0.0,0.0,0.0,0.0,0.0,0.0,0.0,0.0,0.0,0.0,0.0,1.0,0.0,0.0,0.0,0.0,0.0,1.0,8.119490874725727,4.417755682128127,13.166125611826143,0.14301210395008174,0.051027431000764914,0.6835492136397722,0.2987586551641689,0.729862915509363,0.5869200670765757
2004-10-16,Koln,Classic Cars,Shipped,45.0,100.0,5497.65,Other,0.0,0.0,0.0,0.0,0.0,0.0,1.0,0.0,0.0,0.0,0.0,1.0,0.0,0.0,0.0,0.0,0.0,0.0,0.0,0.0,0.0,0.0,0.0,1.0,8.61225788654621,4.61512051684126,13.966075138951927,1.1042378956817829,0.7447315744112115,1.0811129658652374,0.55702136827159,1.0,0.6987143655673522
2004-10-16,Koln,Classic Cars,Shipped,33.0,41.91,1383.03,Other,0.0,0.0,0.0,0.0,0.0,0.0,1.0,0.0,0.0,0.0,0.0,1.0,0.0,0.0,0.0,0.0,0.0,0.0,0.0,0.0,0.0,0.0,0.0,1.0,7.232754812243265,3.7591048990034333,11.461717832632248,-1.5867172676809709,-2.264019106941248,-0.16351766875873364,0.06030138705960075,0.13254487351790456,0.3633314700950231
2004-10-16,Koln,Classic Cars,Shipped,37.0,100.0,6231.91,Other,0.0,0.0,0.0,0.0,0.0,0.0,1.0,0.0,0.0,0.0,0.0,1.0,0.0,0.0,0.0,0.0,0.0,0.0,0.0,0.0,0.0,0.0,0.0,1.0,8.737598597429775,4.61512051684126,12.33304085962557,1.3487362512234085,0.7447315744112115,0.26951771693185156,0.6456617806072893,1.0,0.47512576858579947
2004-10-16,Koln,Classic Cars,Shipped,24.0,100.0,3100.32,Other,0.0,0.0,0.0,0.0,0.0,0.0,1.0,0.0,0.0,0.0,0.0,1.0,0.0,0.0,0.0,0.0,0.0,0.0,0.0,0.0,0.0,0.0,0.0,1.0,8.03958310629501,4.61512051684126,9.323544176118064,-0.012861576983964106,0.7447315744112115,-1.226160139275199,0.26761391082498787,1.0,0.11179429849077627
2004-10-16,Koln,Classic Cars,Shipped,20.0,91.63,1832.6,Other,0.0,0.0,0.0,0.0,0.0,0.0,1.0,0.0,0.0,0.0,0.0,1.0,0.0,0.0,0.0,0.0,0.0,0.0,0.0,0.0,0.0,0.0,0.0,1.0,7.51403652652042,4.5286130632659365,8.268807419728406,-1.0380294861940744,0.44067244924682664,-1.7503495890608907,0.11457381123327268,0.8750111997132872,0.0
2004-10-16,Madrid,Classic Cars,Shipped,45.0,49.3,2218.5,Madrid,1.0,0.0,0.0,0.0,0.0,0.0,0.0,0.0,0.0,0.0,0.0,1.0,0.0,0.0,0.0,0.0,0.0,0.0,0.0,0.0,0.0,0.0,0.0,1.0,7.70503722427409,3.9180050771056933,13.966075138951927,-0.6654501687570076,-1.70551175126964,1.0811129658652374,0.1611599457365091,0.24289938177582648,0.6987143655673522
2004-10-16,Madrid,Classic Cars,Shipped,43.0,100.0,5278.68,Madrid,1.0,0.0,0.0,0.0,0.0,0.0,0.0,0.0,0.0,0.0,0.0,1.0,0.0,0.0,0.0,0.0,0.0,0.0,0.0,0.0,0.0,0.0,0.0,1.0,8.57162076880308,4.61512051684126,13.569968697266269,1.0249682921179677,0.7447315744112115,0.8842535917456676,0.530587147301977,1.0,0.6428172163219641
2004-10-16,Koln,Motorcycles,Shipped,42.0,67.14,2819.88,Other,0.0,0.0,0.0,0.0,0.0,0.0,1.0,0.0,0.0,0.0,0.0,0.0,1.0,0.0,0.0,0.0,0.0,0.0,0.0,0.0,0.0,0.0,0.0,1.0,7.944804171990171,4.22156441223282,13.369046010543581,-0.1977439939909,-0.6385518297887738,0.7843978201850537,0.23375898581828242,0.5093032285040169,0.6148686416992699
2004-10-16,Madrid,Classic Cars,Shipped,25.0,83.04,2076.0,Madrid,1.0,0.0,0.0,0.0,0.0,0.0,0.0,0.0,0.0,0.0,0.0,1.0,0.0,0.0,0.0,0.0,0.0,0.0,0.0,0.0,0.0,0.0,0.0,1.0,7.638679823876112,4.4312928759767996,9.57572149487329,-0.7948915542490232,0.09860838672990481,-1.1008315308182302,0.14395723994041898,0.7467371501956217,0.13974287311347044
2004-10-16,Koln,Classic Cars,Shipped,49.0,81.4,3988.6,Other,0.0,0.0,0.0,0.0,0.0,0.0,1.0,0.0,0.0,0.0,0.0,1.0,0.0,0.0,0.0,0.0,0.0,0.0,0.0,0.0,0.0,0.0,0.0,1.0,8.291446254231913,4.411585436915426,14.736931873780104,0.47844029180242337,0.02934005859660574,1.464218006289084,0.374847731909556,0.7222471104739718,0.8105086640581285
2004-10-16,Koln,Motorcycles,Shipped,36.0,43.05,1549.8,Other,0.0,0.0,0.0,0.0,0.0,0.0,1.0,0.0,0.0,0.0,0.0,0.0,1.0,0.0,0.0,0.0,0.0,0.0,0.0,0.0,0.0,0.0,0.0,1.0,7.346526205796774,3.7853253523821886,12.119023021201402,-1.3647868315487512,-2.1718586307481065,0.16315383770961095,0.08043398527443552,0.1495684377146611,0.4471771939631053
2004-10-21,San Rafael,Vintage Cars,Shipped,31.0,35.29,1093.99,San Rafael,0.0,0.0,0.0,0.0,0.0,0.0,0.0,0.0,0.0,1.0,0.0,0.0,0.0,0.0,0.0,0.0,0.0,1.0,0.0,0.0,0.0,0.0,0.0,1.0,6.998500509788809,3.591542221224979,11.009728365329204,-2.043670091108552,-2.852973689579109,-0.388150126800217,0.025408263668008496,0.03368873756831825,0.30743432084963496
2004-10-21,San Rafael,Vintage Cars,Shipped,31.0,100.0,4729.36,San Rafael,0.0,0.0,0.0,0.0,0.0,0.0,0.0,0.0,0.0,1.0,0.0,0.0,0.0,0.0,0.0,0.0,0.0,1.0,0.0,0.0,0.0,0.0,0.0,1.0,8.46175658852634,4.61512051684126,11.009728365329204,0.8106595394291105,0.7447315744112115,-0.388150126800217,0.46427282907104184,1.0,0.30743432084963496
2004-10-21,San Rafael,Vintage Cars,Shipped,35.0,53.72,1880.2,San Rafael,0.0,0.0,0.0,0.0,0.0,0.0,0.0,0.0,0.0,1.0,0.0,0.0,0.0,0.0,0.0,0.0,0.0,1.0,0.0,0.0,0.0,0.0,0.0,1.0,7.539665150070893,4.002229273314295,11.902530119204657,-0.9880365009244526,-1.4094778910825225,0.05555988642964223,0.12032011857287894,0.30890302541588266,0.41922861934041133
2004-10-21,San Rafael,Classic Cars,Shipped,48.0,100.0,9167.099200000002,San Rafael,0.0,0.0,0.0,0.0,0.0,0.0,0.0,0.0,0.0,1.0,0.0,1.0,0.0,0.0,0.0,0.0,0.0,0.0,0.0,0.0,0.0,0.0,0.0,1.0,9.123485259140311,4.61512051684126,14.546755227281093,2.1014737580444667,0.7447315744112115,1.3697028667658944,1.0,1.0,0.7825600894354343
2004-10-21,San Rafael,Vintage Cars,Shipped,37.0,100.0,3711.1,San Rafael,0.0,0.0,0.0,0.0,0.0,0.0,0.0,0.0,0.0,1.0,0.0,0.0,0.0,0.0,0.0,0.0,0.0,1.0,0.0,0.0,0.0,0.0,0.0,1.0,8.219353033198397,4.61512051684126,12.33304085962557,0.3378102134812002,0.7447315744112115,0.26951771693185156,0.341347725885591,1.0,0.47512576858579947
2004-10-21,San Rafael,Vintage Cars,Shipped,25.0,44.21,1105.25,San Rafael,0.0,0.0,0.0,0.0,0.0,0.0,0.0,0.0,0.0,1.0,0.0,0.0,0.0,0.0,0.0,0.0,0.0,1.0,0.0,0.0,0.0,0.0,0.0,1.0,7.008731196322139,3.811318301306514,9.57572149487329,-2.0237133985397295,-2.0804977943839735,-1.1008315308182302,0.02676757922775569,0.16689066093241345,0.13974287311347044
2004-10-21,San Rafael,Vintage Cars,Shipped,44.0,100.0,4884.88,San Rafael,0.0,0.0,0.0,0.0,0.0,0.0,0.0,0.0,0.0,1.0,0.0,0.0,0.0,0.0,0.0,0.0,0.0,1.0,0.0,0.0,0.0,0.0,0.0,1.0,8.49410469154883,4.61512051684126,13.768958087112637,0.8737600112401983,0.7447315744112115,0.9831485417366043,0.4830473189335538,1.0,0.670765790944658
2004-10-21,San Rafael,Vintage Cars,Shipped,25.0,100.0,3881.25,San Rafael,0.0,0.0,0.0,0.0,0.0,0.0,0.0,0.0,0.0,1.0,0.0,0.0,0.0,0.0,0.0,0.0,0.0,1.0,0.0,0.0,0.0,0.0,0.0,1.0,8.264170161449298,4.61512051684126,9.57572149487329,0.4252336378434788,0.7447315744112115,-1.1008315308182302,0.3618883602098347,1.0,0.13974287311347044
2004-10-21,San Rafael,Vintage Cars,Shipped,33.0,100.0,3535.95,San Rafael,0.0,0.0,0.0,0.0,0.0,0.0,0.0,0.0,0.0,1.0,0.0,0.0,0.0,0.0,0.0,0.0,0.0,1.0,0.0,0.0,0.0,0.0,0.0,1.0,8.171020052831885,4.61512051684126,11.461717832632248,0.2435285221238286,0.7447315744112115,-0.16351766875873364,0.32020348784920366,1.0,0.3633314700950231
2004-10-21,San Rafael,Vintage Cars,Shipped,39.0,56.85,2217.15,San Rafael,0.0,0.0,0.0,0.0,0.0,0.0,0.0,0.0,0.0,1.0,0.0,0.0,0.0,0.0,0.0,0.0,0.0,1.0,0.0,0.0,0.0,0.0,0.0,1.0,7.704428794117748,4.0578534536396855,12.754015005493859,-0.6666370151665976,-1.2139682684001492,0.4787359930181514,0.16099697273423036,0.3556431622017143,0.5310229178311876
2004-10-21,San Rafael,Vintage Cars,Shipped,43.0,89.38,3843.34,San Rafael,0.0,0.0,0.0,0.0,0.0,0.0,0.0,0.0,0.0,1.0,0.0,0.0,0.0,0.0,0.0,0.0,0.0,1.0,0.0,0.0,0.0,0.0,0.0,1.0,8.254357215710492,4.504023003983134,13.569968697266269,0.4060918196804545,0.3542425336239014,0.8842535917456676,0.35731183686436263,0.8414120598512678,0.6428172163219641
2004-10-21,San Rafael,Vintage Cars,Shipped,23.0,37.63,883.5186,San Rafael,0.0,0.0,0.0,0.0,0.0,0.0,0.0,0.0,0.0,1.0,0.0,0.0,0.0,0.0,0.0,0.0,0.0,1.0,0.0,0.0,0.0,0.0,0.0,1.0,6.785043542208585,3.65402917667819,9.067037908070397,-2.4600541788033214,-2.6333425685133856,-1.353640175122944,0.0,0.06863184302481862,0.0838457238680822
2004-10-21,San Rafael,Trucks and Buses,Shipped,32.0,100.0,4181.44,San Rafael,0.0,0.0,0.0,0.0,0.0,0.0,0.0,0.0,0.0,1.0,0.0,0.0,0.0,0.0,0.0,0.0,1.0,0.0,0.0,0.0,0.0,0.0,0.0,1.0,8.338650087270933,4.61512051684126,11.237179911736995,0.5705193894231734,0.7447315744112115,-0.2751098821684491,0.398127519879507,1.0,0.335382895472329
2004-10-21,San Rafael,Vintage Cars,Shipped,39.0,33.034,1152.06,San Rafael,0.0,0.0,0.0,0.0,0.0,0.0,0.0,0.0,0.0,1.0,0.0,0.0,0.0,0.0,0.0,0.0,0.0,1.0,0.0,0.0,0.0,0.0,0.0,1.0,7.050174557076439,3.5273600249492447,12.754015005493859,-1.9428710809789358,-3.0785632965340333,0.4787359930181514,0.032418517180843265,0.0,0.5310229178311876
2004-10-21,San Rafael,Vintage Cars,Shipped,48.0,100.0,8078.4,San Rafael,0.0,0.0,0.0,0.0,0.0,0.0,0.0,0.0,0.0,1.0,0.0,0.0,0.0,0.0,0.0,0.0,0.0,1.0,0.0,0.0,0.0,0.0,0.0,1.0,8.997072891332179,4.61512051684126,14.546755227281093,1.8548849535663818,0.7447315744112115,1.3697028667658944,0.8685714242944648,1.0,0.7825600894354343
2004-10-21,San Rafael,Vintage Cars,Shipped,38.0,100.0,4457.02,San Rafael,0.0,0.0,0.0,0.0,0.0,0.0,0.0,0.0,0.0,1.0,0.0,0.0,0.0,0.0,0.0,0.0,0.0,1.0,0.0,0.0,0.0,0.0,0.0,1.0,8.402460000252484,4.61512051684126,12.544675977743431,0.6949914678186464,0.7447315744112115,0.3746974174111126,0.431395742078009,1.0,0.5030743432084936
2004-10-21,San Rafael,Vintage Cars,Shipped,30.0,61.15,1834.5,San Rafael,0.0,0.0,0.0,0.0,0.0,0.0,0.0,0.0,0.0,1.0,0.0,0.0,0.0,0.0,0.0,0.0,0.0,1.0,0.0,0.0,0.0,0.0,0.0,1.0,7.515072202936889,4.12955081795672,10.779232502977782,-1.0360092233527776,-0.9619641118814511,-0.5027033539745942,0.11480318064388723,0.41985485171579606,0.2794857462269409
2004-10-22,Vancouver,Classic Cars,Shipped,30.0,99.13,2973.9,Other,0.0,0.0,0.0,0.0,0.0,0.0,1.0,0.0,0.0,0.0,0.0,1.0,0.0,0.0,0.0,0.0,0.0,0.0,0.0,0.0,0.0,0.0,0.0,1.0,7.997965703969408,4.606469341719712,10.779232502977782,-0.09404339220421191,0.7143241513466618,-0.5027033539745942,0.25235239456715125,0.9870083325866856,0.2794857462269409
2004-10-22,Vancouver,Trucks and Buses,Shipped,28.0,100.0,2881.76,Other,0.0,0.0,0.0,0.0,0.0,0.0,1.0,0.0,0.0,0.0,0.0,0.0,0.0,0.0,0.0,0.0,1.0,0.0,0.0,0.0,0.0,0.0,0.0,1.0,7.966503447555104,4.61512051684126,10.308532382015233,-0.15541586967541493,0.7447315744112115,-0.7366347457903012,0.24122918535977056,1.0,0.22358859698155265
2004-10-22,Aaarhus,Vintage Cars,Shipped,20.0,100.0,2731.8,Other,0.0,0.0,0.0,0.0,0.0,0.0,1.0,0.0,0.0,0.0,0.0,0.0,0.0,0.0,0.0,0.0,0.0,1.0,0.0,0.0,0.0,0.0,0.0,1.0,7.91308200359425,4.61512051684126,8.268807419728406,-0.25962347394870916,0.7447315744112115,-1.7503495890608907,0.22312590282516231,1.0,0.0
2004-10-22,Aaarhus,Classic Cars,Shipped,42.0,100.0,5776.26,Other,0.0,0.0,0.0,0.0,0.0,0.0,1.0,0.0,0.0,0.0,0.0,1.0,0.0,0.0,0.0,0.0,0.0,0.0,0.0,0.0,0.0,0.0,0.0,1.0,8.66168480082703,4.61512051684126,13.369046010543581,1.2006534910295994,0.7447315744112115,0.7843978201850537,0.590655374319651,1.0,0.6148686416992699
2004-10-22,Vancouver,Trucks and Buses,Shipped,27.0,87.64,2366.28,Other,0.0,0.0,0.0,0.0,0.0,0.0,1.0,0.0,0.0,0.0,0.0,0.0,0.0,0.0,0.0,0.0,1.0,0.0,0.0,0.0,0.0,0.0,0.0,1.0,7.769496895716037,4.484583222998974,10.068010317854855,-0.5397106260720298,0.28591497853890113,-0.8561708553548468,0.17900005705262284,0.8154287250246393,0.19564002235885858
2004-10-22,Aaarhus,Trains,Shipped,38.0,61.51,2337.38,Other,0.0,0.0,0.0,0.0,0.0,0.0,1.0,0.0,0.0,0.0,0.0,0.0,0.0,0.0,0.0,1.0,0.0,0.0,0.0,0.0,0.0,0.0,0.0,1.0,7.7572136609038065,4.135326543943721,12.544675977743431,-0.5636711628453672,-0.9416634080898683,0.3746974174111126,0.17551122759643334,0.42523071409371915,0.5030743432084936
2004-10-22,Aaarhus,Classic Cars,Shipped,36.0,100.0,6913.8,Other,0.0,0.0,0.0,0.0,0.0,0.0,1.0,0.0,0.0,0.0,0.0,1.0,0.0,0.0,0.0,0.0,0.0,0.0,0.0,0.0,0.0,0.0,0.0,1.0,8.841419321048631,4.61512051684126,12.119023021201402,1.5512562147453355,0.7447315744112115,0.16315383770961095,0.7279800476619975,1.0,0.4471771939631053
2004-10-22,Vancouver,Trucks and Buses,Shipped,29.0,100.0,3416.78,Other,0.0,0.0,0.0,0.0,0.0,0.0,1.0,0.0,0.0,0.0,0.0,0.0,0.0,0.0,0.0,0.0,1.0,0.0,0.0,0.0,0.0,0.0,0.0,1.0,8.136746496478208,4.61512051684126,10.54555133395328,0.17667212640080118,0.7447315744112115,-0.6188396341166861,0.3058171969739752,1.0,0.2515371716042467
2004-10-22,Vancouver,Trucks and Buses,Shipped,34.0,56.24,1912.16,Other,0.0,0.0,0.0,0.0,0.0,0.0,1.0,0.0,0.0,0.0,0.0,0.0,0.0,0.0,0.0,0.0,1.0,0.0,0.0,0.0,0.0,0.0,0.0,1.0,7.556511604207274,4.0472529546882505,11.683463549954297,-0.9551746294381893,-1.2512272363187094,-0.05331314156158311,0.12417835350090028,0.3465340620613446,0.39128004471771716
2004-10-22,Aaarhus,Classic Cars,Shipped,29.0,100.0,4206.74,Other,0.0,0.0,0.0,0.0,0.0,0.0,1.0,0.0,0.0,0.0,0.0,1.0,0.0,0.0,0.0,0.0,0.0,0.0,0.0,0.0,0.0,0.0,0.0,1.0,8.344680965436403,4.61512051684126,10.54555133395328,0.5822836421032074,0.7447315744112115,-0.6188396341166861,0.40118175466295325,1.0,0.2515371716042467
2004-10-22,Vancouver,Classic Cars,Shipped,40.0,100.0,6678.0,Other,0.0,0.0,0.0,0.0,0.0,0.0,1.0,0.0,0.0,0.0,0.0,1.0,0.0,0.0,0.0,0.0,0.0,0.0,0.0,0.0,0.0,0.0,0.0,1.0,8.806723554725636,4.61512051684126,12.961139346341028,1.4835762267316308,0.7447315744112115,0.5816739001387327,0.6995140965973095,1.0,0.5589714924538818
2004-10-22,Aaarhus,Trucks and Buses,Shipped,35.050383351588174,100.0,3403.12,Other,0.0,0.0,0.0,0.0,0.0,0.0,1.0,0.0,0.0,0.0,0.0,0.0,0.0,0.0,0.0,0.0,1.0,0.0,0.0,0.0,0.0,0.0,0.0,1.0,8.132741741715853,4.61512051684126,11.913498472712774,0.1688601717147209,0.7447315744112115,0.06101100506720186,0.3041681516323991,1.0,0.42063676220201485
2004-10-22,Vancouver,Trucks and Buses,Shipped,42.0,100.0,5581.8,Other,0.0,0.0,0.0,0.0,0.0,0.0,1.0,0.0,0.0,0.0,0.0,0.0,0.0,0.0,0.0,0.0,1.0,0.0,0.0,0.0,0.0,0.0,0.0,1.0,8.627445721634489,4.61512051684126,13.369046010543581,1.1338643488680191,0.7447315744112115,0.7843978201850537,0.5671800187469653,1.0,0.6148686416992699
2004-10-22,Vancouver,Trucks and Buses,Shipped,34.0,52.87,1797.58,Other,0.0,0.0,0.0,0.0,0.0,0.0,1.0,0.0,0.0,0.0,0.0,0.0,0.0,0.0,0.0,0.0,1.0,0.0,0.0,0.0,0.0,0.0,0.0,1.0,7.494752743658777,3.9865737366924425,11.683463549954297,-1.0756457815306575,-1.464504464776251,-0.05331314156158311,0.1103461708334195,0.2962100170235642,0.39128004471771716
2004-10-22,Aaarhus,Ships,Shipped,23.0,76.22,1753.06,Other,0.0,0.0,0.0,0.0,0.0,0.0,1.0,0.0,0.0,0.0,0.0,0.0,0.0,0.0,1.0,0.0,0.0,0.0,0.0,0.0,0.0,0.0,0.0,1.0,7.46968837987272,4.346658490836091,9.067037908070397,-1.124538082245953,-0.19886721844789385,-1.353640175122944,0.10497168338049365,0.6448944240360779,0.0838457238680822
2004-10-22,Aaarhus,Trains,Shipped,23.0,100.0,2481.7,Other,0.0,0.0,0.0,0.0,0.0,0.0,1.0,0.0,0.0,0.0,0.0,0.0,0.0,0.0,0.0,1.0,0.0,0.0,0.0,0.0,0.0,0.0,0.0,1.0,7.817101956621861,4.61512051684126,9.067037908070397,-0.4468488653170159,0.7447315744112115,-1.353640175122944,0.19293364514374367,1.0,0.0838457238680822
2004-10-22,Aaarhus,Classic Cars,Shipped,38.0,100.0,7975.44,Other,0.0,0.0,0.0,0.0,0.0,0.0,1.0,0.0,0.0,0.0,0.0,1.0,0.0,0.0,0.0,0.0,0.0,0.0,0.0,0.0,0.0,0.0,0.0,1.0,8.984247475616604,4.61512051684126,12.544675977743431,1.829866800809064,0.7447315744112115,0.3746974174111126,0.8561420166540056,1.0,0.5030743432084936
2004-10-22,Aaarhus,Classic Cars,Shipped,38.0,100.0,4000.26,Other,0.0,0.0,0.0,0.0,0.0,0.0,1.0,0.0,0.0,0.0,0.0,1.0,0.0,0.0,0.0,0.0,0.0,0.0,0.0,0.0,0.0,0.0,0.0,1.0,8.294364590499944,4.61512051684126,12.544675977743431,0.4841330026018219,0.7447315744112115,0.3746974174111126,0.3762553357662747,1.0,0.5030743432084936
2004-10-22,Aaarhus,Classic Cars,Shipped,46.0,100.0,6393.54,Other,0.0,0.0,0.0,0.0,0.0,0.0,1.0,0.0,0.0,0.0,0.0,1.0,0.0,0.0,0.0,0.0,0.0,0.0,0.0,0.0,0.0,0.0,0.0,1.0,8.763199780229524,4.61512051684126,14.161377611660777,1.3986757086457762,0.7447315744112115,1.1781755694872693,0.6651738742060406,1.0,0.7266629401900462
2004-10-22,Vancouver,Trucks and Buses,Shipped,38.0,45.45,1727.1,Other,0.0,0.0,0.0,0.0,0.0,0.0,1.0,0.0,0.0,0.0,0.0,0.0,0.0,0.0,0.0,0.0,1.0,0.0,0.0,0.0,0.0,0.0,0.0,1.0,7.454777818059946,3.8383764652598478,12.544675977743431,-1.1536236667916757,-1.9853929066526341,0.3746974174111126,0.10183777290704452,0.18540752023414875,0.5030743432084936
2004-10-22,Vancouver,Trucks and Buses,Shipped,21.0,100.0,2669.1,Other,0.0,0.0,0.0,0.0,0.0,0.0,1.0,0.0,0.0,0.0,0.0,0.0,0.0,0.0,0.0,0.0,1.0,0.0,0.0,0.0,0.0,0.0,0.0,1.0,7.889871203876463,4.61512051684126,8.539972716394377,-0.3049000829754197,0.7447315744112115,-1.6155842205467048,0.2155567122748826,1.0,0.027948574622694067
2004-10-22,Aaarhus,Trucks and Buses,Shipped,45.0,100.0,6185.7,Other,0.0,0.0,0.0,0.0,0.0,0.0,1.0,0.0,0.0,0.0,0.0,0.0,0.0,0.0,0.0,0.0,1.0,0.0,0.0,0.0,0.0,0.0,0.0,1.0,8.730157105588601,4.61512051684126,13.966075138951927,1.3342203568654003,0.7447315744112115,1.0811129658652374,0.640083275099659,1.0,0.6987143655673522
2004-10-22,Aaarhus,Classic Cars,Shipped,44.0,53.18,2339.92,Other,0.0,0.0,0.0,0.0,0.0,0.0,1.0,0.0,0.0,0.0,0.0,1.0,0.0,0.0,0.0,0.0,0.0,0.0,0.0,0.0,0.0,0.0,0.0,1.0,7.758299293476828,3.992311836656949,13.768958087112637,-0.5615534520317378,-1.4443360101147753,0.9831485417366043,0.1758178582822022,0.30083923184899797,0.670765790944658
2004-10-22,Aaarhus,Trains,Shipped,35.0,66.49,2327.15,Other,0.0,0.0,0.0,0.0,0.0,0.0,1.0,0.0,0.0,0.0,0.0,0.0,0.0,0.0,0.0,1.0,0.0,0.0,0.0,0.0,0.0,0.0,0.0,1.0,7.752829239765303,4.211979438755315,11.902530119204657,-0.5722237213142743,-0.6722413967548898,0.05555988642964223,0.17427625440138766,0.4995968103216557,0.41922861934041133
2004-10-22,Aaarhus,Classic Cars,Shipped,39.0,37.13,1448.07,Other,0.0,0.0,0.0,0.0,0.0,0.0,1.0,0.0,0.0,0.0,0.0,1.0,0.0,0.0,0.0,0.0,0.0,0.0,0.0,0.0,0.0,0.0,0.0,1.0,7.278677250332575,3.6410013738694724,12.754015005493859,-1.4971377486551969,-2.6791331005556174,0.4787359930181514,0.06815306414716357,0.061165367499925405,0.5310229178311876
2004-10-22,Vancouver,Classic Cars,Shipped,25.0,100.0,4572.25,Other,0.0,0.0,0.0,0.0,0.0,0.0,1.0,0.0,0.0,0.0,0.0,1.0,0.0,0.0,0.0,0.0,0.0,0.0,0.0,0.0,0.0,0.0,0.0,1.0,8.427979390871407,4.61512051684126,9.57572149487329,0.7447713756934885,0.7447315744112115,-1.1008315308182302,0.4453063932280684,1.0,0.13974287311347044
2004-10-29,Nantes,Ships,Shipped,35.050383351588174,62.0,2542.0,Nantes,0.0,0.0,0.0,0.0,1.0,0.0,0.0,0.0,0.0,0.0,0.0,0.0,0.0,0.0,1.0,0.0,0.0,0.0,0.0,0.0,0.0,0.0,0.0,1.0,7.841099765422119,4.143134726391533,11.913498472712774,-0.40003706133964684,-0.9142189622521669,0.06101100506720186,0.2002131059121945,0.4325478601081145,0.42063676220201485
2004-10-29,Nantes,Ships,Shipped,35.0,100.0,4215.05,Nantes,0.0,0.0,0.0,0.0,1.0,0.0,0.0,0.0,0.0,0.0,0.0,0.0,0.0,0.0,1.0,0.0,0.0,0.0,0.0,0.0,0.0,0.0,0.0,1.0,8.346653949733417,4.61512051684126,11.902530119204657,0.586132283240862,0.7447315744112115,0.05555988642964223,0.4021849440325358,1.0,0.41922861934041133
2004-10-29,Nantes,Vintage Cars,Shipped,24.0,86.74,2081.76,Nantes,0.0,0.0,0.0,0.0,1.0,0.0,0.0,0.0,0.0,0.0,0.0,0.0,0.0,0.0,0.0,0.0,0.0,1.0,0.0,0.0,0.0,0.0,0.0,1.0,7.641449216187869,4.474377895738068,9.323544176118064,-0.7894893839461659,0.2500449725368711,-1.226160139275199,0.1446525914168083,0.8019890690798315,0.11179429849077627
2004-10-29,Nantes,Ships,Shipped,31.0,86.15,2670.65,Nantes,0.0,0.0,0.0,0.0,1.0,0.0,0.0,0.0,0.0,0.0,0.0,0.0,0.0,0.0,1.0,0.0,0.0,0.0,0.0,0.0,0.0,0.0,0.0,1.0,7.890451538052904,4.46763077196603,11.009728365329204,-0.3037680425489349,0.22632996918498832,-0.388150126800217,0.21574382942564713,0.7931786279604576,0.30743432084963496
2004-10-29,Nantes,Ships,Shipped,37.0,91.37,3380.69,Nantes,0.0,0.0,0.0,0.0,1.0,0.0,0.0,0.0,0.0,0.0,0.0,0.0,0.0,0.0,1.0,0.0,0.0,0.0,0.0,0.0,0.0,0.0,0.0,1.0,8.126130863518716,4.525802250604519,12.33304085962557,0.1559645304143665,0.430792916287422,0.26951771693185156,0.30146038537972325,0.8711286324403429,0.47512576858579947
2004-10-29,Nantes,Ships,Shipped,40.0,55.69,2227.6,Nantes,0.0,0.0,0.0,0.0,1.0,0.0,0.0,0.0,0.0,0.0,0.0,0.0,0.0,0.0,1.0,0.0,0.0,0.0,0.0,0.0,0.0,0.0,0.0,1.0,7.709128864612953,4.037597828336212,12.961139346341028,-0.6574687289896104,-1.2851633788199595,0.5816739001387327,0.1622585044926103,0.338320938983962,0.5589714924538818
2004-10-29,Nantes,Vintage Cars,Shipped,36.0,100.0,3602.16,Nantes,0.0,0.0,0.0,0.0,1.0,0.0,0.0,0.0,0.0,0.0,0.0,0.0,0.0,0.0,0.0,0.0,0.0,1.0,0.0,0.0,0.0,0.0,0.0,1.0,8.189566517200358,4.61512051684126,12.119023021201402,0.27970655244803383,0.7447315744112115,0.16315383770961095,0.3281964082054081,1.0,0.4471771939631053
2004-11-01,Madrid,Classic Cars,Shipped,47.0,100.0,4801.52,Madrid,1.0,0.0,0.0,0.0,0.0,0.0,0.0,0.0,0.0,0.0,0.0,1.0,0.0,0.0,0.0,0.0,0.0,0.0,0.0,0.0,0.0,0.0,0.0,1.0,8.476896059131699,4.61512051684126,14.35492029635209,0.8401916494729058,0.7447315744112115,1.2743635830212399,0.4729840378446971,1.0,0.7546115148127404
2004-11-01,Cowes,Vintage Cars,Shipped,25.0,92.25,2306.25,Other,0.0,0.0,0.0,0.0,0.0,0.0,1.0,0.0,0.0,0.0,0.0,0.0,0.0,0.0,0.0,0.0,0.0,1.0,0.0,0.0,0.0,0.0,0.0,1.0,7.743811618145686,4.535284058523925,9.57572149487329,-0.5898141246345583,0.4641198736974106,-1.1008315308182302,0.17175319088462776,0.884269629364155,0.13974287311347044
2004-11-01,Cowes,Planes,Shipped,25.0,100.0,2872.25,Other,0.0,0.0,0.0,0.0,0.0,0.0,1.0,0.0,0.0,0.0,0.0,0.0,0.0,1.0,0.0,0.0,0.0,0.0,0.0,0.0,0.0,0.0,0.0,1.0,7.963199072248868,4.61512051684126,9.57572149487329,-0.16186161521788076,0.7447315744112115,-1.1008315308182302,0.2400811310992736,1.0,0.13974287311347044
2004-11-01,Cowes,Planes,Shipped,23.0,100.0,2706.41,Other,0.0,0.0,0.0,0.0,0.0,0.0,1.0,0.0,0.0,0.0,0.0,0.0,0.0,1.0,0.0,0.0,0.0,0.0,0.0,0.0,0.0,0.0,0.0,1.0,7.903747737325421,4.61512051684126,9.067037908070397,-0.27783154646424213,0.7447315744112115,-1.353640175122944,0.2200608031748975,1.0,0.0838457238680822
2004-11-01,Madrid,Classic Cars,Shipped,48.0,52.36,2513.28,Madrid,1.0,0.0,0.0,0.0,0.0,0.0,0.0,0.0,0.0,0.0,0.0,1.0,0.0,0.0,0.0,0.0,0.0,0.0,0.0,0.0,0.0,0.0,0.0,1.0,7.829741759241075,3.977061401607368,14.546755227281093,-0.42219278244511205,-1.4979387200305663,1.3697028667658944,0.19674600618964216,0.28859421198817314,0.7825600894354343
2004-11-01,Cowes,Ships,Shipped,45.0,93.24,4195.8,Other,0.0,0.0,0.0,0.0,0.0,0.0,1.0,0.0,0.0,0.0,0.0,0.0,0.0,0.0,1.0,0.0,0.0,0.0,0.0,0.0,0.0,0.0,0.0,1.0,8.342077609112609,4.545844719903276,13.966075138951927,0.5772053532091236,0.5012388192616435,1.0811129658652374,0.3998610697407833,0.8990532509034435,0.6987143655673522
2004-11-01,Madrid,Trucks and Buses,Shipped,31.0,100.0,3139.99,Madrid,1.0,0.0,0.0,0.0,0.0,0.0,0.0,0.0,0.0,0.0,0.0,0.0,0.0,0.0,0.0,0.0,1.0,0.0,0.0,0.0,0.0,0.0,0.0,1.0,8.05229331583412,4.61512051684126,11.009728365329204,0.011931846549341563,0.7447315744112115,-0.388150126800217,0.27240290267713446,1.0,0.30743432084963496
2004-11-01,Cowes,Planes,Shipped,34.0,43.7,1485.8,Other,0.0,0.0,0.0,0.0,0.0,0.0,1.0,0.0,0.0,0.0,0.0,0.0,0.0,1.0,0.0,0.0,0.0,0.0,0.0,0.0,0.0,0.0,0.0,1.0,7.304381438423097,3.7999735016195233,11.683463549954297,-1.4469973619096377,-2.1203728539935836,-0.05331314156158311,0.07270785775899855,0.1592748558970224,0.39128004471771716
2004-11-01,Cowes,Planes,Shipped,30.0,77.79,2333.7,Other,0.0,0.0,0.0,0.0,0.0,0.0,1.0,0.0,0.0,0.0,0.0,0.0,0.0,1.0,0.0,0.0,0.0,0.0,0.0,0.0,0.0,0.0,0.0,1.0,7.755638682191392,4.366786085257597,10.779232502977782,-0.5667434264577559,-0.12812211500847753,-0.5027033539745942,0.17506697526429565,0.6683391571842427,0.2794857462269409
2004-11-01,Cowes,Vintage Cars,Shipped,47.0,86.81,4080.07,Other,0.0,0.0,0.0,0.0,0.0,0.0,1.0,0.0,0.0,0.0,0.0,0.0,0.0,0.0,0.0,0.0,0.0,1.0,0.0,0.0,0.0,0.0,0.0,1.0,8.314114487917363,4.475175389371905,14.35492029635209,0.5226585335856105,0.2528480283038211,1.2743635830212399,0.38589005821950945,0.8030343756533167,0.7546115148127404
2004-11-01,Cowes,Planes,Shipped,34.0,63.71,2166.14,Other,0.0,0.0,0.0,0.0,0.0,0.0,1.0,0.0,0.0,0.0,0.0,0.0,0.0,1.0,0.0,0.0,0.0,0.0,0.0,0.0,0.0,0.0,0.0,1.0,7.6811636048948335,4.169915749069175,11.683463549954297,-0.712019720165386,-0.8200881794141156,-0.05331314156158311,0.15483900766294223,0.4580832064032494,0.39128004471771716
2004-11-01,Cowes,Planes,Shipped,34.0,82.21,2795.14,Other,0.0,0.0,0.0,0.0,0.0,0.0,1.0,0.0,0.0,0.0,0.0,0.0,0.0,1.0,0.0,0.0,0.0,0.0,0.0,0.0,0.0,0.0,0.0,1.0,7.935995173630922,4.421367532912338,11.683463549954297,-0.2149274421907906,0.06372247800865499,-0.05331314156158311,0.2307723546505963,0.7343428008242987,0.39128004471771716
2004-11-01,Cowes,Ships,Shipped,21.0,94.62,1987.02,Other,0.0,0.0,0.0,0.0,0.0,0.0,1.0,0.0,0.0,0.0,0.0,0.0,0.0,0.0,1.0,0.0,0.0,0.0,0.0,0.0,0.0,0.0,0.0,1.0,7.5948944475280875,4.560382003197957,8.539972716394377,-0.880302371200652,0.5523349209056339,-1.6155842205467048,0.13321550827911297,0.919660723352149,0.027948574622694067
2004-11-01,Cowes,Vintage Cars,Shipped,24.0,59.16,1419.84,Other,0.0,0.0,0.0,0.0,0.0,0.0,1.0,0.0,0.0,0.0,0.0,0.0,0.0,0.0,0.0,0.0,0.0,1.0,0.0,0.0,0.0,0.0,0.0,1.0,7.259003524994766,4.097007679641584,9.323544176118064,-1.535514693053896,-1.076347760425539,-1.226160139275199,0.06474511758840129,0.39013827912672094,0.11179429849077627
2004-11-01,Madrid,Vintage Cars,Shipped,39.0,50.31,1962.09,Madrid,1.0,0.0,0.0,0.0,0.0,0.0,0.0,0.0,0.0,0.0,0.0,0.0,0.0,0.0,0.0,0.0,0.0,1.0,0.0,0.0,0.0,0.0,0.0,1.0,7.582275041417009,3.9378856649538734,12.754015005493859,-0.9049186672174899,-1.6356348343215765,0.4787359930181514,0.1302059401703654,0.25798166233611086,0.5310229178311876
2004-11-01,Cowes,Planes,Shipped,48.0,75.2,3609.6,Other,0.0,0.0,0.0,0.0,0.0,0.0,1.0,0.0,0.0,0.0,0.0,0.0,0.0,1.0,0.0,0.0,0.0,0.0,0.0,0.0,0.0,0.0,0.0,1.0,8.191629242502557,4.333361462692601,14.546755227281093,0.28373024866585966,-0.2456040321847052,1.3697028667658944,0.3290945705290776,0.6296628139652958,0.7825600894354343
2004-11-01,Cowes,Vintage Cars,Shipped,47.0,76.93,3615.71,Other,0.0,0.0,0.0,0.0,0.0,0.0,1.0,0.0,0.0,0.0,0.0,0.0,0.0,0.0,0.0,0.0,0.0,1.0,0.0,0.0,0.0,0.0,0.0,1.0,8.193320051795538,4.355810987855469,14.35492029635209,0.28702845950856337,-0.166697733371572,1.2743635830212399,0.329832174265317,0.6554968192814266,0.7546115148127404
2004-11-01,Madrid,Trucks and Buses,Shipped,42.0,100.0,6386.94,Madrid,1.0,0.0,0.0,0.0,0.0,0.0,0.0,0.0,0.0,0.0,0.0,0.0,0.0,0.0,0.0,0.0,1.0,0.0,0.0,0.0,0.0,0.0,0.0,1.0,8.762167116679647,4.61512051684126,13.369046010543581,1.3966613229127387,0.7447315744112115,0.7843978201850537,0.6643771173060111,1.0,0.6148686416992699
2004-11-01,Cowes,Ships,Shipped,48.0,74.45,3573.6,Other,0.0,0.0,0.0,0.0,0.0,0.0,1.0,0.0,0.0,0.0,0.0,0.0,0.0,0.0,1.0,0.0,0.0,0.0,0.0,0.0,0.0,0.0,0.0,1.0,8.181608560756278,4.323470185213858,14.546755227281093,0.2641832061199836,-0.2803702061112791,1.3697028667658944,0.3247486238016443,0.618463100677956,0.7825600894354343
2004-11-01,Cowes,Vintage Cars,Shipped,34.0,47.57,1617.38,Other,0.0,0.0,0.0,0.0,0.0,0.0,1.0,0.0,0.0,0.0,0.0,0.0,0.0,0.0,0.0,0.0,0.0,1.0,0.0,0.0,0.0,0.0,0.0,1.0,7.389180927892847,3.8830060563576536,11.683463549954297,-1.2815815478459742,-1.8285274128159967,-0.05331314156158311,0.08859229304776728,0.21706537645969604,0.39128004471771716
2004-11-01,Cowes,Planes,Shipped,44.0,62.19,2736.36,Other,0.0,0.0,0.0,0.0,0.0,0.0,1.0,0.0,0.0,0.0,0.0,0.0,0.0,1.0,0.0,0.0,0.0,0.0,0.0,0.0,0.0,0.0,0.0,1.0,7.914749231264471,4.146146060785364,13.768958087112637,-0.25637126306839,-0.9036346291857842,0.9831485417366043,0.22367638941063717,0.43538512080757397,0.670765790944658
2004-11-01,Madrid,Vintage Cars,Shipped,29.0,100.0,7110.8,Madrid,1.0,0.0,0.0,0.0,0.0,0.0,0.0,0.0,0.0,0.0,0.0,0.0,0.0,0.0,0.0,0.0,0.0,1.0,0.0,0.0,0.0,0.0,0.0,1.0,8.86951065531351,4.61512051684126,10.54555133395328,1.606053135748227,0.7447315744112115,-0.6188396341166861,0.751762033920452,1.0,0.2515371716042467
2004-11-01,Cowes,Planes,Shipped,27.0,100.0,3704.13,Other,0.0,0.0,0.0,0.0,0.0,0.0,1.0,0.0,0.0,0.0,0.0,0.0,0.0,1.0,0.0,0.0,0.0,0.0,0.0,0.0,0.0,0.0,0.0,1.0,8.217473624833925,4.61512051684126,10.068010317854855,0.33414410810119016,0.7447315744112115,-0.8561708553548468,0.34050630231086293,1.0,0.19564002235885858
2004-11-01,Madrid,Trucks and Buses,Shipped,37.0,100.0,5981.42,Madrid,1.0,0.0,0.0,0.0,0.0,0.0,0.0,0.0,0.0,0.0,0.0,0.0,0.0,0.0,0.0,0.0,1.0,0.0,0.0,0.0,0.0,0.0,0.0,1.0,8.696580447357137,4.61512051684126,12.33304085962557,1.2687233793526247,0.7447315744112115,0.26951771693185156,0.6154224418363236,1.0,0.47512576858579947
2004-11-01,Cowes,Classic Cars,Shipped,33.0,100.0,4128.96,Other,0.0,0.0,0.0,0.0,0.0,0.0,1.0,0.0,0.0,0.0,0.0,1.0,0.0,0.0,0.0,0.0,0.0,0.0,0.0,0.0,0.0,0.0,0.0,1.0,8.326023000678152,4.61512051684126,11.461717832632248,0.5458881113216423,0.7447315744112115,-0.16351766875873364,0.3917920953168487,1.0,0.3633314700950231
2004-11-01,Madrid,Classic Cars,Shipped,32.0,82.83,2650.56,Madrid,1.0,0.0,0.0,0.0,0.0,0.0,0.0,0.0,0.0,0.0,0.0,1.0,0.0,0.0,0.0,0.0,0.0,0.0,0.0,0.0,0.0,0.0,0.0,1.0,7.882903425021895,4.428790938649766,11.237179911736995,-0.31849191965569934,0.08981449853376787,-0.2751098821684491,0.21331854971025443,0.7436012304751665,0.335382895472329
2004-11-02,Allentown,Motorcycles,Shipped,42.0,52.7,2213.4,Other,0.0,0.0,0.0,0.0,0.0,0.0,1.0,0.0,0.0,0.0,0.0,0.0,1.0,0.0,0.0,0.0,0.0,0.0,0.0,0.0,0.0,0.0,0.0,1.0,7.70273676542335,3.983413001514819,13.369046010543581,-0.6699376046589749,-1.475613916427694,0.7843978201850537,0.16054426995012272,0.29367141534510055,0.6148686416992699
2004-11-02,Allentown,Classic Cars,Shipped,31.0,100.0,3116.43,Other,0.0,0.0,0.0,0.0,0.0,0.0,1.0,0.0,0.0,0.0,0.0,1.0,0.0,0.0,0.0,0.0,0.0,0.0,0.0,0.0,0.0,0.0,0.0,1.0,8.044764223412765,4.61512051684126,11.009728365329204,-0.002754927626149315,0.7447315744112115,-0.388150126800217,0.2695587219855142,1.0,0.30743432084963496
2004-11-02,Allentown,Planes,Shipped,50.0,100.0,7119.0,Other,0.0,0.0,0.0,0.0,0.0,0.0,1.0,0.0,0.0,0.0,0.0,0.0,0.0,1.0,0.0,0.0,0.0,0.0,0.0,0.0,0.0,0.0,0.0,1.0,8.87066300440602,4.61512051684126,14.925497315272617,1.608300988470161,0.7447315744112115,1.5579323994073224,0.7527519440083673,1.0,0.8384572386808227
2004-11-02,Allentown,Motorcycles,Shipped,47.0,100.0,5305.36,Other,0.0,0.0,0.0,0.0,0.0,0.0,1.0,0.0,0.0,0.0,0.0,0.0,1.0,0.0,0.0,0.0,0.0,0.0,0.0,0.0,0.0,0.0,0.0,1.0,8.576661380115695,4.61512051684126,14.35492029635209,1.0348008610269148,0.7447315744112115,1.2743635830212399,0.5338079767099747,1.0,0.7546115148127404
2004-11-02,Burlingame,Planes,Shipped,35.0,83.32,2916.2,Other,0.0,0.0,0.0,0.0,0.0,0.0,1.0,0.0,0.0,0.0,0.0,0.0,0.0,1.0,0.0,0.0,0.0,0.0,0.0,0.0,0.0,0.0,0.0,1.0,7.978379531110078,4.434619084793052,11.902530119204657,-0.13224955061597252,0.11029945034332216,0.05555988642964223,0.24538680772901506,0.7509183764895617,0.41922861934041133
2004-11-02,Allentown,Motorcycles,Shipped,48.0,100.0,6437.28,Other,0.0,0.0,0.0,0.0,0.0,0.0,1.0,0.0,0.0,0.0,0.0,0.0,1.0,0.0,0.0,0.0,0.0,0.0,0.0,0.0,0.0,0.0,0.0,1.0,8.770016702680644,4.61512051684126,14.546755227281093,1.4119732742763242,0.7447315744112115,1.3697028667658944,0.6704541994798721,1.0,0.7825600894354343
2004-11-02,Allentown,Motorcycles,Shipped,46.0,94.74,4358.04,Other,0.0,0.0,0.0,0.0,0.0,0.0,1.0,0.0,0.0,0.0,0.0,0.0,1.0,0.0,0.0,0.0,0.0,0.0,0.0,0.0,0.0,0.0,0.0,1.0,8.380007128612899,4.561636183964363,14.161377611660777,0.6511933263020776,0.5567431550042051,1.1781755694872693,0.419446802992416,0.9214526774781231,0.7266629401900462
2004-11-02,Allentown,Motorcycles,Shipped,26.0,86.83,2257.58,Other,0.0,0.0,0.0,0.0,0.0,0.0,1.0,0.0,0.0,0.0,0.0,0.0,1.0,0.0,0.0,0.0,0.0,0.0,0.0,0.0,0.0,0.0,0.0,1.0,7.722491576207417,4.475403127929026,9.823805373555334,-0.6314024893186203,0.2536484909643491,-0.9775373049564378,0.16587771235062282,0.8033330346743124,0.1676914477361645
2004-11-02,Allentown,Motorcycles,Shipped,37.0,100.0,7667.14,Other,0.0,0.0,0.0,0.0,0.0,0.0,1.0,0.0,0.0,0.0,0.0,0.0,1.0,0.0,0.0,0.0,0.0,0.0,0.0,0.0,0.0,0.0,0.0,1.0,8.944829361693179,4.61512051684126,12.33304085962557,1.7529750713391177,0.7447315744112115,0.26951771693185156,0.8189238117632366,1.0,0.47512576858579947
2004-11-02,Allentown,Motorcycles,Shipped,45.0,100.0,5566.5,Other,0.0,0.0,0.0,0.0,0.0,0.0,1.0,0.0,0.0,0.0,0.0,0.0,1.0,0.0,0.0,0.0,0.0,0.0,0.0,0.0,0.0,0.0,0.0,1.0,8.624701399131522,4.61512051684126,13.966075138951927,1.1285110814872839,0.7447315744112115,1.0811129658652374,0.5653329913878062,1.0,0.6987143655673522
2004-11-03,Lule,Classic Cars,Shipped,31.0,100.0,6876.11,Other,0.0,0.0,0.0,0.0,0.0,0.0,1.0,0.0,0.0,0.0,0.0,1.0,0.0,0.0,0.0,0.0,0.0,0.0,0.0,0.0,0.0,0.0,0.0,1.0,8.83595378453872,4.61512051684126,11.009728365329204,1.5405947570321477,0.7447315744112115,-0.388150126800217,0.7234300828798597,1.0,0.30743432084963496
2004-11-03,NYC,Classic Cars,Shipped,43.0,85.69,3684.67,NYC,0.0,0.0,0.0,1.0,0.0,0.0,0.0,0.0,0.0,0.0,0.0,1.0,0.0,0.0,0.0,0.0,0.0,0.0,0.0,0.0,0.0,0.0,0.0,1.0,8.212207606278334,4.462338536880549,13.569968697266269,0.32387184406169656,0.2077286544571806,0.8842535917456676,0.3381570766632004,0.7863094704775557,0.6428172163219641
2004-11-03,Lule,Classic Cars,Shipped,25.0,100.0,3491.0,Other,0.0,0.0,0.0,0.0,0.0,0.0,1.0,0.0,0.0,0.0,0.0,1.0,0.0,0.0,0.0,0.0,0.0,0.0,0.0,0.0,0.0,0.0,0.0,1.0,8.158229916959494,4.61512051684126,9.57572149487329,0.2185791886956926,0.7447315744112115,-1.1008315308182302,0.31477709047703345,1.0,0.13974287311347044
2004-11-03,NYC,Motorcycles,Shipped,29.0,38.22,1108.38,NYC,0.0,0.0,0.0,1.0,0.0,0.0,0.0,0.0,0.0,0.0,0.0,0.0,1.0,0.0,0.0,0.0,0.0,0.0,0.0,0.0,0.0,0.0,0.0,1.0,7.011556579695878,3.6691868207682004,10.54555133395328,-2.018202008155998,-2.5800660031877314,-0.6188396341166861,0.02714543515155754,0.07744228414419263,0.2515371716042467
2004-11-03,NYC,Motorcycles,Shipped,22.0,100.0,2626.8,NYC,0.0,0.0,0.0,1.0,0.0,0.0,0.0,0.0,0.0,0.0,0.0,0.0,1.0,0.0,0.0,0.0,0.0,0.0,0.0,0.0,0.0,0.0,0.0,1.0,7.8739022732077215,4.61512051684126,8.805943150564206,-0.33605019582177503,0.7447315744112115,-1.4834006262023,0.21045022487014853,1.0,0.055897149245388134
2004-11-03,NYC,Classic Cars,Shipped,46.0,73.98,3403.08,NYC,0.0,0.0,0.0,1.0,0.0,0.0,0.0,0.0,0.0,0.0,0.0,1.0,0.0,0.0,0.0,0.0,0.0,0.0,0.0,0.0,0.0,0.0,0.0,1.0,8.132729991179735,4.317221411307766,14.161377611660777,0.16883725029727242,-0.3023335936427607,1.1781755694872693,0.3041633228027019,0.6114446136845564,0.7266629401900462
2004-11-03,Lule,Classic Cars,Shipped,35.0,100.0,4850.3,Other,0.0,0.0,0.0,0.0,0.0,0.0,1.0,0.0,0.0,0.0,0.0,1.0,0.0,0.0,0.0,0.0,0.0,0.0,0.0,0.0,0.0,0.0,0.0,1.0,8.487001989252008,4.61512051684126,11.902530119204657,0.8599049834584571,0.7447315744112115,0.05555988642964223,0.4788727956603692,1.0,0.41922861934041133
2004-11-03,NYC,Motorcycles,Shipped,44.0,59.06,2598.64,NYC,0.0,0.0,0.0,1.0,0.0,0.0,0.0,0.0,0.0,0.0,0.0,0.0,1.0,0.0,0.0,0.0,0.0,0.0,0.0,0.0,0.0,0.0,0.0,1.0,7.863128252884428,4.095344062555184,13.768958087112637,-0.3570667532758368,-1.0821950942100087,0.9831485417366043,0.20705072876335617,0.3886449840217424,0.670765790944658
2004-11-03,NYC,Motorcycles,Shipped,30.0,100.0,4111.8,NYC,0.0,0.0,0.0,1.0,0.0,0.0,0.0,0.0,0.0,0.0,0.0,0.0,1.0,0.0,0.0,0.0,0.0,0.0,0.0,0.0,0.0,0.0,0.0,1.0,8.321859340741295,4.61512051684126,10.779232502977782,0.5377661850901736,0.7447315744112115,-0.5027033539745942,0.3897205273767722,1.0,0.2794857462269409
2004-11-03,NYC,Classic Cars,Shipped,45.0,100.0,7901.1,NYC,0.0,0.0,0.0,1.0,0.0,0.0,0.0,0.0,0.0,0.0,0.0,1.0,0.0,0.0,0.0,0.0,0.0,0.0,0.0,0.0,0.0,0.0,0.0,1.0,8.974883825915306,4.61512051684126,13.966075138951927,1.8116014109154177,0.7447315744112115,1.0811129658652374,0.8471676366618559,1.0,0.6987143655673522
2004-11-03,Lule,Classic Cars,Shipped,26.0,61.23,1591.98,Other,0.0,0.0,0.0,0.0,0.0,0.0,1.0,0.0,0.0,0.0,0.0,1.0,0.0,0.0,0.0,0.0,0.0,0.0,0.0,0.0,0.0,0.0,0.0,1.0,7.373361754903426,4.130837198581126,9.823805373555334,-1.312439532890712,-0.9574427007068086,-0.9775373049564378,0.0855259861900782,0.4210494877997789,0.1676914477361645
2004-11-03,NYC,Motorcycles,Shipped,31.0,81.73,2533.63,NYC,0.0,0.0,0.0,1.0,0.0,0.0,0.0,0.0,0.0,0.0,0.0,0.0,1.0,0.0,0.0,0.0,0.0,0.0,0.0,0.0,0.0,0.0,0.0,1.0,7.837802948765086,4.415582293202092,11.009728365329204,-0.40646806245241124,0.04338833508266727,-0.388150126800217,0.19920267329806624,0.7271749843204014,0.30743432084963496
2004-11-03,Lule,Classic Cars,Shipped,38.0,73.42,2789.96,Other,0.0,0.0,0.0,0.0,0.0,0.0,1.0,0.0,0.0,0.0,0.0,1.0,0.0,0.0,0.0,0.0,0.0,0.0,0.0,0.0,0.0,0.0,0.0,1.0,7.934140901652897,4.309724722918476,12.544675977743431,-0.21854451477764653,-0.3286831903430331,0.3746974174111126,0.23014702120481562,0.6030821610966759,0.5030743432084936
2004-11-03,NYC,Motorcycles,Shipped,45.0,77.29,3478.05,NYC,0.0,0.0,0.0,1.0,0.0,0.0,0.0,0.0,0.0,0.0,0.0,0.0,1.0,0.0,0.0,0.0,0.0,0.0,0.0,0.0,0.0,0.0,0.0,1.0,8.154514546994628,4.360419880919823,13.966075138951927,0.2113317282318515,-0.15049825072348702,1.0811129658652374,0.3132137568625818,0.6608726816593495,0.6987143655673522
2004-11-04,New Bedford,Classic Cars,Shipped,30.0,72.7,2181.0,New Bedford,0.0,0.0,0.0,0.0,0.0,1.0,0.0,0.0,0.0,0.0,0.0,1.0,0.0,0.0,0.0,0.0,0.0,0.0,0.0,0.0,0.0,0.0,0.0,1.0,7.687997166393016,4.300002799195291,10.779232502977782,-0.6986896972460946,-0.36285411435032255,-0.5027033539745942,0.15663291789543277,0.5923304363408297,0.2794857462269409
2004-11-04,New Bedford,Classic Cars,Shipped,30.0,70.55,2116.5,New Bedford,0.0,0.0,0.0,0.0,0.0,1.0,0.0,0.0,0.0,0.0,0.0,1.0,0.0,0.0,0.0,0.0,0.0,0.0,0.0,0.0,0.0,0.0,0.0,1.0,7.65799142652621,4.27039650600246,10.779232502977782,-0.7572209916876826,-0.4669152470680288,-0.5027033539745942,0.14884643000878145,0.5602245915837887,0.2794857462269409
2004-11-04,New Bedford,Classic Cars,Shipped,41.0,100.0,5803.14,New Bedford,0.0,0.0,0.0,0.0,0.0,1.0,0.0,0.0,0.0,0.0,0.0,1.0,0.0,0.0,0.0,0.0,0.0,0.0,0.0,0.0,0.0,0.0,0.0,1.0,8.666326735008823,4.61512051684126,13.166125611826143,1.2097083724482558,0.7447315744112115,0.6835492136397722,0.5939003478761344,1.0,0.5869200670765757
2004-11-04,New Bedford,Classic Cars,Shipped,33.0,100.0,5700.09,New Bedford,0.0,0.0,0.0,0.0,0.0,1.0,0.0,0.0,0.0,0.0,0.0,1.0,0.0,0.0,0.0,0.0,0.0,0.0,0.0,0.0,0.0,0.0,0.0,1.0,8.64841266361106,4.61512051684126,11.461717832632248,1.1747639320750303,0.7447315744112115,-0.16351766875873364,0.5814600753688567,1.0,0.3633314700950231
2004-11-04,Nashua,Vintage Cars,Shipped,43.0,86.3,3710.9,Other,0.0,0.0,0.0,0.0,0.0,0.0,1.0,0.0,0.0,0.0,0.0,0.0,0.0,0.0,0.0,0.0,0.0,1.0,0.0,0.0,0.0,0.0,0.0,1.0,8.21929915388804,4.469350462845557,13.569968697266269,0.33770511273071613,0.23237439290538733,0.8842535917456676,0.34132358173710525,0.7954185706179255,0.6428172163219641
2004-11-04,Nashua,Vintage Cars,Shipped,30.0,100.0,3500.1,Other,0.0,0.0,0.0,0.0,0.0,0.0,1.0,0.0,0.0,0.0,0.0,0.0,0.0,0.0,0.0,0.0,0.0,1.0,0.0,0.0,0.0,0.0,0.0,1.0,8.160832483814382,4.61512051684126,10.779232502977782,0.22365593759652136,0.7447315744112115,-0.5027033539745942,0.31587564923313466,1.0,0.2794857462269409
2004-11-04,New Bedford,Classic Cars,Shipped,48.0,42.26,2028.48,New Bedford,0.0,0.0,0.0,0.0,0.0,1.0,0.0,0.0,0.0,0.0,0.0,1.0,0.0,0.0,0.0,0.0,0.0,0.0,0.0,0.0,0.0,0.0,0.0,1.0,7.615534881586394,3.7672284205249125,14.546755227281093,-0.8400396971712268,-2.2354662973856607,1.3697028667658944,0.138220590260207,0.1377714063853298,0.7825600894354343
2004-11-04,New Bedford,Classic Cars,Shipped,28.0,100.0,4232.76,New Bedford,0.0,0.0,0.0,0.0,0.0,1.0,0.0,0.0,0.0,0.0,0.0,1.0,0.0,0.0,0.0,0.0,0.0,0.0,0.0,0.0,0.0,0.0,0.0,1.0,8.35084576610144,4.61512051684126,10.308532382015233,0.5943091333758996,0.7447315744112115,-0.7366347457903012,0.4043229083809481,1.0,0.22358859698155265
2004-11-04,Nashua,Vintage Cars,Shipped,41.0,57.68,2364.88,Other,0.0,0.0,0.0,0.0,0.0,0.0,1.0,0.0,0.0,0.0,0.0,0.0,0.0,0.0,0.0,0.0,0.0,1.0,0.0,0.0,0.0,0.0,0.0,1.0,7.768905324739848,4.072098953274781,13.166125611826143,-0.540864585785875,-1.1638977371619903,0.6835492136397722,0.17883104801322264,0.3680375115730371,0.5869200670765757
2004-11-04,Nashua,Classic Cars,Shipped,40.0,100.0,6000.4,Other,0.0,0.0,0.0,0.0,0.0,0.0,1.0,0.0,0.0,0.0,0.0,1.0,0.0,0.0,0.0,0.0,0.0,0.0,0.0,0.0,0.0,0.0,0.0,1.0,8.699748054325537,4.61512051684126,12.961139346341028,1.2749023350112976,0.7447315744112115,0.5816739001387327,0.6177137215276203,1.0,0.5589714924538818
2004-11-04,New Bedford,Classic Cars,Shipped,44.0,100.0,4489.76,New Bedford,0.0,0.0,0.0,0.0,0.0,1.0,0.0,0.0,0.0,0.0,0.0,1.0,0.0,0.0,0.0,0.0,0.0,0.0,0.0,0.0,0.0,0.0,0.0,1.0,8.409777231445998,4.61512051684126,13.768958087112637,0.7092649706679651,0.7447315744112115,0.9831485417366043,0.4353481391851247,1.0,0.670765790944658
2004-11-04,New Bedford,Classic Cars,Shipped,24.0,100.0,2984.88,New Bedford,0.0,0.0,0.0,0.0,0.0,1.0,0.0,0.0,0.0,0.0,0.0,1.0,0.0,0.0,0.0,0.0,0.0,0.0,0.0,0.0,0.0,0.0,0.0,1.0,8.001649789749733,4.61512051684126,9.323544176118064,-0.08685695685839304,0.7447315744112115,-1.226160139275199,0.25367790831901843,1.0,0.11179429849077627
2004-11-04,New Bedford,Classic Cars,Shipped,37.0,33.23,1229.51,New Bedford,0.0,0.0,0.0,0.0,0.0,1.0,0.0,0.0,0.0,0.0,0.0,1.0,0.0,0.0,0.0,0.0,0.0,0.0,0.0,0.0,0.0,0.0,0.0,1.0,7.115183996575821,3.533102452542094,12.33304085962557,-1.8160591222766513,-3.0583796309880205,0.26951771693185156,0.04176833868194629,0.002926858405758126,0.47512576858579947
2004-11-04,Nashua,Trucks and Buses,Shipped,22.0,100.0,2251.04,Other,0.0,0.0,0.0,0.0,0.0,0.0,1.0,0.0,0.0,0.0,0.0,0.0,0.0,0.0,0.0,0.0,1.0,0.0,0.0,0.0,0.0,0.0,0.0,1.0,7.719591751091182,4.61512051684126,8.805943150564206,-0.6370590909708673,0.7447315744112115,-1.4834006262023,0.16508819869513908,1.0,0.055897149245388134
2004-11-04,Nashua,Vintage Cars,Shipped,36.0,100.0,5797.44,Other,0.0,0.0,0.0,0.0,0.0,0.0,1.0,0.0,0.0,0.0,0.0,0.0,0.0,0.0,0.0,0.0,0.0,1.0,0.0,0.0,0.0,0.0,0.0,1.0,8.665344194839557,4.61512051684126,12.119023021201402,1.2077917608864916,0.7447315744112115,0.16315383770961095,0.5932122396442908,1.0,0.4471771939631053
2004-11-04,Nashua,Trucks and Buses,Shipped,27.0,100.0,4784.13,Other,0.0,0.0,0.0,0.0,0.0,0.0,1.0,0.0,0.0,0.0,0.0,0.0,0.0,0.0,0.0,0.0,1.0,0.0,0.0,0.0,0.0,0.0,0.0,1.0,8.47326847175207,4.61512051684126,10.068010317854855,0.8331154238583343,0.7447315744112115,-0.8561708553548468,0.47088470413386196,1.0,0.19564002235885858
2004-11-04,Nashua,Vintage Cars,Shipped,50.0,100.0,9167.099200000002,Other,0.0,0.0,0.0,0.0,0.0,0.0,1.0,0.0,0.0,0.0,0.0,0.0,0.0,0.0,0.0,0.0,0.0,1.0,0.0,0.0,0.0,0.0,0.0,1.0,9.123485259140311,4.61512051684126,14.925497315272617,2.1014737580444667,0.7447315744112115,1.5579323994073224,1.0,1.0,0.8384572386808227
2004-11-04,New Bedford,Classic Cars,Shipped,21.0,89.95,1888.95,New Bedford,0.0,0.0,0.0,0.0,0.0,1.0,0.0,0.0,0.0,0.0,0.0,1.0,0.0,0.0,0.0,0.0,0.0,0.0,0.0,0.0,0.0,0.0,0.0,1.0,7.544305652677292,4.5103099049641315,8.539972716394377,-0.9789844120368665,0.3763399314002999,-1.6155842205467048,0.1213764250691301,0.8499238419496462,0.027948574622694067
2004-11-04,Nashua,Trucks and Buses,Shipped,35.0,61.21,2142.35,Other,0.0,0.0,0.0,0.0,0.0,0.0,1.0,0.0,0.0,0.0,0.0,0.0,0.0,0.0,0.0,0.0,1.0,0.0,0.0,0.0,0.0,0.0,0.0,1.0,7.670125304583089,4.130515758526928,11.902530119204657,-0.7335518006456317,-0.9585725083434088,0.05555988642964223,0.15196706120056336,0.4207508287787832,0.41922861934041133
2004-11-04,New Bedford,Classic Cars,Shipped,25.0,100.0,3734.0,New Bedford,0.0,0.0,0.0,0.0,0.0,1.0,0.0,0.0,0.0,0.0,0.0,1.0,0.0,0.0,0.0,0.0,0.0,0.0,0.0,0.0,0.0,0.0,0.0,1.0,8.225503097566918,4.61512051684126,9.57572149487329,0.34980695910342174,0.7447315744112115,-1.1008315308182302,0.34411223088720827,1.0,0.13974287311347044
2004-11-04,New Bedford,Classic Cars,Shipped,27.0,100.0,2851.2,New Bedford,0.0,0.0,0.0,0.0,0.0,1.0,0.0,0.0,0.0,0.0,0.0,1.0,0.0,0.0,0.0,0.0,0.0,0.0,0.0,0.0,0.0,0.0,0.0,1.0,7.955845905302667,4.61512051684126,10.068010317854855,-0.1762052168593242,0.7447315744112115,-0.8561708553548468,0.23753995947114936,1.0,0.19564002235885858
2004-11-04,New Bedford,Classic Cars,Shipped,26.0,100.0,4052.88,New Bedford,0.0,0.0,0.0,0.0,0.0,1.0,0.0,0.0,0.0,0.0,0.0,1.0,0.0,0.0,0.0,0.0,0.0,0.0,0.0,0.0,0.0,0.0,0.0,1.0,8.307429726179173,4.61512051684126,9.823805373555334,0.5096187698835083,0.7447315744112115,-0.9775373049564378,0.38260766123287304,1.0,0.1676914477361645
2004-11-04,Nashua,Vintage Cars,Shipped,33.0,100.0,3524.73,Other,0.0,0.0,0.0,0.0,0.0,0.0,1.0,0.0,0.0,0.0,0.0,0.0,0.0,0.0,0.0,0.0,0.0,1.0,0.0,0.0,0.0,0.0,0.0,1.0,8.167842786004321,4.61512051684126,11.461717832632248,0.23733072326837218,0.7447315744112115,-0.16351766875873364,0.3188490011191536,1.0,0.3633314700950231
2004-11-04,Nashua,Classic Cars,Shipped,46.0,61.99,2851.54,Other,0.0,0.0,0.0,0.0,0.0,0.0,1.0,0.0,0.0,0.0,0.0,1.0,0.0,0.0,0.0,0.0,0.0,0.0,0.0,0.0,0.0,0.0,0.0,1.0,7.9559651044249415,4.142975983633837,14.161377611660777,-0.17597269871599497,-0.9147769163016289,1.1781755694872693,0.23758100452357517,0.4323985305976167,0.7266629401900462
2004-11-04,Nashua,Vintage Cars,Shipped,35.050383351588174,100.0,2624.0,Other,0.0,0.0,0.0,0.0,0.0,0.0,1.0,0.0,0.0,0.0,0.0,0.0,0.0,0.0,0.0,0.0,0.0,1.0,0.0,0.0,0.0,0.0,0.0,1.0,7.872836175025724,4.61512051684126,11.913498472712774,-0.33812980148626204,0.7447315744112115,0.06101100506720186,0.21011220679134812,1.0,0.42063676220201485
2004-11-04,Nashua,Vintage Cars,Shipped,41.0,33.034,1224.67,Other,0.0,0.0,0.0,0.0,0.0,0.0,1.0,0.0,0.0,0.0,0.0,0.0,0.0,0.0,0.0,0.0,0.0,1.0,0.0,0.0,0.0,0.0,0.0,1.0,7.111242912237841,3.5273600249492447,13.166125611826143,-1.8237468769805654,-3.0785632965340333,0.6835492136397722,0.04118405028859137,0.0,0.5869200670765757
2004-11-04,New Bedford,Classic Cars,Shipped,39.0,84.75,3305.25,New Bedford,0.0,0.0,0.0,0.0,0.0,1.0,0.0,0.0,0.0,0.0,0.0,1.0,0.0,0.0,0.0,0.0,0.0,0.0,0.0,0.0,0.0,0.0,0.0,1.0,8.10356989560661,4.45143608604605,12.754015005493859,0.11195552874960345,0.16940837654032856,0.4787359930181514,0.2923532125709019,0.7722724964907566,0.5310229178311876
2004-11-04,New Bedford,Classic Cars,Shipped,37.0,78.54,2905.98,New Bedford,0.0,0.0,0.0,0.0,0.0,1.0,0.0,0.0,0.0,0.0,0.0,1.0,0.0,0.0,0.0,0.0,0.0,0.0,0.0,0.0,0.0,0.0,0.0,1.0,7.974870020590249,4.376260039779544,12.33304085962557,-0.13909544725087672,-0.09482276096747198,0.26951771693185156,0.24415304174139374,0.6795388704715826,0.47512576858579947
2004-11-04,Nashua,Vintage Cars,Shipped,48.0,47.04,2257.92,Other,0.0,0.0,0.0,0.0,0.0,0.0,1.0,0.0,0.0,0.0,0.0,0.0,0.0,0.0,0.0,0.0,0.0,1.0,0.0,0.0,0.0,0.0,0.0,1.0,7.722642101940961,3.872033997211783,14.546755227281093,-0.6311088632967249,-1.867092352220212,1.3697028667658944,0.16591875740304857,0.20915091240330919,0.7825600894354343
2004-11-05,Frankfurt,Vintage Cars,Shipped,33.0,91.27,3011.91,Other,0.0,0.0,0.0,0.0,0.0,0.0,1.0,0.0,0.0,0.0,0.0,0.0,0.0,0.0,0.0,0.0,0.0,1.0,0.0,0.0,0.0,0.0,0.0,1.0,8.010661668123264,4.524719061590464,11.461717832632248,-0.06927775671554089,0.4269856893909057,-0.16351766875873364,0.2569409899868662,0.869635337335364,0.3633314700950231
2004-11-05,NYC,Trucks and Buses,Shipped,33.0,37.48,1236.84,NYC,0.0,0.0,0.0,1.0,0.0,0.0,0.0,0.0,0.0,0.0,0.0,0.0,0.0,0.0,0.0,0.0,1.0,0.0,0.0,0.0,0.0,0.0,0.0,1.0,7.121123204181417,3.6501386257975055,11.461717832632248,-1.8044736886010948,-2.6470171994069926,-0.16351766875873364,0.04265322172394867,0.06639190036735054,0.3633314700950231
2004-11-05,NYC,Trucks and Buses,Shipped,26.0,58.38,1517.88,NYC,0.0,0.0,0.0,1.0,0.0,0.0,0.0,0.0,0.0,0.0,0.0,0.0,0.0,0.0,0.0,0.0,1.0,0.0,0.0,0.0,0.0,0.0,0.0,1.0,7.325728500133488,4.083957469335614,9.823805373555334,-1.4053562905686214,-1.1222170510455622,-0.9775373049564378,0.07658057917611136,0.3784905773078876,0.1676914477361645
2004-11-05,NYC,Classic Cars,Shipped,34.0,100.0,4248.3,NYC,0.0,0.0,0.0,1.0,0.0,0.0,0.0,0.0,0.0,0.0,0.0,1.0,0.0,0.0,0.0,0.0,0.0,0.0,0.0,0.0,0.0,0.0,0.0,1.0,8.354509542470606,4.61512051684126,11.683463549954297,0.6014559517641043,0.7447315744112115,-0.05331314156158311,0.4061989087182901,1.0,0.39128004471771716
2004-11-05,Stavern,Trucks and Buses,Shipped,38.0,100.0,8844.12,Other,0.0,0.0,0.0,0.0,0.0,0.0,1.0,0.0,0.0,0.0,0.0,0.0,0.0,0.0,0.0,0.0,1.0,0.0,0.0,0.0,0.0,0.0,0.0,1.0,9.087621173488854,4.61512051684126,12.544675977743431,2.031514764649806,0.7447315744112115,0.3746974174111126,0.9610097111869713,1.0,0.5030743432084936
2004-11-05,Stavern,Classic Cars,Shipped,47.0,64.93,3051.71,Other,0.0,0.0,0.0,0.0,0.0,0.0,1.0,0.0,0.0,0.0,0.0,1.0,0.0,0.0,0.0,0.0,0.0,0.0,0.0,0.0,0.0,0.0,0.0,1.0,8.023784999687315,4.188593573125209,14.35492029635209,-0.0436784684713673,-0.7544387745624641,1.2743635830212399,0.26174567553552863,0.476301406683989,0.7546115148127404
2004-11-05,NYC,Trucks and Buses,Shipped,31.0,100.0,3820.44,NYC,0.0,0.0,0.0,1.0,0.0,0.0,0.0,0.0,0.0,0.0,0.0,0.0,0.0,0.0,0.0,0.0,1.0,0.0,0.0,0.0,0.0,0.0,0.0,1.0,8.248382593918572,4.61512051684126,11.009728365329204,0.3944373046165942,0.7447315744112115,-0.388150126800217,0.35454733186274534,1.0,0.30743432084963496
2004-11-05,NYC,Classic Cars,Shipped,25.0,69.16,1729.0,NYC,0.0,0.0,0.0,1.0,0.0,0.0,0.0,0.0,0.0,0.0,0.0,1.0,0.0,0.0,0.0,0.0,0.0,0.0,0.0,0.0,0.0,0.0,0.0,1.0,7.455876687491824,4.250778348063927,9.57572149487329,-1.1514801352355257,-0.535869767095984,-1.1008315308182302,0.10206714231765907,0.5394677896245856,0.13974287311347044
2004-11-05,Stavern,Classic Cars,Shipped,44.0,100.0,5325.76,Other,0.0,0.0,0.0,0.0,0.0,0.0,1.0,0.0,0.0,0.0,0.0,1.0,0.0,0.0,0.0,0.0,0.0,0.0,0.0,0.0,0.0,0.0,0.0,1.0,8.580498452401027,4.61512051684126,13.768958087112637,1.042285722547523,0.7447315744112115,0.9831485417366043,0.5362706798555203,1.0,0.670765790944658
2004-11-05,Stavern,Classic Cars,Shipped,24.0,100.0,2583.6,Other,0.0,0.0,0.0,0.0,0.0,0.0,1.0,0.0,0.0,0.0,0.0,1.0,0.0,0.0,0.0,0.0,0.0,0.0,0.0,0.0,0.0,0.0,0.0,1.0,7.857326036091091,4.61512051684126,9.323544176118064,-0.36838496309343366,0.7447315744112115,-1.226160139275199,0.20523508879722852,1.0,0.11179429849077627
2004-11-05,NYC,Classic Cars,Shipped,27.0,100.0,3155.49,NYC,0.0,0.0,0.0,1.0,0.0,0.0,0.0,0.0,0.0,0.0,0.0,1.0,0.0,0.0,0.0,0.0,0.0,0.0,0.0,0.0,0.0,0.0,0.0,1.0,8.057215929736767,4.61512051684126,10.068010317854855,0.021534241459016928,0.7447315744112115,-0.8561708553548468,0.27427407418477934,1.0,0.19564002235885858
2004-11-05,NYC,Classic Cars,Shipped,47.0,100.0,7207.45,NYC,0.0,0.0,0.0,1.0,0.0,0.0,0.0,0.0,0.0,0.0,0.0,1.0,0.0,0.0,0.0,0.0,0.0,0.0,0.0,0.0,0.0,0.0,0.0,1.0,8.883009227972094,4.61512051684126,14.35492029635209,1.6323843955114559,0.7447315744112115,1.2743635830212399,0.7634296936761861,1.0,0.7546115148127404
2004-11-05,Stavern,Classic Cars,Shipped,42.0,64.0,2688.0,Other,0.0,0.0,0.0,0.0,0.0,0.0,1.0,0.0,0.0,0.0,0.0,1.0,0.0,0.0,0.0,0.0,0.0,0.0,0.0,0.0,0.0,0.0,0.0,1.0,7.896924656268864,4.174387269895637,13.369046010543581,-0.29114112550121646,-0.8043715370387343,0.7843978201850537,0.21783833430678512,0.4624137622076875,0.6148686416992699
2004-11-05,Stavern,Trains,Shipped,35.050383351588174,100.0,5377.4,Other,0.0,0.0,0.0,0.0,0.0,0.0,1.0,0.0,0.0,0.0,0.0,0.0,0.0,0.0,0.0,1.0,0.0,0.0,0.0,0.0,0.0,0.0,0.0,1.0,8.590146211154828,4.61512051684126,11.913498472712774,1.0611053154263108,0.7447315744112115,0.06101100506720186,0.5425046989945385,1.0,0.42063676220201485
2004-11-05,Stavern,Trains,Shipped,44.0,100.0,5932.96,Other,0.0,0.0,0.0,0.0,0.0,0.0,1.0,0.0,0.0,0.0,0.0,0.0,0.0,0.0,0.0,1.0,0.0,0.0,0.0,0.0,0.0,0.0,0.0,1.0,8.68844706001241,4.61512051684126,13.768958087112637,1.2528578252421465,0.7447315744112115,0.9831485417366043,0.6095723146582287,1.0,0.670765790944658
2004-11-05,Stavern,Trucks and Buses,Shipped,38.0,100.0,5190.42,Other,0.0,0.0,0.0,0.0,0.0,0.0,1.0,0.0,0.0,0.0,0.0,0.0,0.0,0.0,0.0,0.0,1.0,0.0,0.0,0.0,0.0,0.0,0.0,1.0,8.554762541820288,4.61512051684126,12.544675977743431,0.9920834556942396,0.7447315744112115,0.3746974174111126,0.5199323345752197,1.0,0.5030743432084936
2004-11-05,NYC,Trucks and Buses,Shipped,48.0,100.0,8209.44,NYC,0.0,0.0,0.0,1.0,0.0,0.0,0.0,0.0,0.0,0.0,0.0,0.0,0.0,0.0,0.0,0.0,1.0,0.0,0.0,0.0,0.0,0.0,0.0,1.0,9.013161794189461,4.61512051684126,14.546755227281093,1.8862690925531846,0.7447315744112115,1.3697028667658944,0.8843906703823221,1.0,0.7825600894354343
2004-11-05,NYC,Vintage Cars,Shipped,38.0,100.0,6832.02,NYC,0.0,0.0,0.0,1.0,0.0,0.0,0.0,0.0,0.0,0.0,0.0,0.0,0.0,0.0,0.0,0.0,0.0,1.0,0.0,0.0,0.0,0.0,0.0,1.0,8.829522021748542,4.61512051684126,12.544675977743431,1.5280485107698834,0.7447315744112115,0.3746974174111126,0.7181075053461783,1.0,0.5030743432084936
2004-11-05,Frankfurt,Classic Cars,Shipped,47.0,100.0,6203.06,Other,0.0,0.0,0.0,0.0,0.0,0.0,1.0,0.0,0.0,0.0,0.0,1.0,0.0,0.0,0.0,0.0,0.0,0.0,0.0,0.0,0.0,0.0,0.0,1.0,8.732959195429547,4.61512051684126,14.35492029635209,1.3396863092551843,0.7447315744112115,1.2743635830212399,0.6421789871882213,1.0,0.7546115148127404
2004-11-05,Stavern,Vintage Cars,Shipped,24.0,69.12,1658.88,Other,0.0,0.0,0.0,0.0,0.0,0.0,1.0,0.0,0.0,0.0,0.0,0.0,0.0,0.0,0.0,0.0,0.0,1.0,0.0,0.0,0.0,0.0,0.0,1.0,7.4145005895809755,4.250208060053033,9.323544176118064,-1.2321912451902908,-0.5378742333762586,-1.226160139275199,0.09360220385855844,0.5388704715825943,0.11179429849077627
2004-11-05,NYC,Classic Cars,Shipped,30.0,100.0,3338.1,NYC,0.0,0.0,0.0,1.0,0.0,0.0,0.0,0.0,0.0,0.0,0.0,1.0,0.0,0.0,0.0,0.0,0.0,0.0,0.0,0.0,0.0,0.0,0.0,1.0,8.113456588581743,4.61512051684126,10.779232502977782,0.1312412034288425,0.7447315744112115,-0.5027033539745942,0.2963188889596848,1.0,0.2794857462269409
2004-11-05,NYC,Classic Cars,Shipped,49.0,100.0,5379.71,NYC,0.0,0.0,0.0,1.0,0.0,0.0,0.0,0.0,0.0,0.0,0.0,1.0,0.0,0.0,0.0,0.0,0.0,0.0,0.0,0.0,0.0,0.0,0.0,1.0,8.590575614708744,4.61512051684126,14.736931873780104,1.0619429400261404,0.7447315744112115,1.464218006289084,0.5427835639095488,1.0,0.8105086640581285
2004-11-05,NYC,Vintage Cars,Shipped,33.0,100.0,6267.69,NYC,0.0,0.0,0.0,1.0,0.0,0.0,0.0,0.0,0.0,0.0,0.0,0.0,0.0,0.0,0.0,0.0,0.0,1.0,0.0,0.0,0.0,0.0,0.0,1.0,8.743322680378299,4.61512051684126,11.461717832632248,1.3599020476995265,0.7447315744112115,-0.16351766875873364,0.6499811687713883,1.0,0.3633314700950231
2004-11-05,NYC,Trucks and Buses,Shipped,20.0,98.18,1963.6,NYC,0.0,0.0,0.0,1.0,0.0,0.0,0.0,0.0,0.0,0.0,0.0,0.0,0.0,0.0,0.0,0.0,1.0,0.0,0.0,0.0,0.0,0.0,0.0,1.0,7.583043941240769,4.596936381060988,8.268807419728406,-0.9034187974532258,0.6808174006758153,-1.7503495890608907,0.13038822849143275,0.9728220290893888,0.0
2004-11-05,NYC,Classic Cars,Shipped,27.0,54.33,1466.91,NYC,0.0,0.0,0.0,1.0,0.0,0.0,0.0,0.0,0.0,0.0,0.0,1.0,0.0,0.0,0.0,0.0,0.0,0.0,0.0,0.0,0.0,0.0,0.0,1.0,7.291594899393147,4.013315256910018,10.068010317854855,-1.471939679085385,-1.3705125264302451,-0.8561708553548468,0.07042744293452036,0.31801212555625236,0.19564002235885858
2004-11-09,Lule,Vintage Cars,Shipped,50.0,86.01,4300.5,Other,0.0,0.0,0.0,0.0,0.0,0.0,1.0,0.0,0.0,0.0,0.0,0.0,0.0,0.0,0.0,0.0,0.0,1.0,0.0,0.0,0.0,0.0,0.0,1.0,8.366719078061402,4.466023054577933,14.925497315272617,0.6252727256824357,0.22067911342247543,1.5579323994073224,0.4125005314730684,0.7910880148134876,0.8384572386808227
2004-11-09,Lule,Trains,Shipped,32.0,100.0,3807.68,Other,0.0,0.0,0.0,0.0,0.0,0.0,1.0,0.0,0.0,0.0,0.0,0.0,0.0,0.0,0.0,1.0,0.0,0.0,0.0,0.0,0.0,0.0,0.0,1.0,8.245037951397848,4.61512051684126,11.237179911736995,0.3879130110297206,0.7447315744112115,-0.2751098821684491,0.35300693518935505,1.0,0.335382895472329
2004-11-09,Lule,Vintage Cars,Shipped,20.0,92.25,1845.0,Other,0.0,0.0,0.0,0.0,0.0,0.0,1.0,0.0,0.0,0.0,0.0,0.0,0.0,0.0,0.0,0.0,0.0,1.0,0.0,0.0,0.0,0.0,0.0,1.0,7.520776415062797,4.535284058523925,8.268807419728406,-1.0248821882927897,0.4641198736974106,-1.7503495890608907,0.11607074843938861,0.884269629364155,0.0
2004-11-09,Lule,Vintage Cars,Shipped,41.0,85.85,3519.85,Other,0.0,0.0,0.0,0.0,0.0,0.0,1.0,0.0,0.0,0.0,0.0,0.0,0.0,0.0,0.0,0.0,0.0,1.0,0.0,0.0,0.0,0.0,0.0,1.0,8.166457716713927,4.464182492687114,13.166125611826143,0.23462891025466345,0.21420984846086155,0.6835492136397722,0.31825988389610155,0.7886987426455214,0.5869200670765757
2004-11-09,Lule,Ships,Shipped,41.0,100.0,4333.29,Other,0.0,0.0,0.0,0.0,0.0,0.0,1.0,0.0,0.0,0.0,0.0,0.0,0.0,0.0,1.0,0.0,0.0,0.0,0.0,0.0,0.0,0.0,0.0,1.0,8.374313092640392,4.61512051684126,13.166125611826143,0.6400861415585185,0.7447315744112115,0.6835492136397722,0.4164589646173056,1.0,0.5869200670765757
2004-11-09,Lule,Ships,Shipped,39.0,60.0,2340.0,Other,0.0,0.0,0.0,0.0,0.0,0.0,1.0,0.0,0.0,0.0,0.0,0.0,0.0,0.0,1.0,0.0,0.0,0.0,0.0,0.0,0.0,0.0,0.0,1.0,7.75833346749091,4.110873864173311,12.754015005493859,-0.5614867898101297,-1.0276104578714442,0.4787359930181514,0.1758275159415965,0.4026819580085417,0.5310229178311876
2004-11-10,Kobenhavn,Planes,Resolved,25.0,100.0,2804.75,Other,0.0,0.0,0.0,0.0,0.0,0.0,1.0,0.0,0.0,0.0,0.0,0.0,0.0,1.0,0.0,0.0,0.0,0.0,0.0,0.0,0.0,0.0,1.0,0.0,7.939426161896365,4.61512051684126,9.57572149487329,-0.20823471655623912,0.7447315744112115,-1.1008315308182302,0.23193248098533614,1.0,0.13974287311347044
2004-11-10,Kobenhavn,Ships,Resolved,21.0,96.31,2022.51,Other,0.0,0.0,0.0,0.0,0.0,0.0,1.0,0.0,0.0,0.0,0.0,0.0,0.0,0.0,1.0,0.0,0.0,0.0,0.0,0.0,0.0,0.0,1.0,0.0,7.612588906236004,4.577901758833898,8.539972716394377,-0.845786322697435,0.6139139103636874,-1.6155842205467048,0.13749988742790764,0.944897410626288,0.027948574622694067
2004-11-10,Kobenhavn,Ships,Resolved,37.0,86.74,3209.38,Other,0.0,0.0,0.0,0.0,0.0,0.0,1.0,0.0,0.0,0.0,0.0,0.0,0.0,0.0,1.0,0.0,0.0,0.0,0.0,0.0,0.0,0.0,1.0,0.0,8.07414458918,4.474377895738068,12.33304085962557,0.054556468365321215,0.2500449725368711,0.26951771693185156,0.2807797149942622,0.8019890690798315,0.47512576858579947
2004-11-10,Kobenhavn,Ships,Resolved,25.0,45.86,1146.5,Other,0.0,0.0,0.0,0.0,0.0,0.0,1.0,0.0,0.0,0.0,0.0,0.0,0.0,0.0,1.0,0.0,0.0,0.0,0.0,0.0,0.0,0.0,1.0,0.0,7.0453409419347,3.8471644330796497,9.57572149487329,-1.9522998686820319,-1.9545046802995703,-1.1008315308182302,0.031747309852939665,0.19153003016456116,0.13974287311347044
2004-11-10,Kobenhavn,Ships,Resolved,37.0,86.61,3204.57,Other,0.0,0.0,0.0,0.0,0.0,0.0,1.0,0.0,0.0,0.0,0.0,0.0,0.0,0.0,1.0,0.0,0.0,0.0,0.0,0.0,0.0,0.0,1.0,0.0,8.072645200655732,4.4728951466782725,12.33304085962557,0.05163165625984329,0.2448333593945741,0.26951771693185156,0.28019904822318015,0.8000477854433592,0.47512576858579947
2004-11-10,Kobenhavn,Ships,Resolved,43.0,80.0,3440.0,Other,0.0,0.0,0.0,0.0,0.0,0.0,1.0,0.0,0.0,0.0,0.0,0.0,0.0,0.0,1.0,0.0,0.0,0.0,0.0,0.0,0.0,0.0,1.0,0.0,8.14351740579748,4.394449154672439,13.569968697266269,0.18987993559873434,-0.0308910864900522,0.8842535917456676,0.3086203326131696,0.7013409790042708,0.6428172163219641
2004-11-10,Kobenhavn,Planes,Resolved,45.0,100.0,4781.7,Other,0.0,0.0,0.0,0.0,0.0,0.0,1.0,0.0,0.0,0.0,0.0,0.0,0.0,1.0,0.0,0.0,0.0,0.0,0.0,0.0,0.0,0.0,1.0,0.0,8.472760519572265,4.61512051684126,13.966075138951927,0.8321245768160571,0.7447315744112115,1.0811129658652374,0.47059135272976016,1.0,0.6987143655673522
2004-11-10,Kobenhavn,Ships,Resolved,20.0,100.0,3469.2,Other,0.0,0.0,0.0,0.0,0.0,0.0,1.0,0.0,0.0,0.0,0.0,0.0,0.0,0.0,1.0,0.0,0.0,0.0,0.0,0.0,0.0,0.0,1.0,0.0,8.151967508167571,4.61512051684126,8.268807419728406,0.20636329618510332,0.7447315744112115,-1.7503495890608907,0.3121453782920877,1.0,0.0
2004-11-12,Bergamo,Classic Cars,Shipped,33.0,64.0,2112.0,Other,0.0,0.0,0.0,0.0,0.0,0.0,1.0,0.0,0.0,0.0,0.0,1.0,0.0,0.0,0.0,0.0,0.0,0.0,0.0,0.0,0.0,0.0,0.0,1.0,7.655864017616056,4.174387269895637,11.461717832632248,-0.761370864274414,-0.8043715370387343,-0.16351766875873364,0.14830318666785225,0.4624137622076875,0.3633314700950231
2004-11-12,Bergamo,Planes,Shipped,48.0,58.92,2828.16,Other,0.0,0.0,0.0,0.0,0.0,0.0,1.0,0.0,0.0,0.0,0.0,0.0,0.0,1.0,0.0,0.0,0.0,0.0,0.0,0.0,0.0,0.0,0.0,1.0,7.947735126789586,4.0930103392089645,14.546755227281093,-0.1920266686017897,-1.090397738603065,1.3697028667658944,0.23475855356559205,0.3865543708747723,0.7825600894354343
2004-11-12,Bergamo,Planes,Shipped,27.0,100.0,2762.1,Other,0.0,0.0,0.0,0.0,0.0,0.0,1.0,0.0,0.0,0.0,0.0,0.0,0.0,1.0,0.0,0.0,0.0,0.0,0.0,0.0,0.0,0.0,0.0,1.0,7.924108516812818,4.61512051684126,10.068010317854855,-0.23811438619666875,0.7447315744112115,-0.8561708553548468,0.22678374132075196,1.0,0.19564002235885858
2004-11-12,Bergamo,Vintage Cars,Shipped,20.0,72.98,1459.6,Other,0.0,0.0,0.0,0.0,0.0,0.0,1.0,0.0,0.0,0.0,0.0,0.0,0.0,0.0,0.0,0.0,0.0,1.0,0.0,0.0,0.0,0.0,0.0,1.0,7.28660258918601,4.303794786404308,8.268807419728406,-1.4816780284803615,-0.34952591815733036,-1.7503495890608907,0.06954497430736653,0.59651166263477,0.0
2004-11-12,Bergamo,Planes,Shipped,43.0,60.86,2616.98,Other,0.0,0.0,0.0,0.0,0.0,0.0,1.0,0.0,0.0,0.0,0.0,0.0,0.0,1.0,0.0,0.0,0.0,0.0,0.0,0.0,0.0,0.0,0.0,1.0,7.870158307021261,4.124873767256924,13.569968697266269,-0.34335343807515145,-0.978403157135411,0.8842535917456676,0.2092647471794986,0.415524295911358,0.6428172163219641
2004-11-12,Bergamo,Planes,Shipped,35.0,76.43,2675.05,Other,0.0,0.0,0.0,0.0,0.0,0.0,1.0,0.0,0.0,0.0,0.0,0.0,0.0,1.0,0.0,0.0,0.0,0.0,0.0,0.0,0.0,0.0,0.0,1.0,7.8920971056774505,4.349374302398632,11.902530119204657,-0.3005580832683634,-0.1893215983459359,0.05555988642964223,0.2162750006923334,0.6480303437565333,0.41922861934041133
2004-11-12,Bergamo,Planes,Shipped,39.0,85.87,3348.93,Other,0.0,0.0,0.0,0.0,0.0,0.0,1.0,0.0,0.0,0.0,0.0,0.0,0.0,1.0,0.0,0.0,0.0,0.0,0.0,0.0,0.0,0.0,0.0,1.0,8.116694729078409,4.464412748271829,12.754015005493859,0.13755774672005727,0.21501915804932992,0.4787359930181514,0.29762629460018764,0.7889974016665173,0.5310229178311876
2004-11-12,Bergamo,Vintage Cars,Shipped,34.0,51.93,1765.62,Other,0.0,0.0,0.0,0.0,0.0,0.0,1.0,0.0,0.0,0.0,0.0,0.0,0.0,0.0,0.0,0.0,0.0,1.0,0.0,0.0,0.0,0.0,0.0,1.0,7.476823395428879,3.9689702858698963,11.683463549954297,-1.1106200219609308,-1.5263776287148612,-0.05331314156158311,0.10648793590539815,0.28217304303676494,0.39128004471771716
2004-11-12,Bergamo,Planes,Shipped,47.0,87.54,4114.38,Other,0.0,0.0,0.0,0.0,0.0,0.0,1.0,0.0,0.0,0.0,0.0,0.0,0.0,1.0,0.0,0.0,0.0,0.0,0.0,0.0,0.0,0.0,0.0,1.0,8.322486453926604,4.483454427303995,14.35492029635209,0.5389894759225444,0.2819474518424213,1.2743635830212399,0.3900319868922383,0.8139354299196608,0.7546115148127404
2004-11-12,Bergamo,Ships,Shipped,41.0,100.0,4156.58,Other,0.0,0.0,0.0,0.0,0.0,0.0,1.0,0.0,0.0,0.0,0.0,0.0,0.0,0.0,1.0,0.0,0.0,0.0,0.0,0.0,0.0,0.0,0.0,1.0,8.332688453215084,4.61512051684126,13.166125611826143,0.5588902091455058,0.7447315744112115,0.6835492136397722,0.39512640222272954,1.0,0.5869200670765757
2004-11-12,Bergamo,Planes,Shipped,33.0,100.0,4072.2,Other,0.0,0.0,0.0,0.0,0.0,0.0,1.0,0.0,0.0,0.0,0.0,0.0,0.0,1.0,0.0,0.0,0.0,0.0,0.0,0.0,0.0,0.0,0.0,1.0,8.312184210297511,4.61512051684126,11.461717832632248,0.5188931990788429,0.7447315744112115,-0.16351766875873364,0.3849399859765955,1.0,0.3633314700950231
2004-11-12,Bergamo,Vintage Cars,Shipped,24.0,81.17,1948.08,Other,0.0,0.0,0.0,0.0,0.0,0.0,1.0,0.0,0.0,0.0,0.0,0.0,0.0,0.0,0.0,0.0,0.0,1.0,0.0,0.0,0.0,0.0,0.0,1.0,7.575112745355779,4.408790271943096,9.323544176118064,-0.9188899427633875,0.019515524628133923,-1.226160139275199,0.1285146425689393,0.7188125317325209,0.11179429849077627
2004-11-12,Bergamo,Planes,Shipped,37.0,100.0,4021.53,Other,0.0,0.0,0.0,0.0,0.0,0.0,1.0,0.0,0.0,0.0,0.0,0.0,0.0,1.0,0.0,0.0,0.0,0.0,0.0,0.0,0.0,0.0,0.0,1.0,8.299666336887205,4.61512051684126,12.33304085962557,0.4944749598481643,0.7447315744112115,0.26951771693185156,0.3788230659577332,1.0,0.47512576858579947
2004-11-12,Bergamo,Vintage Cars,Shipped,34.0,100.0,3815.48,Other,0.0,0.0,0.0,0.0,0.0,0.0,1.0,0.0,0.0,0.0,0.0,0.0,0.0,0.0,0.0,0.0,0.0,1.0,0.0,0.0,0.0,0.0,0.0,1.0,8.247083810821284,4.61512051684126,11.683463549954297,0.3919038074850253,0.7447315744112115,-0.05331314156158311,0.353948556980299,1.0,0.39128004471771716
2004-11-15,NYC,Planes,Shipped,44.0,86.13,3789.72,NYC,0.0,0.0,0.0,1.0,0.0,0.0,0.0,0.0,0.0,0.0,0.0,0.0,0.0,1.0,0.0,0.0,0.0,0.0,0.0,0.0,0.0,0.0,0.0,1.0,8.240311253648546,4.467401256243195,13.768958087112637,0.37869278386888916,0.22552326008637913,0.9831485417366043,0.3508387906553356,0.7928799689394617,0.670765790944658
2004-11-15,NYC,Motorcycles,Shipped,20.0,100.0,3176.0,NYC,0.0,0.0,0.0,1.0,0.0,0.0,0.0,0.0,0.0,0.0,0.0,0.0,1.0,0.0,0.0,0.0,0.0,0.0,0.0,0.0,0.0,0.0,0.0,1.0,8.063692634269517,4.61512051684126,8.268807419728406,0.0341681542270505,0.7447315744112115,-1.7503495890608907,0.2767500566119921,1.0,0.0
2004-11-15,NYC,Classic Cars,Shipped,46.0,83.63,3846.98,NYC,0.0,0.0,0.0,1.0,0.0,0.0,0.0,0.0,0.0,0.0,0.0,1.0,0.0,0.0,0.0,0.0,0.0,0.0,0.0,0.0,0.0,0.0,0.0,1.0,8.255303614266893,4.438288813682014,14.161377611660777,0.407937930884834,0.12319792913852448,1.1781755694872693,0.3577512603668031,0.7555475913149956,0.7266629401900462
2004-11-15,NYC,Classic Cars,Shipped,29.0,100.0,2954.81,NYC,0.0,0.0,0.0,1.0,0.0,0.0,0.0,0.0,0.0,0.0,0.0,1.0,0.0,0.0,0.0,0.0,0.0,0.0,0.0,0.0,0.0,0.0,0.0,1.0,7.991528003953584,4.61512051684126,10.54555133395328,-0.10660122003400169,0.7447315744112115,-0.6188396341166861,0.2500478355941873,1.0,0.2515371716042467
2004-11-15,NYC,Classic Cars,Shipped,39.0,64.74,2524.86,NYC,0.0,0.0,0.0,1.0,0.0,0.0,0.0,0.0,0.0,0.0,0.0,1.0,0.0,0.0,0.0,0.0,0.0,0.0,0.0,0.0,0.0,0.0,0.0,1.0,7.834336877779876,4.185707568236073,12.754015005493859,-0.4132292228934243,-0.7645825955344524,0.4787359930181514,0.19814395238696653,0.47346414598452935,0.5310229178311876
2004-11-15,NYC,Classic Cars,Shipped,24.0,100.0,3542.64,NYC,0.0,0.0,0.0,1.0,0.0,0.0,0.0,0.0,0.0,0.0,0.0,1.0,0.0,0.0,0.0,0.0,0.0,0.0,0.0,0.0,0.0,0.0,0.0,1.0,8.17290972642992,4.61512051684126,9.323544176118064,0.24721465158625885,0.7447315744112115,-1.226160139275199,0.32101110961605167,1.0,0.11179429849077627
2004-11-15,NYC,Motorcycles,Shipped,26.0,100.0,5868.2,NYC,0.0,0.0,0.0,1.0,0.0,0.0,0.0,0.0,0.0,0.0,0.0,0.0,1.0,0.0,0.0,0.0,0.0,0.0,0.0,0.0,0.0,0.0,0.0,1.0,8.677473617333312,4.61512051684126,9.823805373555334,1.2314522605955422,0.7447315744112115,-0.9775373049564378,0.6017544393785458,1.0,0.1676914477361645
2004-11-15,NYC,Motorcycles,Shipped,37.0,94.43,3493.91,NYC,0.0,0.0,0.0,1.0,0.0,0.0,0.0,0.0,0.0,0.0,0.0,0.0,1.0,0.0,0.0,0.0,0.0,0.0,0.0,0.0,0.0,0.0,0.0,1.0,8.159062903263385,4.558392994429163,12.33304085962557,0.2202040700295732,0.5453438901771962,0.26951771693185156,0.31512838783750097,0.9168234626526894,0.47512576858579947
2004-11-15,NYC,Classic Cars,Shipped,38.0,59.1,2245.8,NYC,0.0,0.0,0.0,1.0,0.0,0.0,0.0,0.0,0.0,0.0,0.0,1.0,0.0,0.0,0.0,0.0,0.0,0.0,0.0,0.0,0.0,0.0,0.0,1.0,7.717262260658278,4.096009841541162,12.544675977743431,-0.6416031579071397,-1.0798549932399468,0.3746974174111126,0.16445562200481273,0.3892423020637339,0.5030743432084936
2004-11-15,NYC,Motorcycles,Shipped,42.0,100.0,4396.14,NYC,0.0,0.0,0.0,1.0,0.0,0.0,0.0,0.0,0.0,0.0,0.0,0.0,1.0,0.0,0.0,0.0,0.0,0.0,0.0,0.0,0.0,0.0,0.0,1.0,8.388709608564767,4.61512051684126,13.369046010543581,0.6681689922478553,0.7447315744112115,0.7843978201850537,0.42404626327894956,1.0,0.6148686416992699
2004-11-15,NYC,Motorcycles,Shipped,30.0,87.78,2633.4,NYC,0.0,0.0,0.0,1.0,0.0,0.0,0.0,0.0,0.0,0.0,0.0,0.0,1.0,0.0,0.0,0.0,0.0,0.0,0.0,0.0,0.0,0.0,0.0,1.0,7.876410731062155,4.486161399405889,10.779232502977782,-0.33115702251813767,0.29146200272941064,-0.5027033539745942,0.21124698177017792,0.8175193381716095,0.2794857462269409
2004-11-15,NYC,Motorcycles,Shipped,38.0,100.0,5266.04,NYC,0.0,0.0,0.0,1.0,0.0,0.0,0.0,0.0,0.0,0.0,0.0,0.0,1.0,0.0,0.0,0.0,0.0,0.0,0.0,0.0,0.0,0.0,0.0,1.0,8.569223813910599,4.61512051684126,12.544675977743431,1.0202926242891535,0.7447315744112115,0.3746974174111126,0.5290612371176782,1.0,0.5030743432084936
2004-11-15,NYC,Motorcycles,Shipped,45.0,63.91,2875.95,NYC,0.0,0.0,0.0,1.0,0.0,0.0,0.0,0.0,0.0,0.0,0.0,0.0,1.0,0.0,0.0,0.0,0.0,0.0,0.0,0.0,0.0,0.0,0.0,1.0,7.9644859841860685,4.173001695045377,13.966075138951927,-0.15935127480131198,-0.8092415992057237,1.0811129658652374,0.24052779784625977,0.4610697966132067,0.6987143655673522
2004-11-15,NYC,Classic Cars,Shipped,33.0,100.0,3607.56,NYC,0.0,0.0,0.0,1.0,0.0,0.0,0.0,0.0,0.0,0.0,0.0,1.0,0.0,0.0,0.0,0.0,0.0,0.0,0.0,0.0,0.0,0.0,0.0,1.0,8.191064079781604,4.61512051684126,11.461717832632248,0.2826278027413681,0.7447315744112115,-0.16351766875873364,0.32884830021452305,1.0,0.3633314700950231
2004-11-15,NYC,Classic Cars,Shipped,41.0,71.47,2930.27,NYC,0.0,0.0,0.0,1.0,0.0,0.0,0.0,0.0,0.0,0.0,0.0,1.0,0.0,0.0,0.0,0.0,0.0,0.0,0.0,0.0,0.0,0.0,0.0,1.0,7.983191055199032,4.28317268312119,13.166125611826143,-0.12286385526523433,-0.4220091369340181,0.6835492136397722,0.24708534857498693,0.5739629065495924,0.5869200670765757
2004-11-16,Makati City,Motorcycles,Shipped,42.0,81.03,3403.26,Other,0.0,0.0,0.0,0.0,0.0,0.0,1.0,0.0,0.0,0.0,0.0,0.0,1.0,0.0,0.0,0.0,0.0,0.0,0.0,0.0,0.0,0.0,0.0,1.0,8.132782867504961,4.407085034014658,13.369046010543581,0.16894039455482193,0.013521900595881407,0.7843978201850537,0.3041850525363391,0.7167219185855509,0.6148686416992699
2004-11-16,Makati City,Classic Cars,Shipped,37.0,100.0,4405.22,Other,0.0,0.0,0.0,0.0,0.0,0.0,1.0,0.0,0.0,0.0,0.0,1.0,0.0,0.0,0.0,0.0,0.0,0.0,0.0,0.0,0.0,0.0,0.0,1.0,8.390772458026763,4.61512051684126,12.33304085962557,0.6721929306604637,0.7447315744112115,0.26951771693185156,0.42514240762020217,1.0,0.47512576858579947
2004-11-16,Makati City,Motorcycles,Shipped,29.0,69.63,2019.27,Other,0.0,0.0,0.0,0.0,0.0,0.0,1.0,0.0,0.0,0.0,0.0,0.0,1.0,0.0,0.0,0.0,0.0,0.0,0.0,0.0,0.0,0.0,0.0,1.0,7.610986444829435,4.257454983420831,10.54555133395328,-0.8489121959748653,-0.512402518647917,-0.6188396341166861,0.13710875222243865,0.5464862766179852,0.2515371716042467
2004-11-16,Makati City,Classic Cars,Shipped,50.0,100.0,6101.0,Other,0.0,0.0,0.0,0.0,0.0,0.0,1.0,0.0,0.0,0.0,0.0,1.0,0.0,0.0,0.0,0.0,0.0,0.0,0.0,0.0,0.0,0.0,0.0,1.0,8.716371865276615,4.61512051684126,14.925497315272617,1.307329903131197,0.7447315744112115,1.5579323994073224,0.6298582282159478,1.0,0.8384572386808227
2004-11-17,Philadelphia,Motorcycles,Shipped,28.0,100.0,4102.56,Other,0.0,0.0,0.0,0.0,0.0,0.0,1.0,0.0,0.0,0.0,0.0,0.0,1.0,0.0,0.0,0.0,0.0,0.0,0.0,0.0,0.0,0.0,0.0,1.0,8.319610168627303,4.61512051684126,10.308532382015233,0.5333787926833136,0.7447315744112115,-0.7366347457903012,0.38860506771673103,1.0,0.22358859698155265
2004-11-17,Philadelphia,Classic Cars,Shipped,27.0,100.0,4170.69,Other,0.0,0.0,0.0,0.0,0.0,0.0,1.0,0.0,0.0,0.0,0.0,1.0,0.0,0.0,0.0,0.0,0.0,0.0,0.0,0.0,0.0,0.0,0.0,1.0,8.336076508470176,4.61512051684126,10.068010317854855,0.5654991866478253,0.7447315744112115,-0.8561708553548468,0.3968297718983984,1.0,0.19564002235885858
2004-11-17,Philadelphia,Classic Cars,Shipped,44.0,100.0,4849.24,Other,0.0,0.0,0.0,0.0,0.0,0.0,1.0,0.0,0.0,0.0,0.0,1.0,0.0,0.0,0.0,0.0,0.0,0.0,0.0,0.0,0.0,0.0,0.0,1.0,8.486783467243292,4.61512051684126,13.768958087112637,0.8594787191473328,0.7447315744112115,0.9831485417366043,0.47874483167339477,1.0,0.670765790944658
2004-11-17,Manchester,Vintage Cars,Shipped,41.0,77.24,3166.84,Manchester,0.0,1.0,0.0,0.0,0.0,0.0,0.0,0.0,0.0,0.0,0.0,0.0,0.0,0.0,0.0,0.0,0.0,1.0,0.0,0.0,0.0,0.0,0.0,1.0,8.060805246608389,4.359781025726562,13.166125611826143,0.028535813944469388,-0.15274371909807508,0.6835492136397722,0.2756442546113452,0.6601260341068602,0.5869200670765757
2004-11-17,Manchester,Classic Cars,Shipped,44.0,42.26,1859.44,Manchester,0.0,1.0,0.0,0.0,0.0,0.0,0.0,0.0,0.0,0.0,0.0,1.0,0.0,0.0,0.0,0.0,0.0,0.0,0.0,0.0,0.0,0.0,0.0,1.0,7.52856829787133,3.7672284205249125,13.768958087112637,-1.0096827968115243,-2.2354662973856607,0.9831485417366043,0.11781395596005909,0.1377714063853298,0.670765790944658
2004-11-17,Philadelphia,Vintage Cars,Shipped,44.0,74.04,3257.76,Other,0.0,0.0,0.0,0.0,0.0,0.0,1.0,0.0,0.0,0.0,0.0,0.0,0.0,0.0,0.0,0.0,0.0,1.0,0.0,0.0,0.0,0.0,0.0,1.0,8.0891020339043,4.318021304697969,13.768958087112637,0.08373350599672214,-0.29952210313647454,0.9831485417366043,0.28662018451296284,0.6123405907475437,0.670765790944658
2004-11-17,Manchester,Vintage Cars,Shipped,40.0,39.8,1592.0,Manchester,0.0,1.0,0.0,0.0,0.0,0.0,0.0,0.0,0.0,0.0,0.0,0.0,0.0,0.0,0.0,0.0,0.0,1.0,0.0,0.0,0.0,0.0,0.0,1.0,7.373374309910049,3.708682081410116,12.961139346341028,-1.3124150422168404,-2.4412468159085225,0.5816739001387327,0.08552840060492678,0.10103634680285511,0.5589714924538818
2004-11-17,Philadelphia,Classic Cars,Shipped,41.0,100.0,5715.4,Other,0.0,0.0,0.0,0.0,0.0,0.0,1.0,0.0,0.0,0.0,0.0,1.0,0.0,0.0,0.0,0.0,0.0,0.0,0.0,0.0,0.0,0.0,0.0,1.0,8.651094515607639,4.61512051684126,13.166125611826143,1.1799953401175354,0.7447315744112115,0.6835492136397722,0.58330830993544,1.0,0.5869200670765757
2004-11-17,Manchester,Classic Cars,Shipped,45.0,34.19,1538.55,Manchester,0.0,1.0,0.0,0.0,0.0,0.0,0.0,0.0,0.0,0.0,0.0,1.0,0.0,0.0,0.0,0.0,0.0,0.0,0.0,0.0,0.0,0.0,0.0,1.0,7.339245444914452,3.5607619513334936,13.966075138951927,-1.3789891928587428,-2.961161152609443,1.0811129658652374,0.07907587692211263,0.017262491413553183,0.6987143655673522
2004-11-17,Philadelphia,Motorcycles,Shipped,32.0,100.0,5026.56,Other,0.0,0.0,0.0,0.0,0.0,0.0,1.0,0.0,0.0,0.0,0.0,0.0,1.0,0.0,0.0,0.0,0.0,0.0,0.0,0.0,0.0,0.0,0.0,1.0,8.522690055936607,4.61512051684126,11.237179911736995,0.9295206219476163,0.7447315744112115,-0.2751098821684491,0.5001510337208525,1.0,0.335382895472329
2004-11-17,Philadelphia,Classic Cars,Shipped,21.0,100.0,3135.93,Other,0.0,0.0,0.0,0.0,0.0,0.0,1.0,0.0,0.0,0.0,0.0,1.0,0.0,0.0,0.0,0.0,0.0,0.0,0.0,0.0,0.0,0.0,0.0,1.0,8.050999893628672,4.61512051684126,8.539972716394377,0.009408806748276361,0.7447315744112115,-1.6155842205467048,0.27191277646287393,1.0,0.027948574622694067
2004-11-17,Philadelphia,Classic Cars,Shipped,26.0,64.9,1687.4,Other,0.0,0.0,0.0,0.0,0.0,0.0,1.0,0.0,0.0,0.0,0.0,1.0,0.0,0.0,0.0,0.0,0.0,0.0,0.0,0.0,0.0,0.0,0.0,1.0,7.431536613908344,4.188138441508461,9.823805373555334,-1.1989595848331216,-0.7560384855180335,-0.9775373049564378,0.09704515943262504,0.4758534181524954,0.1676914477361645
2004-11-17,Philadelphia,Classic Cars,Shipped,30.0,33.034,974.1,Other,0.0,0.0,0.0,0.0,0.0,0.0,1.0,0.0,0.0,0.0,0.0,1.0,0.0,0.0,0.0,0.0,0.0,0.0,0.0,0.0,0.0,0.0,0.0,1.0,6.882540029841073,3.5273600249492447,10.779232502977782,-2.2698707122409534,-3.0785632965340333,-0.5027033539745942,0.010935053858231306,0.0,0.2794857462269409
2004-11-17,Manchester,Vintage Cars,Shipped,24.0,52.67,1264.08,Manchester,0.0,1.0,0.0,0.0,0.0,0.0,0.0,0.0,0.0,0.0,0.0,0.0,0.0,0.0,0.0,0.0,0.0,1.0,0.0,0.0,0.0,0.0,0.0,1.0,7.142890640268705,3.9828541861887374,9.323544176118064,-1.7620126056043401,-1.4775780581536884,-1.226160139275199,0.045941654747706534,0.2932234268136069,0.11179429849077627
2004-11-17,Philadelphia,Classic Cars,Shipped,25.0,100.0,3078.5,Other,0.0,0.0,0.0,0.0,0.0,0.0,1.0,0.0,0.0,0.0,0.0,1.0,0.0,0.0,0.0,0.0,0.0,0.0,0.0,0.0,0.0,0.0,0.0,1.0,8.032522525127098,4.61512051684126,9.57572149487329,-0.026634440346184358,0.7447315744112115,-1.1008315308182302,0.2649797842251935,1.0,0.13974287311347044
2004-11-17,Manchester,Vintage Cars,Shipped,35.0,64.69,2264.15,Manchester,0.0,1.0,0.0,0.0,0.0,0.0,0.0,0.0,0.0,0.0,0.0,0.0,0.0,0.0,0.0,0.0,0.0,1.0,0.0,0.0,0.0,0.0,0.0,1.0,7.725396260889908,4.184946706904381,11.902530119204657,-0.6257364082566119,-0.7672568949309108,0.05555988642964223,0.16667084762837941,0.47271749843204014,0.41922861934041133
2004-11-17,Manchester,Classic Cars,Shipped,31.0,37.18,1152.58,Manchester,0.0,1.0,0.0,0.0,0.0,0.0,0.0,0.0,0.0,0.0,0.0,1.0,0.0,0.0,0.0,0.0,0.0,0.0,0.0,0.0,0.0,0.0,0.0,1.0,7.0506254293484965,3.6423118182976015,11.009728365329204,-1.9419915779962242,-2.674527109164985,-0.388150126800217,0.03248129196690619,0.061912015052414726,0.30743432084963496
2004-11-17,Philadelphia,Motorcycles,Shipped,20.0,100.0,3657.8,Other,0.0,0.0,0.0,0.0,0.0,0.0,1.0,0.0,0.0,0.0,0.0,0.0,1.0,0.0,0.0,0.0,0.0,0.0,0.0,0.0,0.0,0.0,0.0,1.0,8.20489050378221,4.61512051684126,8.268807419728406,0.3095985922585074,0.7447315744112115,-1.7503495890608907,0.3349133103141411,1.0,0.0
2004-11-17,Philadelphia,Classic Cars,Shipped,27.0,42.24,1140.48,Other,0.0,0.0,0.0,0.0,0.0,0.0,1.0,0.0,0.0,0.0,0.0,1.0,0.0,0.0,0.0,0.0,0.0,0.0,0.0,0.0,0.0,0.0,0.0,1.0,7.040080945010402,3.7667659927710075,10.068010317854855,-1.9625603865064412,-2.2370916530341383,-0.8561708553548468,0.031020570983518875,0.13747274736433424,0.19564002235885858
2004-11-17,Manchester,Vintage Cars,Shipped,26.0,100.0,2979.08,Manchester,0.0,1.0,0.0,0.0,0.0,0.0,0.0,0.0,0.0,0.0,0.0,0.0,0.0,0.0,0.0,0.0,0.0,1.0,0.0,0.0,0.0,0.0,0.0,1.0,7.999705424776696,4.61512051684126,9.823805373555334,-0.09064977114139013,0.7447315744112115,-0.9775373049564378,0.2529777280129319,1.0,0.1676914477361645
2004-11-17,Manchester,Vintage Cars,Shipped,38.0,84.25,3201.5,Manchester,0.0,1.0,0.0,0.0,0.0,0.0,0.0,0.0,0.0,0.0,0.0,0.0,0.0,0.0,0.0,0.0,0.0,1.0,0.0,0.0,0.0,0.0,0.0,1.0,8.071687033770889,4.445588116163626,12.544675977743431,0.04976258893106383,0.14885374762746736,0.3746974174111126,0.279828435543924,0.7648060209658634,0.5030743432084936
2004-11-17,Manchester,Vintage Cars,Shipped,50.0,100.0,7310.0,Manchester,0.0,1.0,0.0,0.0,0.0,0.0,0.0,0.0,0.0,0.0,0.0,0.0,0.0,0.0,0.0,0.0,0.0,1.0,0.0,0.0,0.0,0.0,0.0,1.0,8.897135342293316,4.61512051684126,14.925497315272617,1.6599397819248949,0.7447315744112115,1.5579323994073224,0.7758096058122496,1.0,0.8384572386808227
2004-11-17,Manchester,Classic Cars,Shipped,21.0,100.0,3472.98,Manchester,0.0,1.0,0.0,0.0,0.0,0.0,0.0,0.0,0.0,0.0,0.0,1.0,0.0,0.0,0.0,0.0,0.0,0.0,0.0,0.0,0.0,0.0,0.0,1.0,8.153056189732089,4.61512051684126,8.539972716394377,0.2084869545747576,0.7447315744112115,-1.6155842205467048,0.31260170269846826,1.0,0.027948574622694067
2004-11-17,Manchester,Classic Cars,Shipped,20.0,87.96,1759.2,Manchester,0.0,1.0,0.0,0.0,0.0,0.0,0.0,0.0,0.0,0.0,0.0,1.0,0.0,0.0,0.0,0.0,0.0,0.0,0.0,0.0,0.0,0.0,0.0,1.0,7.473182717939712,4.488186830502272,8.268807419728406,-1.1177217820585406,0.2985810518031507,-1.7503495890608907,0.1057129087390059,0.8202072693605709,0.0
2004-11-17,Philadelphia,Classic Cars,Shipped,26.0,67.91,1765.66,Other,0.0,0.0,0.0,0.0,0.0,0.0,1.0,0.0,0.0,0.0,0.0,1.0,0.0,0.0,0.0,0.0,0.0,0.0,0.0,0.0,0.0,0.0,0.0,1.0,7.476846037280078,4.232801305369117,9.823805373555334,-1.1105758551826719,-0.5990560435255344,-0.9775373049564378,0.10649276473509534,0.5208016008123524,0.1676914477361645
2004-11-17,Philadelphia,Classic Cars,Shipped,46.0,100.0,6434.02,Other,0.0,0.0,0.0,0.0,0.0,0.0,1.0,0.0,0.0,0.0,0.0,1.0,0.0,0.0,0.0,0.0,0.0,0.0,0.0,0.0,0.0,0.0,0.0,1.0,8.769510228028505,4.61512051684126,14.161377611660777,1.4109853094028313,0.7447315744112115,1.1781755694872693,0.6700606498595545,1.0,0.7266629401900462
2004-11-17,Manchester,Vintage Cars,Shipped,45.0,81.91,3685.95,Manchester,0.0,1.0,0.0,0.0,0.0,0.0,0.0,0.0,0.0,0.0,0.0,0.0,0.0,0.0,0.0,0.0,0.0,1.0,0.0,0.0,0.0,0.0,0.0,1.0,8.212554836981356,4.417755682128127,13.966075138951927,0.32454917655234633,0.051027431000764914,1.0811129658652374,0.33831159921350906,0.729862915509363,0.6987143655673522
2004-11-17,Manchester,Classic Cars,Shipped,23.0,56.84,1307.32,Manchester,0.0,1.0,0.0,0.0,0.0,0.0,0.0,0.0,0.0,0.0,0.0,1.0,0.0,0.0,0.0,0.0,0.0,0.0,0.0,0.0,0.0,0.0,0.0,1.0,7.176499150413667,4.057680577850509,9.067037908070397,-1.696453495521738,-1.2145758976742358,-1.353640175122944,0.05116161965032365,0.3554938326912165,0.0838457238680822
2004-11-17,Manchester,Vintage Cars,Shipped,46.0,95.13,4375.98,Manchester,0.0,1.0,0.0,0.0,0.0,0.0,0.0,0.0,0.0,0.0,0.0,0.0,0.0,0.0,0.0,0.0,0.0,1.0,0.0,0.0,0.0,0.0,0.0,1.0,8.384114267840726,4.565701442077724,14.161377611660777,0.6592049992861013,0.5710318523872563,1.1781755694872693,0.42161253311158686,0.9272765283875399,0.7266629401900462
2004-11-17,Manchester,Vintage Cars,Shipped,26.0,85.52,2223.52,Manchester,0.0,1.0,0.0,0.0,0.0,0.0,0.0,0.0,0.0,0.0,0.0,0.0,0.0,0.0,0.0,0.0,0.0,1.0,0.0,0.0,0.0,0.0,0.0,1.0,7.707296440990126,4.460375601084858,9.823805373555334,-0.6610431826469956,0.2008292658366171,-0.9775373049564378,0.16176596386350117,0.7837708687990921,0.1676914477361645
2004-11-17,Manchester,Vintage Cars,Shipped,27.0,89.89,2427.03,Manchester,0.0,1.0,0.0,0.0,0.0,0.0,0.0,0.0,0.0,0.0,0.0,0.0,0.0,0.0,0.0,0.0,0.0,1.0,0.0,0.0,0.0,0.0,0.0,1.0,7.794835507951491,4.509649984130679,10.068010317854855,-0.4902833571535498,0.3740204208494236,-0.8561708553548468,0.18633384215516652,0.8490278648866589,0.19564002235885858
2004-11-17,Manchester,Classic Cars,Shipped,39.0,86.72,3382.08,Manchester,0.0,1.0,0.0,0.0,0.0,0.0,0.0,0.0,0.0,0.0,0.0,1.0,0.0,0.0,0.0,0.0,0.0,0.0,0.0,0.0,0.0,0.0,0.0,1.0,8.126541816151121,4.474149923549687,12.754015005493859,0.1567661633564516,0.24924368870182428,0.4787359930181514,0.30162818721169915,0.8016904100588358,0.5310229178311876
2004-11-18,San Francisco,Vintage Cars,Shipped,39.0,100.0,4424.16,San Francisco,0.0,0.0,0.0,0.0,0.0,0.0,0.0,0.0,1.0,0.0,0.0,0.0,0.0,0.0,0.0,0.0,0.0,1.0,0.0,0.0,0.0,0.0,0.0,1.0,8.395061714980429,4.61512051684126,12.754015005493859,0.6805598552157336,0.7447315744112115,0.4787359930181514,0.4274288584818018,1.0,0.5310229178311876
2004-11-18,San Francisco,Classic Cars,Shipped,26.0,100.0,3003.0,San Francisco,0.0,0.0,0.0,0.0,0.0,0.0,0.0,0.0,1.0,0.0,0.0,1.0,0.0,0.0,0.0,0.0,0.0,0.0,0.0,0.0,0.0,0.0,0.0,1.0,8.007700012884026,4.61512051684126,9.823805373555334,-0.07505496852940713,0.7447315744112115,-0.9775373049564378,0.2558653681718265,1.0,0.1676914477361645
2004-11-18,San Francisco,Vintage Cars,Shipped,31.0,90.17,2795.27,San Francisco,0.0,0.0,0.0,0.0,0.0,0.0,0.0,0.0,1.0,0.0,0.0,0.0,0.0,0.0,0.0,0.0,0.0,1.0,0.0,0.0,0.0,0.0,0.0,1.0,7.936041665215059,4.5127258955968115,11.009728365329204,-0.21483675245568432,0.3848317314454646,-0.388150126800217,0.23078804834711203,0.8532090911805992,0.30743432084963496
2004-11-18,San Francisco,Trucks and Buses,Shipped,33.0,73.69,2431.77,San Francisco,0.0,0.0,0.0,0.0,0.0,0.0,0.0,0.0,1.0,0.0,0.0,0.0,0.0,0.0,0.0,0.0,1.0,0.0,0.0,0.0,0.0,0.0,0.0,1.0,7.79678580481721,4.313346214368975,11.461717832632248,-0.48647897170587706,-0.3159542580173325,-0.16351766875873364,0.18690605847427855,0.6071140578801182,0.3633314700950231
2004-11-18,San Francisco,Classic Cars,Shipped,33.0,99.21,3273.93,San Francisco,0.0,0.0,0.0,0.0,0.0,0.0,0.0,0.0,1.0,0.0,0.0,1.0,0.0,0.0,0.0,0.0,0.0,0.0,0.0,0.0,0.0,0.0,0.0,1.0,8.094051773795123,4.607267984070237,11.461717832632248,0.09338881475581355,0.7171312446592457,-0.16351766875873364,0.2885722389180349,0.9882029686706686,0.3633314700950231
2004-11-18,San Francisco,Vintage Cars,Shipped,46.0,100.0,9167.099200000002,San Francisco,0.0,0.0,0.0,0.0,0.0,0.0,0.0,0.0,1.0,0.0,0.0,0.0,0.0,0.0,0.0,0.0,0.0,1.0,0.0,0.0,0.0,0.0,0.0,1.0,9.123485259140311,4.61512051684126,14.161377611660777,2.1014737580444667,0.7447315744112115,1.1781755694872693,1.0,1.0,0.7266629401900462
2004-11-18,San Francisco,Trucks and Buses,Shipped,29.0,40.25,1167.25,San Francisco,0.0,0.0,0.0,0.0,0.0,0.0,0.0,0.0,1.0,0.0,0.0,0.0,0.0,0.0,0.0,0.0,1.0,0.0,0.0,0.0,0.0,0.0,0.0,1.0,7.063262181580535,3.71965111278069,10.54555133395328,-1.9173414454228528,-2.4026925186243773,-0.6188396341166861,0.034252265258335246,0.10775617477525912,0.2515371716042467
2004-11-18,San Francisco,Vintage Cars,Shipped,24.0,79.86,1916.64,San Francisco,0.0,0.0,0.0,0.0,0.0,0.0,0.0,0.0,1.0,0.0,0.0,0.0,0.0,0.0,0.0,0.0,0.0,1.0,0.0,0.0,0.0,0.0,0.0,1.0,7.558850542310213,4.392719264212625,9.323544176118064,-0.9506121332160836,-0.0369713600168114,-1.226160139275199,0.12471918242698088,0.6992503658573006,0.11179429849077627
2004-11-19,Lule,Trucks and Buses,On Hold,49.0,100.0,6763.47,Other,0.0,0.0,0.0,0.0,0.0,0.0,1.0,0.0,0.0,0.0,0.0,0.0,0.0,0.0,0.0,0.0,1.0,0.0,0.0,0.0,0.0,1.0,0.0,0.0,8.819439193115997,4.61512051684126,14.736931873780104,1.5083802401618187,0.7447315744112115,1.464218006289084,0.7098320984526907,1.0,0.8105086640581285
2004-11-19,Lule,Trucks and Buses,On Hold,34.0,61.38,2086.92,Other,0.0,0.0,0.0,0.0,0.0,0.0,1.0,0.0,0.0,0.0,0.0,0.0,0.0,0.0,0.0,0.0,1.0,0.0,0.0,0.0,0.0,1.0,0.0,0.0,7.643923634092277,4.133244711179657,11.683463549954297,-0.7846626113494108,-0.9489806995233608,-0.05331314156158311,0.1452755104477404,0.423289430457247,0.39128004471771716
2004-11-19,San Rafael,Trucks and Buses,Shipped,44.0,100.0,4746.28,San Rafael,0.0,0.0,0.0,0.0,0.0,0.0,0.0,0.0,0.0,1.0,0.0,0.0,0.0,0.0,0.0,0.0,1.0,0.0,0.0,0.0,0.0,0.0,0.0,1.0,8.46532710143366,4.61512051684126,13.768958087112637,0.8176244315868616,0.7447315744112115,0.9831485417366043,0.4663154240329356,1.0,0.670765790944658
2004-11-19,Lule,Classic Cars,On Hold,26.0,100.0,3188.12,Other,0.0,0.0,0.0,0.0,0.0,0.0,1.0,0.0,0.0,0.0,0.0,1.0,0.0,0.0,0.0,0.0,0.0,0.0,0.0,0.0,0.0,1.0,0.0,0.0,8.067500295652986,4.61512051684126,9.823805373555334,0.041595644785823074,0.7447315744112115,-0.9775373049564378,0.2782131920102279,1.0,0.1676914477361645
2004-11-19,San Rafael,Trucks and Buses,Shipped,40.0,60.6,2424.0,San Rafael,0.0,0.0,0.0,0.0,0.0,0.0,0.0,0.0,0.0,1.0,0.0,0.0,0.0,0.0,0.0,0.0,1.0,0.0,0.0,0.0,0.0,0.0,0.0,1.0,7.793586803371584,4.120661870539474,12.961139346341028,-0.4927191676271965,-0.9932072645072146,0.5816739001387327,0.18596805830560753,0.41164172863841353,0.5589714924538818
2004-11-19,San Rafael,Classic Cars,Shipped,33.0,37.13,1225.29,San Rafael,0.0,0.0,0.0,0.0,0.0,0.0,0.0,0.0,0.0,1.0,0.0,1.0,0.0,0.0,0.0,0.0,0.0,0.0,0.0,0.0,0.0,0.0,0.0,1.0,7.111748630123299,3.6410013738694724,11.461717832632248,-1.8227603883090804,-2.6791331005556174,-0.16351766875873364,0.04125889714889716,0.061165367499925405,0.3633314700950231
2004-11-19,Lule,Trucks and Buses,On Hold,46.0,100.0,5814.86,Other,0.0,0.0,0.0,0.0,0.0,0.0,1.0,0.0,0.0,0.0,0.0,0.0,0.0,0.0,0.0,0.0,1.0,0.0,0.0,0.0,0.0,1.0,0.0,0.0,8.668343947396808,4.61512051684126,14.161377611660777,1.213643287992964,0.7447315744112115,1.1781755694872693,0.5953151949773988,1.0,0.7266629401900462
2004-11-19,Lule,Classic Cars,On Hold,20.0,100.0,2878.8,Other,0.0,0.0,0.0,0.0,0.0,0.0,1.0,0.0,0.0,0.0,0.0,1.0,0.0,0.0,0.0,0.0,0.0,0.0,0.0,0.0,0.0,1.0,0.0,0.0,7.9654761262741705,4.61512051684126,8.268807419728406,-0.1574198344050757,0.7447315744112115,-1.7503495890608907,0.24087185196218164,1.0,0.0
2004-11-19,Lule,Trucks and Buses,On Hold,42.0,100.0,5528.04,Other,0.0,0.0,0.0,0.0,0.0,0.0,1.0,0.0,0.0,0.0,0.0,0.0,0.0,0.0,0.0,0.0,1.0,0.0,0.0,0.0,0.0,1.0,0.0,0.0,8.617769480893061,4.61512051684126,13.369046010543581,1.1149891970324624,0.7447315744112115,0.7843978201850537,0.5606900716339983,1.0,0.6148686416992699
2004-11-20,Paris,Trains,Shipped,31.0,84.71,2626.01,Paris,0.0,0.0,0.0,0.0,0.0,0.0,0.0,1.0,0.0,0.0,0.0,0.0,0.0,0.0,0.0,1.0,0.0,0.0,0.0,0.0,0.0,0.0,0.0,1.0,7.873601596301819,4.450969504910791,11.009728365329204,-0.33663671722032307,0.1677684224561252,-0.388150126800217,0.2103548554836298,0.771675178448765,0.30743432084963496
2004-11-20,Paris,Classic Cars,Shipped,38.0,100.0,6372.6,Paris,0.0,0.0,0.0,0.0,0.0,0.0,0.0,1.0,0.0,0.0,0.0,1.0,0.0,0.0,0.0,0.0,0.0,0.0,0.0,0.0,0.0,0.0,0.0,1.0,8.759919738066156,4.61512051684126,12.544675977743431,1.392277429033371,0.7447315744112115,0.3746974174111126,0.6626459818595836,1.0,0.5030743432084936
2004-11-20,Paris,Trucks and Buses,Shipped,23.0,100.0,3141.57,Paris,0.0,0.0,0.0,0.0,0.0,0.0,0.0,1.0,0.0,0.0,0.0,0.0,0.0,0.0,0.0,0.0,1.0,0.0,0.0,0.0,0.0,0.0,0.0,1.0,8.052796215474865,4.61512051684126,9.067037908070397,0.012912837755613337,0.7447315744112115,-1.353640175122944,0.27259364145017184,1.0,0.0838457238680822
2004-11-20,Paris,Trains,Shipped,21.0,100.0,2230.41,Paris,0.0,0.0,0.0,0.0,0.0,0.0,0.0,1.0,0.0,0.0,0.0,0.0,0.0,0.0,0.0,1.0,0.0,0.0,0.0,0.0,0.0,0.0,0.0,1.0,7.7103889516404776,4.61512051684126,8.539972716394377,-0.6550107151176835,0.7447315744112115,-1.6155842205467048,0.16259772977883497,1.0,0.027948574622694067
2004-11-20,Paris,Classic Cars,Shipped,45.0,100.0,5972.4,Paris,0.0,0.0,0.0,0.0,0.0,0.0,0.0,1.0,0.0,0.0,0.0,1.0,0.0,0.0,0.0,0.0,0.0,0.0,0.0,0.0,0.0,0.0,0.0,1.0,8.695071558512817,4.61512051684126,13.966075138951927,1.2657800352585091,0.7447315744112115,1.0811129658652374,0.6143335407396167,1.0,0.6987143655673522
2004-11-20,Paris,Classic Cars,Shipped,49.0,63.38,3105.62,Paris,0.0,0.0,0.0,0.0,0.0,0.0,0.0,1.0,0.0,0.0,0.0,1.0,0.0,0.0,0.0,0.0,0.0,0.0,0.0,0.0,0.0,0.0,0.0,1.0,8.041290597439476,4.164803025870662,14.736931873780104,-0.009530825355217945,-0.838058540102099,1.464218006289084,0.26825373075986,0.45315533255681995,0.8105086640581285
2004-11-20,Paris,Classic Cars,Shipped,49.0,100.0,7460.74,Paris,0.0,0.0,0.0,0.0,0.0,0.0,0.0,1.0,0.0,0.0,0.0,1.0,0.0,0.0,0.0,0.0,0.0,0.0,0.0,0.0,0.0,0.0,0.0,1.0,8.91754390996849,4.61512051684126,14.736931873780104,1.699750161173305,0.7447315744112115,1.464218006289084,0.7940070505259522,1.0,0.8105086640581285
2004-11-20,Paris,Classic Cars,Shipped,31.0,100.0,4618.69,Paris,0.0,0.0,0.0,0.0,0.0,0.0,0.0,1.0,0.0,0.0,0.0,1.0,0.0,0.0,0.0,0.0,0.0,0.0,0.0,0.0,0.0,0.0,0.0,1.0,8.438082882257408,4.61512051684126,11.009728365329204,0.7644799525133618,0.7447315744112115,-0.388150126800217,0.4509126645064573,1.0,0.30743432084963496
2004-11-20,Paris,Vintage Cars,Shipped,48.0,100.0,5778.24,Paris,0.0,0.0,0.0,0.0,0.0,0.0,0.0,1.0,0.0,0.0,0.0,0.0,0.0,0.0,0.0,0.0,0.0,1.0,0.0,0.0,0.0,0.0,0.0,1.0,8.66202746513186,4.61512051684126,14.546755227281093,1.2013219159846127,0.7447315744112115,1.3697028667658944,0.5908944013896598,1.0,0.7825600894354343
2004-11-20,Paris,Classic Cars,Shipped,33.0,57.22,1888.26,Paris,0.0,0.0,0.0,0.0,0.0,0.0,0.0,1.0,0.0,0.0,0.0,1.0,0.0,0.0,0.0,0.0,0.0,0.0,0.0,0.0,0.0,0.0,0.0,1.0,7.54394049699255,4.064228938317477,11.461717832632248,-0.9796967102503257,-1.1915595138534636,-0.16351766875873364,0.12129312775685427,0.36116835409013526,0.3633314700950231
2004-11-20,Paris,Classic Cars,Shipped,46.0,100.0,9167.099200000002,Paris,0.0,0.0,0.0,0.0,0.0,0.0,0.0,1.0,0.0,0.0,0.0,1.0,0.0,0.0,0.0,0.0,0.0,0.0,0.0,0.0,0.0,0.0,0.0,1.0,9.123485259140311,4.61512051684126,14.161377611660777,2.1014737580444667,0.7447315744112115,1.1781755694872693,1.0,1.0,0.7266629401900462
2004-11-20,Paris,Classic Cars,Shipped,33.0,100.0,4059.33,Paris,0.0,0.0,0.0,0.0,0.0,0.0,0.0,1.0,0.0,0.0,0.0,1.0,0.0,0.0,0.0,0.0,0.0,0.0,0.0,0.0,0.0,0.0,0.0,1.0,8.309019530080851,4.61512051684126,11.461717832632248,0.5127199525467786,0.7447315744112115,-0.16351766875873364,0.38338631002153817,1.0,0.3633314700950231
2004-11-21,NYC,Trains,Shipped,21.0,100.0,2296.77,NYC,0.0,0.0,0.0,1.0,0.0,0.0,0.0,0.0,0.0,0.0,0.0,0.0,0.0,0.0,0.0,1.0,0.0,0.0,0.0,0.0,0.0,0.0,0.0,1.0,7.739694366367458,4.61512051684126,8.539972716394377,-0.5978455238665492,0.7447315744112115,-1.6155842205467048,0.1706087582464037,1.0,0.027948574622694067
2004-11-21,NYC,Vintage Cars,Shipped,29.0,100.0,4498.19,NYC,0.0,0.0,0.0,1.0,0.0,0.0,0.0,0.0,0.0,0.0,0.0,0.0,0.0,0.0,0.0,0.0,0.0,1.0,0.0,0.0,0.0,0.0,0.0,1.0,8.411652659556466,4.61512051684126,10.54555133395328,0.7129233118861822,0.7447315744112115,-0.6188396341166861,0.4363658150437987,1.0,0.2515371716042467
2004-11-21,NYC,Ships,Shipped,36.0,71.89,2588.04,NYC,0.0,0.0,0.0,1.0,0.0,0.0,0.0,0.0,0.0,0.0,0.0,0.0,0.0,0.0,1.0,0.0,0.0,0.0,0.0,0.0,0.0,0.0,0.0,1.0,7.859042429612876,4.2889514553941215,12.119023021201402,-0.3650368458649574,-0.401697725960607,0.16315383770961095,0.20577108889361195,0.5802347459905026,0.4471771939631053
2004-11-21,NYC,Ships,Shipped,29.0,71.97,2087.13,NYC,0.0,0.0,0.0,1.0,0.0,0.0,0.0,0.0,0.0,0.0,0.0,0.0,0.0,0.0,1.0,0.0,0.0,0.0,0.0,0.0,0.0,0.0,0.0,1.0,7.644024207600821,4.290048397777529,10.54555133395328,-0.7844664256306878,-0.3978421582878845,-0.6188396341166861,0.14530086180365043,0.5814293820744856,0.2515371716042467
2004-11-21,NYC,Ships,Shipped,31.0,89.38,2770.78,NYC,0.0,0.0,0.0,1.0,0.0,0.0,0.0,0.0,0.0,0.0,0.0,0.0,0.0,0.0,1.0,0.0,0.0,0.0,0.0,0.0,0.0,0.0,0.0,1.0,7.927244992080854,4.504023003983134,11.009728365329204,-0.23199615820972064,0.3542425336239014,-0.388150126800217,0.2278315973650331,0.8414120598512678,0.30743432084963496
2004-11-21,NYC,Classic Cars,Shipped,36.0,100.0,5679.36,NYC,0.0,0.0,0.0,1.0,0.0,0.0,0.0,0.0,0.0,0.0,0.0,1.0,0.0,0.0,0.0,0.0,0.0,0.0,0.0,0.0,0.0,0.0,0.0,1.0,8.644769889988442,4.61512051684126,12.119023021201402,1.1676580831129337,0.7447315744112115,0.16315383770961095,0.5789575343783095,1.0,0.4471771939631053
2004-11-21,NYC,Ships,Shipped,42.0,97.16,4080.72,NYC,0.0,0.0,0.0,1.0,0.0,0.0,0.0,0.0,0.0,0.0,0.0,0.0,0.0,0.0,1.0,0.0,0.0,0.0,0.0,0.0,0.0,0.0,0.0,1.0,8.31427374719057,4.586598800402656,13.369046010543581,0.5229691958606962,0.6444825462629317,0.7843978201850537,0.3859685267020881,0.9575904190186064,0.6148686416992699
2004-11-21,NYC,Ships,Shipped,36.0,70.3,2530.8,NYC,0.0,0.0,0.0,1.0,0.0,0.0,0.0,0.0,0.0,0.0,0.0,0.0,0.0,0.0,1.0,0.0,0.0,0.0,0.0,0.0,0.0,0.0,0.0,1.0,7.836685791202728,4.26689632742025,12.119023021201402,-0.40864726811473645,-0.4792177850996133,0.16315383770961095,0.19886103359699303,0.5564913538213421,0.4471771939631053
2004-11-21,NYC,Classic Cars,Shipped,25.0,48.05,1201.25,NYC,0.0,0.0,0.0,1.0,0.0,0.0,0.0,0.0,0.0,0.0,0.0,1.0,0.0,0.0,0.0,0.0,0.0,0.0,0.0,0.0,0.0,0.0,0.0,1.0,7.091950080157772,3.892840186011372,9.57572149487329,-1.8613808243554089,-1.7939621038665288,-1.1008315308182302,0.03835677050091116,0.22423319296359345,0.13974287311347044
2004-11-22,Charleroi,Ships,Shipped,28.0,82.58,2312.24,Other,0.0,0.0,0.0,0.0,0.0,0.0,1.0,0.0,0.0,0.0,0.0,0.0,0.0,0.0,1.0,0.0,0.0,0.0,0.0,0.0,0.0,0.0,0.0,1.0,7.7464044181975,4.425804257019769,10.308532382015233,-0.5847564275427836,0.07931681577894428,-0.7366347457903012,0.17247630813177567,0.7398679927127199,0.22358859698155265
2004-11-22,Charleroi,Planes,Shipped,41.0,100.0,5624.79,Other,0.0,0.0,0.0,0.0,0.0,0.0,1.0,0.0,0.0,0.0,0.0,0.0,0.0,1.0,0.0,0.0,0.0,0.0,0.0,0.0,0.0,0.0,0.0,1.0,8.635116661655667,4.61512051684126,13.166125611826143,1.1488278208909184,0.7447315744112115,0.6835492136397722,0.5723698034639753,1.0,0.5869200670765757
2004-11-22,Charleroi,Vintage Cars,Shipped,45.0,100.0,5526.45,Other,0.0,0.0,0.0,0.0,0.0,0.0,1.0,0.0,0.0,0.0,0.0,0.0,0.0,0.0,0.0,0.0,0.0,1.0,0.0,0.0,0.0,0.0,0.0,1.0,8.617481867010001,4.61512051684126,13.966075138951927,1.1144281572797483,0.7447315744112115,1.0811129658652374,0.5604981256535366,1.0,0.6987143655673522
2004-11-23,Minato-ku,Vintage Cars,Shipped,29.0,99.69,2891.01,Other,0.0,0.0,0.0,0.0,0.0,0.0,1.0,0.0,0.0,0.0,0.0,0.0,0.0,0.0,0.0,0.0,0.0,1.0,0.0,0.0,0.0,0.0,0.0,1.0,7.9697070410873385,4.612046489927524,10.54555133395328,-0.14916671610884033,0.7339268876993494,-0.6188396341166861,0.2423458522272361,0.9953707851745661,0.2515371716042467
2004-11-23,Minato-ku,Classic Cars,Shipped,21.0,50.65,1063.65,Other,0.0,0.0,0.0,0.0,0.0,0.0,1.0,0.0,0.0,0.0,0.0,1.0,0.0,0.0,0.0,0.0,0.0,0.0,0.0,0.0,0.0,0.0,0.0,1.0,6.970401385632408,3.9444901955656477,8.539972716394377,-2.098482207618584,-1.6124210219049508,-1.6155842205467048,0.021745596342721663,0.26305886569303827,0.027948574622694067
2004-11-23,Minato-ku,Motorcycles,Shipped,39.0,76.67,2990.13,Other,0.0,0.0,0.0,0.0,0.0,0.0,1.0,0.0,0.0,0.0,0.0,0.0,1.0,0.0,0.0,0.0,0.0,0.0,0.0,0.0,0.0,0.0,0.0,1.0,8.003406521409934,4.352469082431556,12.754015005493859,-0.08343015323633525,-0.17844396791646552,0.4787359930181514,0.2543116922167691,0.651614252008482,0.5310229178311876
2004-11-23,Minato-ku,Planes,Shipped,55.0,100.0,6214.45,Other,0.0,0.0,0.0,0.0,0.0,0.0,1.0,0.0,0.0,0.0,0.0,0.0,0.0,1.0,0.0,0.0,0.0,0.0,0.0,0.0,0.0,0.0,0.0,1.0,8.734793406794298,4.61512051684126,15.845655989222639,1.3432642502069776,0.7447315744112115,2.015238420166876,0.6435539964444842,1.0,0.9782001117942931
2004-11-23,Minato-ku,Vintage Cars,Shipped,42.0,59.36,2493.12,Other,0.0,0.0,0.0,0.0,0.0,0.0,1.0,0.0,0.0,0.0,0.0,0.0,0.0,0.0,0.0,0.0,0.0,1.0,0.0,0.0,0.0,0.0,0.0,1.0,7.821691240559614,4.100326633899648,13.369046010543581,-0.4378966871461367,-1.0646821953619596,0.7843978201850537,0.19431227602227946,0.39312486933667834,0.6148686416992699
2004-11-23,Minato-ku,Motorcycles,Shipped,27.0,84.39,2278.53,Other,0.0,0.0,0.0,0.0,0.0,0.0,1.0,0.0,0.0,0.0,0.0,0.0,1.0,0.0,0.0,0.0,0.0,0.0,0.0,0.0,0.0,0.0,0.0,1.0,7.731724560347767,4.447228997919515,10.068010317854855,-0.6133919848054087,0.15462117055547367,-0.8561708553548468,0.16840681190450418,0.7668966341128334,0.19564002235885858
2004-11-23,Minato-ku,Motorcycles,Shipped,30.0,62.16,1864.8,Other,0.0,0.0,0.0,0.0,0.0,0.0,1.0,0.0,0.0,0.0,0.0,0.0,1.0,0.0,0.0,0.0,0.0,0.0,0.0,0.0,0.0,0.0,0.0,1.0,7.531445194526861,4.145671189387441,10.779232502977782,-1.0040709210180807,-0.9053037221465706,-0.5027033539745942,0.1184610191394769,0.43493713227608033,0.2794857462269409
2004-11-23,Minato-ku,Ships,Shipped,55.0,71.25,3918.75,Other,0.0,0.0,0.0,0.0,0.0,0.0,1.0,0.0,0.0,0.0,0.0,0.0,0.0,0.0,1.0,0.0,0.0,0.0,0.0,0.0,0.0,0.0,0.0,1.0,8.27378315524056,4.2801323269925415,15.845655989222639,0.44398541575527517,-0.43269547650891005,2.015238420166876,0.3664153880509111,0.5706776573186394,0.9782001117942931
2004-11-23,Minato-ku,Vintage Cars,Shipped,55.0,100.0,9167.099200000002,Other,0.0,0.0,0.0,0.0,0.0,0.0,1.0,0.0,0.0,0.0,0.0,0.0,0.0,0.0,0.0,0.0,0.0,1.0,0.0,0.0,0.0,0.0,0.0,1.0,9.123485259140311,4.61512051684126,15.845655989222639,2.1014737580444667,0.7447315744112115,2.015238420166876,1.0,1.0,0.9782001117942931
2004-11-23,Minato-ku,Planes,Shipped,50.0,57.86,2893.0,Other,0.0,0.0,0.0,0.0,0.0,0.0,1.0,0.0,0.0,0.0,0.0,0.0,0.0,1.0,0.0,0.0,0.0,0.0,0.0,0.0,0.0,0.0,0.0,1.0,7.970394907191429,4.075161742805327,14.925497315272617,-0.14782491638473275,-1.1531325479588483,1.5579323994073224,0.24258608650466917,0.3707254427619986,0.8384572386808227
2004-11-23,Minato-ku,Planes,Shipped,45.0,96.92,4361.4,Other,0.0,0.0,0.0,0.0,0.0,0.0,1.0,0.0,0.0,0.0,0.0,0.0,0.0,1.0,0.0,0.0,0.0,0.0,0.0,0.0,0.0,0.0,0.0,1.0,8.380777643611852,4.584150818764016,13.966075138951927,0.6526963467400195,0.6358783032214324,1.0811129658652374,0.41985242468697637,0.9540065107666578,0.6987143655673522
2004-11-23,Minato-ku,Planes,Shipped,27.0,76.31,2060.37,Other,0.0,0.0,0.0,0.0,0.0,0.0,1.0,0.0,0.0,0.0,0.0,0.0,0.0,1.0,0.0,0.0,0.0,0.0,0.0,0.0,0.0,0.0,0.0,1.0,7.631126089280532,4.347823313332383,10.068010317854855,-0.8096263971727462,-0.19477306361433225,-0.8561708553548468,0.14207037473625833,0.6462383896305588,0.19564002235885858
2004-11-23,Minato-ku,Motorcycles,Shipped,40.0,68.92,2756.8,Other,0.0,0.0,0.0,0.0,0.0,0.0,1.0,0.0,0.0,0.0,0.0,0.0,1.0,0.0,0.0,0.0,0.0,0.0,0.0,0.0,0.0,0.0,0.0,1.0,7.922188539407641,4.24735173134728,12.961139346341028,-0.24185962838441244,-0.5479137475632897,0.5816739001387327,0.22614392138587985,0.535883881372637,0.5589714924538818
2004-11-23,Minato-ku,Ships,Shipped,22.0,100.0,2816.44,Other,0.0,0.0,0.0,0.0,0.0,0.0,1.0,0.0,0.0,0.0,0.0,0.0,0.0,0.0,1.0,0.0,0.0,0.0,0.0,0.0,0.0,0.0,0.0,1.0,7.943583950212468,4.61512051684126,8.805943150564206,-0.20012424391880712,0.7447315744112115,-1.4834006262023,0.23334370646432767,1.0,0.055897149245388134
2004-11-23,Minato-ku,Ships,Shipped,50.0,74.35,3717.5,Other,0.0,0.0,0.0,0.0,0.0,0.0,1.0,0.0,0.0,0.0,0.0,0.0,0.0,0.0,1.0,0.0,0.0,0.0,0.0,0.0,0.0,0.0,0.0,1.0,8.221075640143354,4.3221439250725044,14.925497315272617,0.34117045104741217,-0.2850317870693779,1.5579323994073224,0.34212033863713465,0.6169698055729773,0.8384572386808227
2004-11-23,Minato-ku,Planes,Shipped,27.0,100.0,2810.7,Other,0.0,0.0,0.0,0.0,0.0,0.0,1.0,0.0,0.0,0.0,0.0,0.0,0.0,1.0,0.0,0.0,0.0,0.0,0.0,0.0,0.0,0.0,0.0,1.0,7.9415445616062375,4.61512051684126,10.068010317854855,-0.20410241794557582,0.7447315744112115,-0.8561708553548468,0.2326507694027869,1.0,0.19564002235885858
2004-11-24,Salzburg,Motorcycles,Shipped,31.0,71.02,2201.62,Other,0.0,0.0,0.0,0.0,0.0,0.0,1.0,0.0,0.0,0.0,0.0,0.0,1.0,0.0,0.0,0.0,0.0,0.0,0.0,0.0,0.0,0.0,0.0,1.0,7.697402839867591,4.276943858220729,11.009728365329204,-0.6803423328416329,-0.44390240707157014,-0.388150126800217,0.15912217960431257,0.5672430785771883,0.30743432084963496
2004-11-24,Barcelona,Vintage Cars,Shipped,39.0,59.16,2307.24,Other,0.0,0.0,0.0,0.0,0.0,0.0,1.0,0.0,0.0,0.0,0.0,0.0,0.0,0.0,0.0,0.0,0.0,1.0,0.0,0.0,0.0,0.0,0.0,1.0,7.744240608356988,4.097007679641584,12.754015005493859,-0.5889773063297349,-1.076347760425539,0.4787359930181514,0.17187270441963215,0.39013827912672094,0.5310229178311876
2004-11-24,Reims,Motorcycles,Shipped,29.0,100.0,3713.16,Other,0.0,0.0,0.0,0.0,0.0,0.0,1.0,0.0,0.0,0.0,0.0,0.0,1.0,0.0,0.0,0.0,0.0,0.0,0.0,0.0,0.0,0.0,0.0,1.0,8.219907821221666,4.61512051684126,10.54555133395328,0.3388924217949018,0.7447315744112115,-0.6188396341166861,0.3415964106149941,1.0,0.2515371716042467
2004-11-24,Barcelona,Motorcycles,Shipped,55.0,100.0,6482.85,Other,0.0,0.0,0.0,0.0,0.0,0.0,1.0,0.0,0.0,0.0,0.0,0.0,1.0,0.0,0.0,0.0,0.0,0.0,0.0,0.0,0.0,0.0,0.0,1.0,8.777069748719992,4.61512051684126,15.845655989222639,1.4257314390898441,0.7447315744112115,2.015238420166876,0.6759554437123481,1.0,0.9782001117942931
2004-11-24,Reims,Classic Cars,Shipped,44.0,84.88,3734.72,Other,0.0,0.0,0.0,0.0,0.0,0.0,1.0,0.0,0.0,0.0,0.0,1.0,0.0,0.0,0.0,0.0,0.0,0.0,0.0,0.0,0.0,0.0,0.0,1.0,8.225695850073297,4.45295097301058,13.768958087112637,0.35018295562126517,0.17473294900340555,0.9831485417366043,0.3441991498217569,0.7742137801272286,0.670765790944658
2004-11-24,Melbourne,Classic Cars,Shipped,25.0,66.74,1668.5,Melbourne,0.0,0.0,1.0,0.0,0.0,0.0,0.0,0.0,0.0,0.0,0.0,1.0,0.0,0.0,0.0,0.0,0.0,0.0,0.0,0.0,0.0,0.0,0.0,1.0,7.42027945938371,4.215676847389625,9.57572149487329,-1.220918577645185,-0.6592456283180727,-1.1008315308182302,0.09476353740072255,0.5033300480841023,0.13974287311347044
2004-11-24,Barcelona,Planes,Shipped,30.0,88.6,2658.0,Other,0.0,0.0,0.0,0.0,0.0,0.0,1.0,0.0,0.0,0.0,0.0,0.0,0.0,1.0,0.0,0.0,0.0,0.0,0.0,0.0,0.0,0.0,0.0,1.0,7.88570539124302,4.4953553199808844,10.779232502977782,-0.3130262084073829,0.32377708462498295,-0.5027033539745942,0.214216712033924,0.8297643580324343,0.2794857462269409
2004-11-24,Salzburg,Motorcycles,Shipped,32.0,100.0,3307.2,Other,0.0,0.0,0.0,0.0,0.0,0.0,1.0,0.0,0.0,0.0,0.0,0.0,1.0,0.0,0.0,0.0,0.0,0.0,0.0,0.0,0.0,0.0,0.0,1.0,8.10415951380812,4.61512051684126,11.237179911736995,0.11310567924460727,0.7447315744112115,-0.2751098821684491,0.2925886180186379,1.0,0.335382895472329
2004-11-24,Barcelona,Motorcycles,Shipped,55.0,79.98,4398.9,Other,0.0,0.0,0.0,0.0,0.0,0.0,1.0,0.0,0.0,0.0,0.0,0.0,1.0,0.0,0.0,0.0,0.0,0.0,0.0,0.0,0.0,0.0,0.0,1.0,8.389337092375357,4.394202210604015,15.845655989222639,0.6693930060478142,-0.0317590532872043,2.015238420166876,0.42437945252805276,0.7010423199832752,0.9782001117942931
2004-11-24,Reims,Classic Cars,Shipped,27.0,36.21,977.67,Other,0.0,0.0,0.0,0.0,0.0,0.0,1.0,0.0,0.0,0.0,0.0,1.0,0.0,0.0,0.0,0.0,0.0,0.0,0.0,0.0,0.0,0.0,0.0,1.0,6.8861945070550465,3.6165775423585313,10.068010317854855,-2.2627420334351434,-2.7649787535653076,-0.8561708553548468,0.011366026908701768,0.04742705253412183,0.19564002235885858
2004-11-24,Melbourne,Classic Cars,Shipped,38.0,100.0,6276.46,Melbourne,0.0,0.0,1.0,0.0,0.0,0.0,0.0,0.0,0.0,0.0,0.0,1.0,0.0,0.0,0.0,0.0,0.0,0.0,0.0,0.0,0.0,0.0,0.0,1.0,8.744720719048077,4.61512051684126,12.544675977743431,1.362629159691591,0.7447315744112115,0.3746974174111126,0.651039889682488,1.0,0.5030743432084936
2004-11-24,Barcelona,Planes,Shipped,55.0,87.75,4826.25,Other,0.0,0.0,0.0,0.0,0.0,0.0,1.0,0.0,0.0,0.0,0.0,0.0,0.0,1.0,0.0,0.0,0.0,0.0,0.0,0.0,0.0,0.0,0.0,1.0,8.482032226322648,4.485823428355525,15.845655989222639,0.8502106163602129,0.29027409142631116,2.015238420166876,0.4759694618049589,0.8170713496401159,0.9782001117942931
2004-11-24,Melbourne,Motorcycles,Shipped,26.0,55.95,1454.7,Melbourne,0.0,0.0,1.0,0.0,0.0,0.0,0.0,0.0,0.0,0.0,0.0,0.0,1.0,0.0,0.0,0.0,0.0,0.0,0.0,0.0,0.0,0.0,0.0,1.0,7.283242163570615,4.0421736898931915,9.823805373555334,-1.4882331096753858,-1.2690799963553827,-0.9775373049564378,0.0689534426694659,0.34220350625690654,0.1676914477361645
2004-11-24,Melbourne,Classic Cars,Shipped,55.0,100.0,6548.3,Melbourne,0.0,0.0,1.0,0.0,0.0,0.0,0.0,0.0,0.0,0.0,0.0,1.0,0.0,0.0,0.0,0.0,0.0,0.0,0.0,0.0,0.0,0.0,0.0,1.0,8.78711345268926,4.61512051684126,15.845655989222639,1.4453233903937919,0.7447315744112115,2.015238420166876,0.6838566163043067,1.0,0.9782001117942931
2004-11-24,Melbourne,Classic Cars,Shipped,30.0,100.0,5029.5,Melbourne,0.0,0.0,1.0,0.0,0.0,0.0,0.0,0.0,0.0,0.0,0.0,1.0,0.0,0.0,0.0,0.0,0.0,0.0,0.0,0.0,0.0,0.0,0.0,1.0,8.523274661732106,4.61512051684126,10.779232502977782,0.9306609948929428,0.7447315744112115,-0.5027033539745942,0.5005059527035928,1.0,0.2794857462269409
2004-11-24,Reims,Classic Cars,Shipped,25.0,52.32,1308.0,Other,0.0,0.0,0.0,0.0,0.0,0.0,1.0,0.0,0.0,0.0,0.0,1.0,0.0,0.0,0.0,0.0,0.0,0.0,0.0,0.0,0.0,0.0,0.0,1.0,7.1770187659099,3.976311495310508,9.57572149487329,-1.6954398971988356,-1.5005745143252165,-1.1008315308182302,0.05124370975517517,0.28799689394618166,0.13974287311347044
2004-11-24,Melbourne,Classic Cars,Shipped,39.0,40.4,1575.6,Melbourne,0.0,0.0,1.0,0.0,0.0,0.0,0.0,0.0,0.0,0.0,0.0,1.0,0.0,0.0,0.0,0.0,0.0,0.0,0.0,0.0,0.0,0.0,0.0,1.0,7.363025908625808,3.7232808808312687,12.754015005493859,-1.3326013574104103,-2.389934495443778,0.4787359930181514,0.08354858042909605,0.10999611743272708,0.5310229178311876
2004-11-24,Barcelona,Planes,Shipped,29.0,100.0,4094.51,Other,0.0,0.0,0.0,0.0,0.0,0.0,1.0,0.0,0.0,0.0,0.0,0.0,0.0,1.0,0.0,0.0,0.0,0.0,0.0,0.0,0.0,0.0,0.0,1.0,8.317646530656985,4.61512051684126,10.54555133395328,0.5295483831440865,0.7447315744112115,-0.6188396341166861,0.3876332657401799,1.0,0.2515371716042467
2004-11-24,Melbourne,Classic Cars,Shipped,35.050383351588174,100.0,3160.74,Melbourne,0.0,0.0,1.0,0.0,0.0,0.0,0.0,0.0,0.0,0.0,0.0,1.0,0.0,0.0,0.0,0.0,0.0,0.0,0.0,0.0,0.0,0.0,0.0,1.0,8.058877787949676,4.61512051684126,11.913498472712774,0.024775978300425706,0.7447315744112115,0.06101100506720186,0.27490785808253004,1.0,0.42063676220201485
2004-11-24,Melbourne,Classic Cars,Shipped,55.0,65.45,3599.75,Melbourne,0.0,0.0,1.0,0.0,0.0,0.0,0.0,0.0,0.0,0.0,0.0,1.0,0.0,0.0,0.0,0.0,0.0,0.0,0.0,0.0,0.0,0.0,0.0,1.0,8.18889743607916,4.196449785159254,15.845655989222639,0.2784013960251614,-0.7268255128208276,2.015238420166876,0.32790547121615493,0.4840665412298779,0.9782001117942931
2004-11-24,Reims,Classic Cars,Shipped,36.0,100.0,5848.92,Other,0.0,0.0,0.0,0.0,0.0,0.0,1.0,0.0,0.0,0.0,0.0,1.0,0.0,0.0,0.0,0.0,0.0,0.0,0.0,0.0,0.0,0.0,0.0,1.0,8.674183264918721,4.61512051684126,12.119023021201402,1.2250338690861198,0.7447315744112115,0.16315383770961095,0.5994269434645205,1.0,0.4471771939631053
2004-11-24,Melbourne,Classic Cars,Shipped,40.0,100.0,6454.4,Melbourne,0.0,0.0,1.0,0.0,0.0,0.0,0.0,0.0,0.0,0.0,0.0,1.0,0.0,0.0,0.0,0.0,0.0,0.0,0.0,0.0,0.0,0.0,0.0,1.0,8.772672268827918,4.61512051684126,12.961139346341028,1.4171534073030438,0.7447315744112115,0.5816739001387327,0.6725209385902514,1.0,0.5589714924538818
2004-11-24,Salzburg,Classic Cars,Shipped,55.0,75.2,4136.0,Other,0.0,0.0,0.0,0.0,0.0,0.0,1.0,0.0,0.0,0.0,0.0,1.0,0.0,0.0,0.0,0.0,0.0,0.0,0.0,0.0,0.0,0.0,0.0,1.0,8.327726166461412,4.333361462692601,15.845655989222639,0.5492104255983554,-0.2456040321847052,2.015238420166876,0.3926419693435468,0.6296628139652958,0.9782001117942931
2004-11-24,Salzburg,Classic Cars,Shipped,36.0,93.56,3368.16,Other,0.0,0.0,0.0,0.0,0.0,0.0,1.0,0.0,0.0,0.0,0.0,1.0,0.0,0.0,0.0,0.0,0.0,0.0,0.0,0.0,0.0,0.0,0.0,1.0,8.122418734116192,4.549234553657788,12.119023021201402,0.14872339121803582,0.5131535138139708,0.16315383770961095,0.2999477544770916,0.9038317952393753,0.4471771939631053
2004-11-24,Salzburg,Classic Cars,Shipped,44.0,95.93,4220.92,Other,0.0,0.0,0.0,0.0,0.0,0.0,1.0,0.0,0.0,0.0,0.0,1.0,0.0,0.0,0.0,0.0,0.0,0.0,0.0,0.0,0.0,0.0,0.0,1.0,8.34804527986304,4.573989068504517,13.768958087112637,0.5888463090853809,0.6001614630378066,0.9831485417366043,0.4028935747905923,0.9392228892273691,0.670765790944658
2004-11-24,Salzburg,Motorcycles,Shipped,55.0,100.0,8118.55,Other,0.0,0.0,0.0,0.0,0.0,0.0,1.0,0.0,0.0,0.0,0.0,0.0,1.0,0.0,0.0,0.0,0.0,0.0,0.0,0.0,0.0,0.0,0.0,1.0,9.002030012900837,4.61512051684126,15.845655989222639,1.8645546615424502,0.7447315744112115,2.015238420166876,0.8734183621029773,1.0,0.9782001117942931
2004-11-24,Salzburg,Classic Cars,Shipped,45.0,79.65,3584.25,Other,0.0,0.0,0.0,0.0,0.0,0.0,1.0,0.0,0.0,0.0,0.0,1.0,0.0,0.0,0.0,0.0,0.0,0.0,0.0,0.0,0.0,0.0,0.0,1.0,8.184583485609322,4.390118804571218,13.966075138951927,0.26998630257046446,-0.04611153754964094,1.0811129658652374,0.32603429970851,0.6961144461368456,0.6987143655673522
2004-11-24,Salzburg,Motorcycles,Shipped,41.0,100.0,7737.93,Other,0.0,0.0,0.0,0.0,0.0,0.0,1.0,0.0,0.0,0.0,0.0,0.0,1.0,0.0,0.0,0.0,0.0,0.0,0.0,0.0,0.0,0.0,0.0,1.0,8.954018714133287,4.61512051684126,13.166125611826143,1.7709004648067361,0.7447315744112115,0.6835492136397722,0.8274696331197644,1.0,0.5869200670765757
2004-11-24,Salzburg,Planes,Shipped,34.0,100.0,3644.12,Other,0.0,0.0,0.0,0.0,0.0,0.0,1.0,0.0,0.0,0.0,0.0,0.0,0.0,1.0,0.0,0.0,0.0,0.0,0.0,0.0,0.0,0.0,0.0,1.0,8.201144565711548,4.61512051684126,11.683463549954297,0.3022915035099179,0.7447315744112115,-0.05331314156158311,0.33326185055771645,1.0,0.39128004471771716
2004-11-24,Melbourne,Classic Cars,Shipped,48.0,62.45,2997.6,Melbourne,0.0,0.0,1.0,0.0,0.0,0.0,0.0,0.0,0.0,0.0,0.0,1.0,0.0,0.0,0.0,0.0,0.0,0.0,0.0,0.0,0.0,0.0,0.0,1.0,8.005900792060803,4.150252194160397,14.546755227281093,-0.07856465448406001,-0.889202262144328,1.3697028667658944,0.2552134761627115,0.4392676880805185,0.7825600894354343
2004-11-24,Barcelona,Vintage Cars,Shipped,40.0,50.62,2024.8,Other,0.0,0.0,0.0,0.0,0.0,0.0,1.0,0.0,0.0,0.0,0.0,0.0,0.0,0.0,0.0,0.0,0.0,1.0,0.0,0.0,0.0,0.0,0.0,1.0,7.613719963252697,3.943909194290468,12.961139346341028,-0.8435800037875154,-1.6144631435042969,0.5816739001387327,0.13777633792806937,0.26261087716154463,0.5589714924538818
2004-11-24,Reims,Classic Cars,Shipped,30.0,100.0,3098.7,Other,0.0,0.0,0.0,0.0,0.0,0.0,1.0,0.0,0.0,0.0,0.0,1.0,0.0,0.0,0.0,0.0,0.0,0.0,0.0,0.0,0.0,0.0,0.0,1.0,8.039060611596765,4.61512051684126,10.779232502977782,-0.013880791679649325,0.7447315744112115,-0.5027033539745942,0.26741834322225333,1.0,0.2794857462269409
2004-11-24,Salzburg,Motorcycles,Shipped,38.0,100.0,4682.36,Other,0.0,0.0,0.0,0.0,0.0,0.0,1.0,0.0,0.0,0.0,0.0,0.0,1.0,0.0,0.0,0.0,0.0,0.0,0.0,0.0,0.0,0.0,0.0,1.0,8.451771080027749,4.61512051684126,12.544675977743431,0.7911811082797895,0.7447315744112115,0.3746974174111126,0.4585989541768929,1.0,0.5030743432084936
2004-11-24,Melbourne,Classic Cars,Shipped,42.0,100.0,5013.54,Melbourne,0.0,0.0,1.0,0.0,0.0,0.0,0.0,0.0,0.0,0.0,0.0,1.0,0.0,0.0,0.0,0.0,0.0,0.0,0.0,0.0,0.0,0.0,0.0,1.0,8.520096971363534,4.61512051684126,13.369046010543581,0.9244623698487776,0.7447315744112115,0.7843978201850537,0.4985792496544307,1.0,0.6148686416992699
2004-11-24,Barcelona,Planes,Shipped,40.0,84.77,3390.8,Other,0.0,0.0,0.0,0.0,0.0,0.0,1.0,0.0,0.0,0.0,0.0,0.0,0.0,1.0,0.0,0.0,0.0,0.0,0.0,0.0,0.0,0.0,0.0,1.0,8.1291160329093,4.45166929500233,12.961139346341028,0.16178761057615848,0.17022806673228855,0.5816739001387327,0.30268087208567745,0.7725711555117523,0.5589714924538818
2004-11-25,Marseille,Vintage Cars,Shipped,20.0,35.18,883.5186,Other,0.0,0.0,0.0,0.0,0.0,0.0,1.0,0.0,0.0,0.0,0.0,0.0,0.0,0.0,0.0,0.0,0.0,1.0,0.0,0.0,0.0,0.0,0.0,1.0,6.785043542208585,3.588506479967149,8.268807419728406,-2.4600541788033214,-2.863643808660553,-1.7503495890608907,0.0,0.032046112952841765,0.0
2004-11-25,Marseille,Classic Cars,Shipped,29.0,59.53,1726.37,Other,0.0,0.0,0.0,0.0,0.0,0.0,1.0,0.0,0.0,0.0,0.0,1.0,0.0,0.0,0.0,0.0,0.0,0.0,0.0,0.0,0.0,0.0,0.0,1.0,7.454355299554006,4.103139109903596,10.54555133395328,-1.1544478609354618,-1.0547968160337886,-0.6188396341166861,0.10174964676507156,0.395663471015142,0.2515371716042467
2004-11-25,Nantes,Vintage Cars,Shipped,43.0,53.76,2311.68,Nantes,0.0,0.0,0.0,0.0,1.0,0.0,0.0,0.0,0.0,0.0,0.0,0.0,0.0,0.0,0.0,0.0,0.0,1.0,0.0,0.0,0.0,0.0,0.0,1.0,7.74616230419521,4.002960000420248,13.569968697266269,-0.5852287120463266,-1.4069095084127383,0.8842535917456676,0.17240870451601564,0.30950034345787414,0.6428172163219641
2004-11-25,Marseille,Classic Cars,Shipped,26.0,63.43,1649.18,Other,0.0,0.0,0.0,0.0,0.0,0.0,1.0,0.0,0.0,0.0,0.0,1.0,0.0,0.0,0.0,0.0,0.0,0.0,0.0,0.0,0.0,0.0,0.0,1.0,7.408639651853736,4.1655793631505516,9.823805373555334,-1.2436240001678258,-0.8353298453550024,-0.9775373049564378,0.09243121265700002,0.45390198010930916,0.1676914477361645
2004-11-25,Marseille,Vintage Cars,Shipped,40.0,56.91,2276.4,Other,0.0,0.0,0.0,0.0,0.0,0.0,1.0,0.0,0.0,0.0,0.0,0.0,0.0,0.0,0.0,0.0,0.0,1.0,0.0,0.0,0.0,0.0,0.0,1.0,7.730789720376505,4.058890081237698,12.961139346341028,-0.6152155490253416,-1.2103246970366879,0.5816739001387327,0.16814967672313103,0.3565391392647015,0.5589714924538818
2004-11-25,Marseille,Vintage Cars,Shipped,21.0,100.0,2203.11,Other,0.0,0.0,0.0,0.0,0.0,0.0,1.0,0.0,0.0,0.0,0.0,0.0,0.0,0.0,0.0,0.0,0.0,1.0,0.0,0.0,0.0,0.0,0.0,1.0,7.698079078283278,4.61512051684126,8.539972716394377,-0.6790232148996319,0.7447315744112115,-1.6155842205467048,0.1593020535105314,1.0,0.027948574622694067
2004-11-25,Marseille,Vintage Cars,Shipped,45.0,100.0,7650.0,Other,0.0,0.0,0.0,0.0,0.0,0.0,1.0,0.0,0.0,0.0,0.0,0.0,0.0,0.0,0.0,0.0,0.0,1.0,0.0,0.0,0.0,0.0,0.0,1.0,8.942591637231851,4.61512051684126,13.966075138951927,1.7486100095240615,0.7447315744112115,1.0811129658652374,0.8168546582380085,1.0,0.6987143655673522
2004-11-25,Marseille,Vintage Cars,Shipped,30.0,100.0,3928.2,Other,0.0,0.0,0.0,0.0,0.0,0.0,1.0,0.0,0.0,0.0,0.0,0.0,0.0,0.0,0.0,0.0,0.0,1.0,0.0,0.0,0.0,0.0,0.0,1.0,8.276191121800714,4.61512051684126,10.779232502977782,0.44868256371308346,0.7447315744112115,-0.5027033539745942,0.3675561990668623,1.0,0.2794857462269409
2004-11-29,Melbourne,Classic Cars,Shipped,30.0,100.0,3944.7,Melbourne,0.0,0.0,1.0,0.0,0.0,0.0,0.0,0.0,0.0,0.0,0.0,1.0,0.0,0.0,0.0,0.0,0.0,0.0,0.0,0.0,0.0,0.0,0.0,1.0,8.280381657336607,4.61512051684126,10.779232502977782,0.4568569153674013,0.7447315744112115,-0.5027033539745942,0.36954809131693594,1.0,0.2794857462269409
2004-11-29,Melbourne,Vintage Cars,Shipped,21.0,58.95,1237.95,Melbourne,0.0,0.0,1.0,0.0,0.0,0.0,0.0,0.0,0.0,0.0,0.0,0.0,0.0,0.0,0.0,0.0,0.0,1.0,0.0,0.0,0.0,0.0,0.0,1.0,7.122019525689752,4.093510881473524,8.539972716394377,-1.8027252611884883,-1.0886384168708958,-1.6155842205467048,0.04278722174804456,0.38700235940626593,0.027948574622694067
2004-11-29,Melbourne,Trucks and Buses,Shipped,29.0,100.0,3586.43,Melbourne,0.0,0.0,1.0,0.0,0.0,0.0,0.0,0.0,0.0,0.0,0.0,0.0,0.0,0.0,0.0,0.0,1.0,0.0,0.0,0.0,0.0,0.0,0.0,1.0,8.18519134768239,4.61512051684126,10.54555133395328,0.27117204083709373,0.7447315744112115,-0.6188396341166861,0.32629747092700456,1.0,0.2515371716042467
2004-11-29,Las Vegas,Vintage Cars,Shipped,22.0,97.44,2143.68,Other,0.0,0.0,0.0,0.0,0.0,0.0,1.0,0.0,0.0,0.0,0.0,0.0,0.0,0.0,0.0,0.0,0.0,1.0,0.0,0.0,0.0,0.0,0.0,1.0,7.670745636083871,4.589447225522855,8.805943150564206,-0.732341738641334,0.6544942806782795,-1.4834006262023,0.15212761978799355,0.9617716453125467,0.055897149245388134
2004-11-29,Melbourne,Trucks and Buses,Shipped,42.0,49.6,2083.2,Melbourne,0.0,0.0,1.0,0.0,0.0,0.0,0.0,0.0,0.0,0.0,0.0,0.0,0.0,0.0,0.0,0.0,1.0,0.0,0.0,0.0,0.0,0.0,0.0,1.0,7.642140367558327,3.92395157629342,13.369046010543581,-0.7881411757517481,-1.6846108084481464,0.7843978201850537,0.1448264292859056,0.24737926709076252,0.6148686416992699
2004-11-29,Melbourne,Vintage Cars,Shipped,34.0,64.96,2208.64,Melbourne,0.0,0.0,1.0,0.0,0.0,0.0,0.0,0.0,0.0,0.0,0.0,0.0,0.0,0.0,0.0,0.0,0.0,1.0,0.0,0.0,0.0,0.0,0.0,1.0,7.700584885315214,4.189048497691398,11.683463549954297,-0.6741352124757263,-0.7528397913547238,-0.05331314156158311,0.15996963921616209,0.47674939521548243,0.39128004471771716
2004-11-29,Las Vegas,Vintage Cars,Shipped,35.050383351588174,36.11,1516.62,Other,0.0,0.0,0.0,0.0,0.0,0.0,1.0,0.0,0.0,0.0,0.0,0.0,0.0,0.0,0.0,0.0,0.0,1.0,0.0,0.0,0.0,0.0,0.0,1.0,7.324898597237182,3.613886475072506,11.913498472712774,-1.40697515719205,-2.774437401704047,0.06101100506720186,0.07642847104065115,0.045933757429143185,0.42063676220201485
2004-11-29,Melbourne,Vintage Cars,Shipped,48.0,100.0,4814.4,Melbourne,0.0,0.0,1.0,0.0,0.0,0.0,0.0,0.0,0.0,0.0,0.0,0.0,0.0,0.0,0.0,0.0,0.0,1.0,0.0,0.0,0.0,0.0,0.0,1.0,8.479574394509727,4.61512051684126,14.546755227281093,0.8454161977533551,0.7447315744112115,1.3697028667658944,0.47453892100717876,1.0,0.7825600894354343
2004-11-29,Melbourne,Classic Cars,Shipped,27.0,100.0,4428.0,Melbourne,0.0,0.0,1.0,0.0,0.0,0.0,0.0,0.0,0.0,0.0,0.0,1.0,0.0,0.0,0.0,0.0,0.0,0.0,0.0,0.0,0.0,0.0,0.0,1.0,8.395929103923198,4.61512051684126,10.068010317854855,0.682251844742736,0.7447315744112115,-0.8561708553548468,0.42789242613272804,1.0,0.19564002235885858
2004-11-29,Melbourne,Trucks and Buses,Shipped,45.0,100.0,5884.65,Melbourne,0.0,0.0,1.0,0.0,0.0,0.0,0.0,0.0,0.0,0.0,0.0,0.0,0.0,0.0,0.0,0.0,1.0,0.0,0.0,0.0,0.0,0.0,0.0,1.0,8.680272463892559,4.61512051684126,13.966075138951927,1.2369118864132442,0.7447315744112115,1.0811129658652374,0.603740295591498,1.0,0.6987143655673522
2004-11-29,Melbourne,Trucks and Buses,Shipped,50.0,100.0,6834.5,Melbourne,0.0,0.0,1.0,0.0,0.0,0.0,0.0,0.0,0.0,0.0,0.0,0.0,0.0,0.0,0.0,0.0,1.0,0.0,0.0,0.0,0.0,0.0,0.0,1.0,8.829884899372047,4.61512051684126,14.925497315272617,1.5287563652377931,0.7447315744112115,1.5579323994073224,0.7184068927874014,1.0,0.8384572386808227
2004-11-29,Las Vegas,Classic Cars,Shipped,25.0,100.0,2876.75,Other,0.0,0.0,0.0,0.0,0.0,0.0,1.0,0.0,0.0,0.0,0.0,1.0,0.0,0.0,0.0,0.0,0.0,0.0,0.0,0.0,0.0,0.0,0.0,1.0,7.964764017795171,4.61512051684126,9.57572149487329,-0.15880892300091334,0.7447315744112115,-1.1008315308182302,0.24062437444020274,1.0,0.13974287311347044
2004-11-29,Las Vegas,Classic Cars,Shipped,26.0,95.88,2492.88,Other,0.0,0.0,0.0,0.0,0.0,0.0,1.0,0.0,0.0,0.0,0.0,1.0,0.0,0.0,0.0,0.0,0.0,0.0,0.0,0.0,0.0,0.0,0.0,1.0,7.82159500960525,4.573473099244837,9.823805373555334,-0.43808440197500903,0.5983479180168182,-0.9775373049564378,0.19428330304409663,0.9384762416748798,0.1676914477361645
2004-11-29,Las Vegas,Classic Cars,Shipped,24.0,87.24,2093.76,Other,0.0,0.0,0.0,0.0,0.0,0.0,1.0,0.0,0.0,0.0,0.0,1.0,0.0,0.0,0.0,0.0,0.0,0.0,0.0,0.0,0.0,0.0,0.0,1.0,7.647194267321361,4.480060374945247,9.323544176118064,-0.7782826854621733,0.27001792960692556,-1.226160139275199,0.14610124032595273,0.8094555446047247,0.11179429849077627
2004-11-29,Melbourne,Vintage Cars,Shipped,21.0,100.0,4815.3,Melbourne,0.0,0.0,1.0,0.0,0.0,0.0,0.0,0.0,0.0,0.0,0.0,0.0,0.0,0.0,0.0,0.0,0.0,1.0,0.0,0.0,0.0,0.0,0.0,1.0,8.479761277407373,4.61512051684126,8.539972716394377,0.8457807446019502,0.7447315744112115,-1.6155842205467048,0.4746475696753647,1.0,0.027948574622694067
2004-11-29,Melbourne,Vintage Cars,Shipped,26.0,100.0,2656.94,Melbourne,0.0,0.0,1.0,0.0,0.0,0.0,0.0,0.0,0.0,0.0,0.0,0.0,0.0,0.0,0.0,0.0,0.0,1.0,0.0,0.0,0.0,0.0,0.0,1.0,7.885306665654977,4.61512051684126,9.823805373555334,-0.31380399042171464,0.7447315744112115,-0.9775373049564378,0.2140887480469496,1.0,0.1676914477361645
2004-11-29,Las Vegas,Classic Cars,Shipped,24.0,100.0,3325.92,Other,0.0,0.0,0.0,0.0,0.0,0.0,1.0,0.0,0.0,0.0,0.0,1.0,0.0,0.0,0.0,0.0,0.0,0.0,0.0,0.0,0.0,0.0,0.0,1.0,8.10980223004257,4.61512051684126,9.323544176118064,0.12411275611839757,0.7447315744112115,-1.226160139275199,0.29484851031690323,1.0,0.11179429849077627
2004-11-29,Melbourne,Vintage Cars,Shipped,45.0,100.0,4948.2,Melbourne,0.0,0.0,1.0,0.0,0.0,0.0,0.0,0.0,0.0,0.0,0.0,0.0,0.0,0.0,0.0,0.0,0.0,1.0,0.0,0.0,0.0,0.0,0.0,1.0,8.506981226339821,4.61512051684126,13.966075138951927,0.8988778804407034,0.7447315744112115,1.0811129658652374,0.4906913563441392,1.0,0.6987143655673522
2004-12-01,NYC,Classic Cars,Shipped,34.0,100.0,4394.84,NYC,0.0,0.0,0.0,1.0,0.0,0.0,0.0,0.0,0.0,0.0,0.0,1.0,0.0,0.0,0.0,0.0,0.0,0.0,0.0,0.0,0.0,0.0,0.0,1.0,8.388413918136841,4.61512051684126,11.683463549954297,0.667592197821945,0.7447315744112115,-0.05331314156158311,0.4238893263137923,1.0,0.39128004471771716
2004-12-01,NYC,Classic Cars,Shipped,26.0,100.0,4408.56,NYC,0.0,0.0,0.0,1.0,0.0,0.0,0.0,0.0,0.0,0.0,0.0,1.0,0.0,0.0,0.0,0.0,0.0,0.0,0.0,0.0,0.0,0.0,0.0,1.0,8.39153019022058,4.61512051684126,9.823805373555334,0.6736710160648242,0.7447315744112115,-0.9775373049564378,0.42554561489991405,1.0,0.1676914477361645
2004-12-01,NYC,Classic Cars,Shipped,48.0,100.0,7396.8,NYC,0.0,0.0,0.0,1.0,0.0,0.0,0.0,0.0,0.0,0.0,0.0,1.0,0.0,0.0,0.0,0.0,0.0,0.0,0.0,0.0,0.0,0.0,0.0,1.0,8.908937937693361,4.61512051684126,14.546755227281093,1.6829627498504147,0.7447315744112115,1.3697028667658944,0.786288166255061,1.0,0.7825600894354343
2004-12-01,NYC,Trucks and Buses,Shipped,33.0,46.53,1535.49,NYC,0.0,0.0,0.0,1.0,0.0,0.0,0.0,0.0,0.0,0.0,0.0,0.0,0.0,0.0,0.0,0.0,1.0,0.0,0.0,0.0,0.0,0.0,0.0,1.0,7.33725587325128,3.861361090625918,11.461717832632248,-1.3828701904727554,-1.9046058207750771,-0.16351766875873364,0.07870647145028078,0.20153510736791813,0.3633314700950231
2004-12-01,NYC,Classic Cars,Shipped,48.0,47.4,2275.2,NYC,0.0,0.0,0.0,1.0,0.0,0.0,0.0,0.0,0.0,0.0,0.0,1.0,0.0,0.0,0.0,0.0,0.0,0.0,0.0,0.0,0.0,0.0,0.0,1.0,7.730262664847789,3.879499813722586,14.546755227281093,-0.616243660395875,-1.840851264971748,1.3697028667658944,0.16800481183221655,0.21452677478123228,0.7825600894354343
2004-12-01,NYC,Trucks and Buses,Shipped,38.0,100.0,5223.48,NYC,0.0,0.0,0.0,1.0,0.0,0.0,0.0,0.0,0.0,0.0,0.0,0.0,0.0,0.0,0.0,0.0,1.0,0.0,0.0,0.0,0.0,0.0,0.0,1.0,8.561110550349316,4.61512051684126,12.544675977743431,1.0044663250378896,0.7447315744112115,0.3746974174111126,0.5239233623199125,1.0,0.5030743432084936
2004-12-01,NYC,Trucks and Buses,Shipped,48.0,100.0,5232.96,NYC,0.0,0.0,0.0,1.0,0.0,0.0,0.0,0.0,0.0,0.0,0.0,0.0,0.0,0.0,0.0,0.0,1.0,0.0,0.0,0.0,0.0,0.0,0.0,1.0,8.562923440722333,4.61512051684126,14.546755227281093,1.0080026757722629,0.7447315744112115,1.3697028667658944,0.5250677949581367,1.0,0.7825600894354343
2004-12-01,NYC,Classic Cars,Shipped,38.0,100.0,6719.54,NYC,0.0,0.0,0.0,1.0,0.0,0.0,0.0,0.0,0.0,0.0,0.0,1.0,0.0,0.0,0.0,0.0,0.0,0.0,0.0,0.0,0.0,0.0,0.0,1.0,8.81292378743159,4.61512051684126,12.544675977743431,1.495670834221047,0.7447315744112115,0.3746974174111126,0.7045288362377977,1.0,0.5030743432084936
2004-12-01,NYC,Classic Cars,Shipped,23.0,100.0,3182.97,NYC,0.0,0.0,0.0,1.0,0.0,0.0,0.0,0.0,0.0,0.0,0.0,1.0,0.0,0.0,0.0,0.0,0.0,0.0,0.0,0.0,0.0,0.0,0.0,1.0,8.065884124809333,4.61512051684126,9.067037908070397,0.038443028921737156,0.7447315744112115,-1.353640175122944,0.2775914801867201,1.0,0.0838457238680822
2004-12-01,NYC,Classic Cars,Shipped,36.0,37.13,1336.68,NYC,0.0,0.0,0.0,1.0,0.0,0.0,0.0,0.0,0.0,0.0,0.0,1.0,0.0,0.0,0.0,0.0,0.0,0.0,0.0,0.0,0.0,0.0,0.0,1.0,7.198692049154413,3.6410013738694724,12.119023021201402,-1.6531624753211676,-2.6791331005556174,0.16315383770961095,0.054705980648030395,0.061165367499925405,0.4471771939631053
2004-12-02,Madrid,Ships,Shipped,20.0,100.0,2244.4,Madrid,1.0,0.0,0.0,0.0,0.0,0.0,0.0,0.0,0.0,0.0,0.0,0.0,0.0,0.0,1.0,0.0,0.0,0.0,0.0,0.0,0.0,0.0,0.0,1.0,7.716638958024679,4.61512051684126,8.268807419728406,-0.6428190156108775,0.7447315744112115,-1.7503495890608907,0.16428661296541253,1.0,0.0
2004-12-02,Madrid,Vintage Cars,Shipped,30.0,100.0,3021.0,Madrid,1.0,0.0,0.0,0.0,0.0,0.0,0.0,0.0,0.0,0.0,0.0,0.0,0.0,0.0,0.0,0.0,0.0,1.0,0.0,0.0,0.0,0.0,0.0,1.0,8.013674142832684,4.61512051684126,10.779232502977782,-0.0634014128894061,0.7447315744112115,-0.5027033539745942,0.2580383415355431,1.0,0.2794857462269409
2004-12-02,Madrid,Ships,Shipped,46.0,76.67,3526.82,Madrid,1.0,0.0,0.0,0.0,0.0,0.0,0.0,0.0,0.0,0.0,0.0,0.0,0.0,0.0,1.0,0.0,0.0,0.0,0.0,0.0,0.0,0.0,0.0,1.0,8.168435395416934,4.352469082431556,14.161377611660777,0.23848670862892066,-0.17844396791646552,1.1781755694872693,0.3191013074708296,0.651614252008482,0.7266629401900462
2004-12-02,Madrid,Trucks and Buses,Shipped,31.0,71.4,2213.4,Madrid,1.0,0.0,0.0,0.0,0.0,0.0,0.0,0.0,0.0,0.0,0.0,0.0,0.0,0.0,0.0,0.0,1.0,0.0,0.0,0.0,0.0,0.0,0.0,1.0,7.70273676542335,4.282206299391671,11.009728365329204,-0.6699376046589749,-0.42540581293390617,-0.388150126800217,0.16054426995012272,0.5729175999761074,0.30743432084963496
2004-12-02,Madrid,Vintage Cars,Shipped,30.0,100.0,3023.1,Madrid,1.0,0.0,0.0,0.0,0.0,0.0,0.0,0.0,0.0,0.0,0.0,0.0,0.0,0.0,0.0,0.0,0.0,1.0,0.0,0.0,0.0,0.0,0.0,1.0,8.014368805535732,4.61512051684126,10.779232502977782,-0.062046355244097684,0.7447315744112115,-0.5027033539745942,0.2582918550946434,1.0,0.2794857462269409
2004-12-02,Madrid,Classic Cars,Shipped,26.0,75.47,1962.22,Madrid,1.0,0.0,0.0,0.0,0.0,0.0,0.0,0.0,0.0,0.0,0.0,1.0,0.0,0.0,0.0,0.0,0.0,0.0,0.0,0.0,0.0,0.0,0.0,1.0,7.582341261353818,4.336898507056134,9.823805373555334,-0.9047894939780862,-0.23317191714265248,-0.9775373049564378,0.13022163386688115,0.6336947107487381,0.1676914477361645
2004-12-02,Madrid,Ships,Shipped,28.0,100.0,2924.32,Madrid,1.0,0.0,0.0,0.0,0.0,0.0,0.0,0.0,0.0,0.0,0.0,0.0,0.0,0.0,1.0,0.0,0.0,0.0,0.0,0.0,0.0,0.0,0.0,1.0,7.981159155391428,4.61512051684126,10.308532382015233,-0.12682742111772136,0.7447315744112115,-0.7366347457903012,0.24636706015753618,1.0,0.22358859698155265
2004-12-02,Madrid,Trains,Shipped,27.0,100.0,4406.4,Madrid,1.0,0.0,0.0,0.0,0.0,0.0,0.0,0.0,0.0,0.0,0.0,0.0,0.0,0.0,0.0,1.0,0.0,0.0,0.0,0.0,0.0,0.0,0.0,1.0,8.391040225415656,4.61512051684126,10.068010317854855,0.6727152564538191,0.7447315744112115,-0.8561708553548468,0.42528485809626804,1.0,0.19564002235885858
2004-12-02,Madrid,Ships,Shipped,25.0,100.0,2854.75,Madrid,1.0,0.0,0.0,0.0,0.0,0.0,0.0,0.0,0.0,0.0,0.0,0.0,0.0,0.0,1.0,0.0,0.0,0.0,0.0,0.0,0.0,0.0,0.0,1.0,7.957089784614056,4.61512051684126,9.57572149487329,-0.17377881889187113,0.7447315744112115,-1.1008315308182302,0.23796851810677128,1.0,0.13974287311347044
2004-12-02,Madrid,Trains,Shipped,44.0,100.0,6490.88,Madrid,1.0,0.0,0.0,0.0,0.0,0.0,0.0,0.0,0.0,0.0,0.0,0.0,0.0,0.0,0.0,1.0,0.0,0.0,0.0,0.0,0.0,0.0,0.0,1.0,8.77830744417529,4.61512051684126,13.768958087112637,1.4281457743951778,0.7447315744112115,0.9831485417366043,0.6769248312740506,1.0,0.670765790944658
2004-12-02,Madrid,Trains,Shipped,41.0,93.04,3814.64,Madrid,1.0,0.0,0.0,0.0,0.0,0.0,0.0,0.0,0.0,0.0,0.0,0.0,0.0,0.0,0.0,1.0,0.0,0.0,0.0,0.0,0.0,0.0,0.0,1.0,8.246863688495273,4.543720223671869,13.166125611826143,0.3914744214830763,0.49377157292807433,0.6835492136397722,0.35384715155665886,0.8960666606934864,0.5869200670765757
2004-12-02,Madrid,Ships,Shipped,31.0,77.34,2397.54,Madrid,1.0,0.0,0.0,0.0,0.0,0.0,0.0,0.0,0.0,0.0,0.0,0.0,0.0,0.0,1.0,0.0,0.0,0.0,0.0,0.0,0.0,0.0,0.0,1.0,7.782615497892905,4.361058328237685,11.009728365329204,-0.5141205633012131,-0.14825421596220825,-0.388150126800217,0.18277378746094408,0.6616193292118389,0.30743432084963496
2004-12-02,Madrid,Ships,Shipped,34.0,50.33,1711.22,Madrid,1.0,0.0,0.0,0.0,0.0,0.0,0.0,0.0,0.0,0.0,0.0,0.0,0.0,0.0,1.0,0.0,0.0,0.0,0.0,0.0,0.0,0.0,0.0,1.0,7.445546053118567,3.9382753765722116,11.683463549954297,-1.1716317930501174,-1.6342650636389249,-0.05331314156158311,0.09992072751727674,0.25828032135710655,0.39128004471771716
2004-12-02,Madrid,Vintage Cars,Shipped,44.0,100.0,5191.12,Madrid,1.0,0.0,0.0,0.0,0.0,0.0,0.0,0.0,0.0,0.0,0.0,0.0,0.0,0.0,0.0,0.0,0.0,1.0,0.0,0.0,0.0,0.0,0.0,1.0,8.554897370597576,4.61512051684126,13.768958087112637,0.9923464621355959,0.7447315744112115,0.9831485417366043,0.5200168390949197,1.0,0.670765790944658
2004-12-02,Madrid,Ships,Shipped,43.0,64.97,2793.71,Madrid,1.0,0.0,0.0,0.0,0.0,0.0,0.0,0.0,0.0,0.0,0.0,0.0,0.0,0.0,1.0,0.0,0.0,0.0,0.0,0.0,0.0,0.0,0.0,1.0,7.935483623497692,4.1892000932347795,13.569968697266269,-0.21592530765261986,-0.7523069585594633,0.8842535917456676,0.23059972398892326,0.4768987247259804,0.6428172163219641
2004-12-02,Madrid,Vintage Cars,Shipped,25.0,60.34,1508.5,Madrid,1.0,0.0,0.0,0.0,0.0,0.0,0.0,0.0,0.0,0.0,0.0,0.0,0.0,0.0,0.0,0.0,0.0,1.0,0.0,0.0,0.0,0.0,0.0,1.0,7.319533749146894,4.116432158686106,9.57572149487329,-1.4174402050329267,-1.008073989080409,-1.1008315308182302,0.07544821861213011,0.4077591613654691,0.13974287311347044
2004-12-02,Madrid,Ships,Shipped,29.0,75.35,2185.15,Madrid,1.0,0.0,0.0,0.0,0.0,0.0,0.0,0.0,0.0,0.0,0.0,0.0,0.0,0.0,1.0,0.0,0.0,0.0,0.0,0.0,0.0,0.0,0.0,1.0,7.689897284863588,4.335328031664641,10.54555133395328,-0.6949831932848981,-0.23869187356136284,-0.6188396341166861,0.15713390897651186,0.6319027566227637,0.2515371716042467
2004-12-03,London,Planes,Shipped,39.0,99.52,3881.28,Other,0.0,0.0,0.0,0.0,0.0,0.0,1.0,0.0,0.0,0.0,0.0,0.0,0.0,1.0,0.0,0.0,0.0,0.0,0.0,0.0,0.0,0.0,0.0,1.0,8.264177888897065,4.610356712675391,12.754015005493859,0.4252487115434605,0.727987605339607,0.4787359930181514,0.36189198183210763,0.9928321834961025,0.5310229178311876
2004-12-03,London,Planes,Shipped,34.0,59.37,2018.58,Other,0.0,0.0,0.0,0.0,0.0,0.0,1.0,0.0,0.0,0.0,0.0,0.0,0.0,1.0,0.0,0.0,0.0,0.0,0.0,0.0,0.0,0.0,0.0,1.0,7.610644847984647,4.100492292808335,11.683463549954297,-0.8495785386676762,-1.064099932206946,-0.05331314156158311,0.13702545491016282,0.3932741988471762,0.39128004471771716
2004-12-03,London,Vintage Cars,Shipped,38.0,68.38,2598.44,Other,0.0,0.0,0.0,0.0,0.0,0.0,1.0,0.0,0.0,0.0,0.0,0.0,0.0,0.0,0.0,0.0,0.0,1.0,0.0,0.0,0.0,0.0,0.0,1.0,7.863051316195591,4.239598641541604,12.544675977743431,-0.35721683136115145,-0.5751645520454967,0.3746974174111126,0.2070265846148705,0.5278200878057522,0.5030743432084936
2004-12-03,London,Planes,Shipped,25.0,74.68,1867.0,Other,0.0,0.0,0.0,0.0,0.0,0.0,1.0,0.0,0.0,0.0,0.0,0.0,0.0,1.0,0.0,0.0,0.0,0.0,0.0,0.0,0.0,0.0,0.0,1.0,7.532623618788788,4.326513924743623,9.57572149487329,-1.0017722042472845,-0.2696719744514733,-1.1008315308182302,0.11872660477282007,0.6218976794194069,0.13974287311347044
2004-12-03,London,Vintage Cars,Shipped,20.0,100.0,3374.6,Other,0.0,0.0,0.0,0.0,0.0,0.0,1.0,0.0,0.0,0.0,0.0,0.0,0.0,0.0,0.0,0.0,0.0,1.0,0.0,0.0,0.0,0.0,0.0,1.0,8.124328365283812,4.61512051684126,8.268807419728406,0.15244845131130463,0.7447315744112115,-1.7503495890608907,0.3007251960583324,1.0,0.0
2004-12-03,Brickhaven,Planes,Shipped,49.0,100.0,4935.28,Other,0.0,0.0,0.0,0.0,0.0,0.0,1.0,0.0,0.0,0.0,0.0,0.0,0.0,1.0,0.0,0.0,0.0,0.0,0.0,0.0,0.0,0.0,0.0,1.0,8.504367290070363,4.61512051684126,14.736931873780104,0.8937789535647664,0.7447315744112115,1.464218006289084,0.4891316443519603,1.0,0.8105086640581285
2004-12-03,Brickhaven,Planes,Shipped,22.0,75.51,1661.22,Other,0.0,0.0,0.0,0.0,0.0,0.0,1.0,0.0,0.0,0.0,0.0,0.0,0.0,1.0,0.0,0.0,0.0,0.0,0.0,0.0,0.0,0.0,0.0,1.0,7.41590933729296,4.3374214512437606,8.805943150564206,-1.229443243391632,-0.23133385642501522,-1.4834006262023,0.0938846903958416,0.6342920287907297,0.055897149245388134
2004-12-03,Brickhaven,Planes,Shipped,49.0,52.64,2579.36,Other,0.0,0.0,0.0,0.0,0.0,0.0,1.0,0.0,0.0,0.0,0.0,0.0,0.0,1.0,0.0,0.0,0.0,0.0,0.0,0.0,0.0,0.0,0.0,1.0,7.855684203065298,3.9822950584134778,14.736931873780104,-0.371587637404521,-1.4795432980859047,1.464218006289084,0.20472323284933086,0.2927754382821134,0.8105086640581285
2004-12-03,Brickhaven,Ships,Shipped,23.0,100.0,2352.67,Other,0.0,0.0,0.0,0.0,0.0,0.0,1.0,0.0,0.0,0.0,0.0,0.0,0.0,0.0,1.0,0.0,0.0,0.0,0.0,0.0,0.0,0.0,0.0,1.0,7.76373109107723,4.61512051684126,9.067037908070397,-0.5509578077947506,0.7447315744112115,-1.353640175122944,0.17735704774816818,1.0,0.0838457238680822
2004-12-04,Glendale,Vintage Cars,Shipped,40.0,44.51,1780.4,Other,0.0,0.0,0.0,0.0,0.0,0.0,1.0,0.0,0.0,0.0,0.0,0.0,0.0,0.0,0.0,0.0,0.0,1.0,0.0,0.0,0.0,0.0,0.0,1.0,7.485154850997769,3.8179320820285505,12.961139346341028,-1.0943681021217826,-2.0572514693881683,0.5816739001387327,0.1082721884784944,0.17137054624734938,0.5589714924538818
2004-12-04,Glendale,Planes,Shipped,43.0,81.95,3523.85,Other,0.0,0.0,0.0,0.0,0.0,0.0,1.0,0.0,0.0,0.0,0.0,0.0,0.0,1.0,0.0,0.0,0.0,0.0,0.0,0.0,0.0,0.0,0.0,1.0,8.167593161149467,4.418238016636454,13.569968697266269,0.23684378757059335,0.052722755537288335,0.8842535917456676,0.3187427668658164,0.7304602335513544,0.6428172163219641
2004-12-04,Glendale,Planes,Shipped,27.0,100.0,3515.67,Other,0.0,0.0,0.0,0.0,0.0,0.0,1.0,0.0,0.0,0.0,0.0,0.0,0.0,1.0,0.0,0.0,0.0,0.0,0.0,0.0,0.0,0.0,0.0,1.0,8.165269798102953,4.61512051684126,10.068010317854855,0.2323116731426912,0.7447315744112115,-0.8561708553548468,0.3177552711927496,1.0,0.19564002235885858
2004-12-04,Glendale,Planes,Shipped,48.0,68.8,3302.4,Other,0.0,0.0,0.0,0.0,0.0,0.0,1.0,0.0,0.0,0.0,0.0,0.0,0.0,1.0,0.0,0.0,0.0,0.0,0.0,0.0,0.0,0.0,0.0,1.0,8.10270752008699,4.2456340097683265,14.546755227281093,0.11027331875637612,-0.5539512495239473,1.3697028667658944,0.2920091584549801,0.5340919272466624,0.7825600894354343
2004-12-04,Glendale,Motorcycles,Shipped,46.0,81.17,3733.82,Other,0.0,0.0,0.0,0.0,0.0,0.0,1.0,0.0,0.0,0.0,0.0,0.0,1.0,0.0,0.0,0.0,0.0,0.0,0.0,0.0,0.0,0.0,0.0,1.0,8.225454903634525,4.408790271943096,14.161377611660777,0.34971294864876434,0.019515524628133923,1.1781755694872693,0.3440905011535711,0.7188125317325209,0.7266629401900462
2004-12-04,Glendale,Planes,Shipped,39.0,100.0,5043.87,Other,0.0,0.0,0.0,0.0,0.0,0.0,1.0,0.0,0.0,0.0,0.0,0.0,0.0,1.0,0.0,0.0,0.0,0.0,0.0,0.0,0.0,0.0,0.0,1.0,8.526127164368491,4.61512051684126,12.754015005493859,0.9362252860068022,0.7447315744112115,0.4787359930181514,0.5022407097722932,1.0,0.5310229178311876
2004-12-04,Glendale,Planes,Shipped,28.0,71.73,2008.44,Other,0.0,0.0,0.0,0.0,0.0,0.0,1.0,0.0,0.0,0.0,0.0,0.0,0.0,1.0,0.0,0.0,0.0,0.0,0.0,0.0,0.0,0.0,0.0,1.0,7.605611355269817,4.286753954166449,10.308532382015233,-0.859397221541989,-0.40942157255669215,-0.7366347457903012,0.1358013465819358,0.5778454738225369,0.22358859698155265
2004-12-04,Glendale,Vintage Cars,Shipped,40.0,82.21,3288.4,Other,0.0,0.0,0.0,0.0,0.0,0.0,1.0,0.0,0.0,0.0,0.0,0.0,0.0,0.0,0.0,0.0,0.0,1.0,0.0,0.0,0.0,0.0,0.0,1.0,8.09846045630717,4.421367532912338,12.961139346341028,0.10198869915651598,0.06372247800865499,0.5816739001387327,0.2903190680609783,0.7343428008242987,0.5589714924538818
2004-12-04,Glendale,Planes,Shipped,35.0,89.9,3146.5,Other,0.0,0.0,0.0,0.0,0.0,0.0,1.0,0.0,0.0,0.0,0.0,0.0,0.0,1.0,0.0,0.0,0.0,0.0,0.0,0.0,0.0,0.0,0.0,1.0,8.054363765918502,4.509760001183433,11.902530119204657,0.015970611267475912,0.3744071122549736,0.05555988642964223,0.27318879471034535,0.8491771943971569,0.41922861934041133
2004-12-07,Madrid,Classic Cars,Shipped,32.0,100.0,5302.72,Madrid,1.0,0.0,0.0,0.0,0.0,0.0,0.0,0.0,0.0,0.0,0.0,1.0,0.0,0.0,0.0,0.0,0.0,0.0,0.0,0.0,0.0,0.0,0.0,1.0,8.576163740125331,4.61512051684126,11.237179911736995,1.033830129662476,0.7447315744112115,-0.2751098821684491,0.533489273949963,1.0,0.335382895472329
2004-12-07,Madrid,Motorcycles,Shipped,38.0,39.83,1513.54,Madrid,1.0,0.0,0.0,0.0,0.0,0.0,0.0,0.0,0.0,0.0,0.0,0.0,1.0,0.0,0.0,0.0,0.0,0.0,0.0,0.0,0.0,0.0,0.0,1.0,7.322867041475401,3.709417105331484,12.544675977743431,-1.4109380519246943,-2.438663330656451,0.3746974174111126,0.07605665115397076,0.10148433533434875,0.5030743432084936
2004-12-07,Madrid,Classic Cars,Shipped,44.0,62.45,2747.8,Madrid,1.0,0.0,0.0,0.0,0.0,0.0,0.0,0.0,0.0,0.0,0.0,1.0,0.0,0.0,0.0,0.0,0.0,0.0,0.0,0.0,0.0,0.0,0.0,1.0,7.918919731789936,4.150252194160397,13.768958087112637,-0.24823599310643107,-0.889202262144328,0.9831485417366043,0.22505743470402156,0.4392676880805185,0.670765790944658
2004-12-07,Madrid,Classic Cars,Shipped,35.050383351588174,38.52,1386.72,Madrid,1.0,0.0,0.0,0.0,0.0,0.0,0.0,0.0,0.0,0.0,0.0,1.0,0.0,0.0,0.0,0.0,0.0,0.0,0.0,0.0,0.0,0.0,0.0,1.0,7.235417391610069,3.6768068728796672,11.913498472712774,-1.5815234541778127,-2.5532828037874364,0.06101100506720186,0.060746846599162685,0.08192216945912856,0.42063676220201485
2004-12-07,Madrid,Classic Cars,Shipped,25.0,100.0,4203.5,Madrid,1.0,0.0,0.0,0.0,0.0,0.0,0.0,0.0,0.0,0.0,0.0,1.0,0.0,0.0,0.0,0.0,0.0,0.0,0.0,0.0,0.0,0.0,0.0,1.0,8.343910659272952,4.61512051684126,9.57572149487329,0.5807810290343988,0.7447315744112115,-1.1008315308182302,0.4007906194574843,1.0,0.13974287311347044
2004-12-07,Madrid,Classic Cars,Shipped,28.0,95.39,2670.92,Madrid,1.0,0.0,0.0,0.0,0.0,0.0,0.0,0.0,0.0,0.0,0.0,1.0,0.0,0.0,0.0,0.0,0.0,0.0,0.0,0.0,0.0,0.0,0.0,1.0,7.890552594088562,4.568402461795877,10.308532382015233,-0.30357091557908045,0.580525481648209,-0.7366347457903012,0.21577642402610286,0.9311590956604845,0.22358859698155265
2004-12-07,Madrid,Motorcycles,Shipped,41.0,70.65,2896.65,Madrid,1.0,0.0,0.0,0.0,0.0,0.0,0.0,0.0,0.0,0.0,0.0,0.0,1.0,0.0,0.0,0.0,0.0,0.0,0.0,0.0,0.0,0.0,0.0,1.0,7.971655342640128,4.271793154274181,13.166125611826143,-0.1453662228580981,-0.4620062636901755,0.6835492136397722,0.24302671721453395,0.5617178866887675,0.5869200670765757
2004-12-07,Madrid,Classic Cars,Shipped,23.0,100.0,3177.91,Madrid,1.0,0.0,0.0,0.0,0.0,0.0,0.0,0.0,0.0,0.0,0.0,1.0,0.0,0.0,0.0,0.0,0.0,0.0,0.0,0.0,0.0,0.0,0.0,1.0,8.064293649720488,4.61512051684126,9.067037908070397,0.035340536993845185,0.7447315744112115,-1.353640175122944,0.27698063323003086,1.0,0.0838457238680822
2004-12-07,Madrid,Motorcycles,Shipped,40.0,100.0,4326.8,Madrid,1.0,0.0,0.0,0.0,0.0,0.0,0.0,0.0,0.0,0.0,0.0,0.0,1.0,0.0,0.0,0.0,0.0,0.0,0.0,0.0,0.0,0.0,0.0,1.0,8.372814608737682,4.61512051684126,12.961139346341028,0.6371630940711107,0.7447315744112115,0.5816739001387327,0.4156754869989433,1.0,0.5589714924538818
2004-12-07,Madrid,Motorcycles,Shipped,31.0,53.47,1657.57,Madrid,1.0,0.0,0.0,0.0,0.0,0.0,0.0,0.0,0.0,0.0,0.0,0.0,1.0,0.0,0.0,0.0,0.0,0.0,0.0,0.0,0.0,0.0,0.0,1.0,7.41371106430981,3.9976500913955832,11.009728365329204,-1.2337313483945707,-1.4255729440591958,-0.388150126800217,0.09344405968597683,0.30516978765343605,0.30743432084963496
2004-12-09,Paris,Vintage Cars,Shipped,22.0,72.41,1593.02,Paris,0.0,0.0,0.0,0.0,0.0,0.0,0.0,1.0,0.0,0.0,0.0,0.0,0.0,0.0,0.0,0.0,0.0,1.0,0.0,0.0,0.0,0.0,0.0,1.0,7.37401440632289,4.29606016612269,8.805943150564206,-1.3111664253929491,-0.3767118053740869,-1.4834006262023,0.08565153576220405,0.5879998805363915,0.055897149245388134
2004-12-09,Paris,Motorcycles,Shipped,26.0,100.0,3937.7,Paris,0.0,0.0,0.0,0.0,0.0,0.0,0.0,1.0,0.0,0.0,0.0,0.0,1.0,0.0,0.0,0.0,0.0,0.0,0.0,0.0,0.0,0.0,0.0,1.0,8.278605998608175,4.61512051684126,9.823805373555334,0.45339319128251016,0.7447315744112115,-0.9775373049564378,0.368703046119935,1.0,0.1676914477361645
2004-12-09,Paris,Vintage Cars,Shipped,30.0,100.0,4462.2,Paris,0.0,0.0,0.0,0.0,0.0,0.0,0.0,1.0,0.0,0.0,0.0,0.0,0.0,0.0,0.0,0.0,0.0,1.0,0.0,0.0,0.0,0.0,0.0,1.0,8.403621276531318,4.61512051684126,10.779232502977782,0.697256734534488,0.7447315744112115,-0.5027033539745942,0.43202107552378965,1.0,0.2794857462269409
2004-12-09,Paris,Vintage Cars,Shipped,48.0,100.0,9167.099200000002,Paris,0.0,0.0,0.0,0.0,0.0,0.0,0.0,1.0,0.0,0.0,0.0,0.0,0.0,0.0,0.0,0.0,0.0,1.0,0.0,0.0,0.0,0.0,0.0,1.0,9.123485259140311,4.61512051684126,14.546755227281093,2.1014737580444667,0.7447315744112115,1.3697028667658944,1.0,1.0,0.7825600894354343
2004-12-09,Paris,Vintage Cars,Shipped,50.0,50.18,2509.0,Paris,0.0,0.0,0.0,0.0,0.0,0.0,0.0,1.0,0.0,0.0,0.0,0.0,0.0,0.0,0.0,0.0,0.0,1.0,0.0,0.0,0.0,0.0,0.0,1.0,7.828038032125829,3.935348830731643,14.925497315272617,-0.4255161916952489,-1.6445513792251536,1.5579323994073224,0.1962293214120473,0.2560403786996386,0.8384572386808227
2004-12-09,Paris,Vintage Cars,Shipped,29.0,100.0,3630.22,Paris,0.0,0.0,0.0,0.0,0.0,0.0,0.0,1.0,0.0,0.0,0.0,0.0,0.0,0.0,0.0,0.0,0.0,1.0,0.0,0.0,0.0,0.0,0.0,1.0,8.197323958948195,4.61512051684126,10.54555133395328,0.2948387607878912,0.7447315744112115,-0.6188396341166861,0.33158383223795745,1.0,0.2515371716042467
2004-12-09,Paris,Classic Cars,Shipped,43.0,97.6,4196.8,Paris,0.0,0.0,0.0,0.0,0.0,0.0,0.0,1.0,0.0,0.0,0.0,1.0,0.0,0.0,0.0,0.0,0.0,0.0,0.0,0.0,0.0,0.0,0.0,1.0,8.342315857511515,4.591071261608589,13.569968697266269,0.5776700971963915,0.6602024939137289,0.8842535917456676,0.3999817904832119,0.9641609174805124,0.6428172163219641
2004-12-09,Paris,Classic Cars,Shipped,27.0,64.69,1746.63,Paris,0.0,0.0,0.0,0.0,0.0,0.0,0.0,1.0,0.0,0.0,0.0,1.0,0.0,0.0,0.0,0.0,0.0,0.0,0.0,0.0,0.0,0.0,0.0,1.0,7.466015863329574,4.184946706904381,10.068010317854855,-1.1317019498287109,-0.7672568949309108,-0.8561708553548468,0.10419544900667713,0.47271749843204014,0.19564002235885858
2004-12-09,Paris,Vintage Cars,Shipped,35.050383351588174,33.034,883.5186,Paris,0.0,0.0,0.0,0.0,0.0,0.0,0.0,1.0,0.0,0.0,0.0,0.0,0.0,0.0,0.0,0.0,0.0,1.0,0.0,0.0,0.0,0.0,0.0,1.0,6.785043542208585,3.5273600249492447,11.913498472712774,-2.4600541788033214,-3.0785632965340333,0.06101100506720186,0.0,0.0,0.42063676220201485
2004-12-10,San Rafael,Trucks and Buses,Shipped,49.0,100.0,5960.36,San Rafael,0.0,0.0,0.0,0.0,0.0,0.0,0.0,0.0,0.0,1.0,0.0,0.0,0.0,0.0,0.0,0.0,1.0,0.0,0.0,0.0,0.0,0.0,0.0,1.0,8.693053921947955,4.61512051684126,14.736931873780104,1.261844292284723,0.7447315744112115,1.464218006289084,0.612880063000775,1.0,0.8105086640581285
2004-12-10,San Rafael,Trucks and Buses,Shipped,39.0,98.0,3822.0,San Rafael,0.0,0.0,0.0,0.0,0.0,0.0,0.0,0.0,0.0,1.0,0.0,0.0,0.0,0.0,0.0,0.0,1.0,0.0,0.0,0.0,0.0,0.0,0.0,1.0,8.248790733696413,4.59511985013459,12.754015005493859,0.39523345060786724,0.6744326005055776,0.4787359930181514,0.3547356562209341,0.9701340979004272,0.5310229178311876
2004-12-10,Madrid,Classic Cars,Shipped,49.0,55.34,2711.66,Madrid,1.0,0.0,0.0,0.0,0.0,0.0,0.0,0.0,0.0,0.0,0.0,1.0,0.0,0.0,0.0,0.0,0.0,0.0,0.0,0.0,0.0,0.0,0.0,1.0,7.905684982284214,4.0314047624482265,14.736931873780104,-0.27405262097892147,-1.306930962053081,1.464218006289084,0.22069458707264816,0.33309440611653685,0.8105086640581285
2004-12-10,San Rafael,Classic Cars,Shipped,32.0,100.0,5691.84,San Rafael,0.0,0.0,0.0,0.0,0.0,0.0,0.0,0.0,0.0,1.0,0.0,1.0,0.0,0.0,0.0,0.0,0.0,0.0,0.0,0.0,0.0,0.0,0.0,1.0,8.646964523866167,4.61512051684126,11.237179911736995,1.1719390894223531,0.7447315744112115,-0.2751098821684491,0.5804641292438198,1.0,0.335382895472329
2004-12-10,San Rafael,Classic Cars,Shipped,43.0,100.0,5780.92,San Rafael,0.0,0.0,0.0,0.0,0.0,0.0,0.0,0.0,0.0,1.0,0.0,1.0,0.0,0.0,0.0,0.0,0.0,0.0,0.0,0.0,0.0,0.0,0.0,1.0,8.662491086437681,4.61512051684126,13.569968697266269,1.202226288124105,0.7447315744112115,0.8842535917456676,0.5912179329793686,1.0,0.6428172163219641
2004-12-10,Madrid,Trucks and Buses,Shipped,42.0,64.16,2694.72,Madrid,1.0,0.0,0.0,0.0,0.0,0.0,0.0,0.0,0.0,0.0,0.0,0.0,0.0,0.0,0.0,0.0,1.0,0.0,0.0,0.0,0.0,0.0,0.0,1.0,7.8994206090718615,4.176845783733844,13.369046010543581,-0.2862723454253703,-0.7957302750901442,0.7843978201850537,0.21864957769590593,0.4648030343756533,0.6148686416992699
2004-12-10,Madrid,Classic Cars,Shipped,20.0,100.0,2428.0,Madrid,1.0,0.0,0.0,0.0,0.0,0.0,0.0,0.0,0.0,0.0,0.0,1.0,0.0,0.0,0.0,0.0,0.0,0.0,0.0,0.0,0.0,0.0,0.0,1.0,7.795234929002173,4.61512051684126,8.268807419728406,-0.48950421852116077,0.7447315744112115,-1.7503495890608907,0.18645094127532236,1.0,0.0
2004-12-10,Madrid,Vintage Cars,Shipped,41.0,100.0,6847.0,Madrid,1.0,0.0,0.0,0.0,0.0,0.0,0.0,0.0,0.0,0.0,0.0,0.0,0.0,0.0,0.0,0.0,0.0,1.0,0.0,0.0,0.0,0.0,0.0,1.0,8.831711917821577,4.61512051684126,13.166125611826143,1.5323202751861684,0.7447315744112115,0.6835492136397722,0.7199159020677602,1.0,0.5869200670765757
2004-12-10,San Rafael,Vintage Cars,Shipped,41.0,87.13,3572.33,San Rafael,0.0,0.0,0.0,0.0,0.0,0.0,0.0,0.0,0.0,1.0,0.0,0.0,0.0,0.0,0.0,0.0,0.0,1.0,0.0,0.0,0.0,0.0,0.0,1.0,8.181253213120428,4.478812997111569,13.166125611826143,0.2634900401725559,0.2656336066707818,0.6835492136397722,0.3245953084587599,0.8078129199892481,0.5869200670765757
2004-12-10,San Rafael,Vintage Cars,Shipped,44.0,100.0,5160.76,San Rafael,0.0,0.0,0.0,0.0,0.0,0.0,0.0,0.0,0.0,1.0,0.0,0.0,0.0,0.0,0.0,0.0,0.0,1.0,0.0,0.0,0.0,0.0,0.0,1.0,8.549032885590568,4.61512051684126,13.768958087112637,0.9809067875860882,0.7447315744112115,0.9831485417366043,0.5163517573547843,1.0,0.670765790944658
2004-12-10,Madrid,Classic Cars,Shipped,25.0,100.0,2528.25,Madrid,1.0,0.0,0.0,0.0,0.0,0.0,0.0,0.0,0.0,0.0,0.0,1.0,0.0,0.0,0.0,0.0,0.0,0.0,0.0,0.0,0.0,0.0,0.0,1.0,7.835678095086,4.61512051684126,9.57572149487329,-0.4106129506267386,0.7447315744112115,-1.1008315308182302,0.1985531957037998,1.0,0.13974287311347044
2004-12-10,San Rafael,Trucks and Buses,Shipped,28.0,100.0,3559.64,San Rafael,0.0,0.0,0.0,0.0,0.0,0.0,0.0,0.0,0.0,1.0,0.0,0.0,0.0,0.0,0.0,0.0,1.0,0.0,0.0,0.0,0.0,0.0,0.0,1.0,8.177695582969335,4.61512051684126,10.308532382015233,0.2565502780199736,0.7447315744112115,-0.7366347457903012,0.3230633622373396,1.0,0.22358859698155265
2004-12-10,Madrid,Vintage Cars,Shipped,30.0,100.0,5302.8,Madrid,1.0,0.0,0.0,0.0,0.0,0.0,0.0,0.0,0.0,0.0,0.0,0.0,0.0,0.0,0.0,0.0,0.0,1.0,0.0,0.0,0.0,0.0,0.0,1.0,8.576178823764108,4.61512051684126,10.779232502977782,1.0338595528630512,0.7447315744112115,-0.5027033539745942,0.5334989316093572,1.0,0.2794857462269409
2004-12-10,San Rafael,Vintage Cars,Shipped,25.0,100.0,2604.25,San Rafael,0.0,0.0,0.0,0.0,0.0,0.0,0.0,0.0,0.0,1.0,0.0,0.0,0.0,0.0,0.0,0.0,0.0,1.0,0.0,0.0,0.0,0.0,0.0,1.0,7.865283918872537,4.61512051684126,9.57572149487329,-0.3528617604568689,0.7447315744112115,-1.1008315308182302,0.20772797212838123,1.0,0.13974287311347044
2004-12-10,Madrid,Trucks and Buses,Shipped,41.0,100.0,4428.0,Madrid,1.0,0.0,0.0,0.0,0.0,0.0,0.0,0.0,0.0,0.0,0.0,0.0,0.0,0.0,0.0,0.0,1.0,0.0,0.0,0.0,0.0,0.0,0.0,1.0,8.395929103923198,4.61512051684126,13.166125611826143,0.682251844742736,0.7447315744112115,0.6835492136397722,0.42789242613272804,1.0,0.5869200670765757
2004-12-10,Madrid,Classic Cars,Shipped,32.0,93.49,2991.68,Madrid,1.0,0.0,0.0,0.0,0.0,0.0,0.0,0.0,0.0,0.0,0.0,1.0,0.0,0.0,0.0,0.0,0.0,0.0,0.0,0.0,0.0,0.0,0.0,1.0,8.003924585999107,4.548494008794535,11.237179911736995,-0.08241958022119782,0.5105506233813006,-0.2751098821684491,0.25449880936753355,0.9027864886658901,0.335382895472329
2004-12-10,Madrid,Classic Cars,Shipped,44.0,60.76,2673.44,Madrid,1.0,0.0,0.0,0.0,0.0,0.0,0.0,0.0,0.0,0.0,0.0,1.0,0.0,0.0,0.0,0.0,0.0,0.0,0.0,0.0,0.0,0.0,0.0,1.0,7.891495291619825,4.123255905716521,13.768958087112637,-0.30173202385314224,-0.9840896678842648,0.9831485417366043,0.21608064029702317,0.41403100080637933,0.670765790944658
2004-12-10,Madrid,Classic Cars,Shipped,27.0,100.0,3761.37,Madrid,1.0,0.0,0.0,0.0,0.0,0.0,0.0,0.0,0.0,0.0,0.0,1.0,0.0,0.0,0.0,0.0,0.0,0.0,0.0,0.0,0.0,0.0,0.0,1.0,8.232804356965199,4.61512051684126,10.068010317854855,0.36404930625207294,0.7447315744112115,-0.8561708553548468,0.34741635760748185,1.0,0.19564002235885858
2004-12-10,San Rafael,Vintage Cars,Shipped,49.0,70.58,3458.42,San Rafael,0.0,0.0,0.0,0.0,0.0,0.0,0.0,0.0,0.0,1.0,0.0,0.0,0.0,0.0,0.0,0.0,0.0,1.0,0.0,0.0,0.0,0.0,0.0,1.0,8.148856223942477,4.2708157053378795,14.736931873780104,0.20029420760809116,-0.4654418320277158,1.464218006289084,0.3108440086887063,0.5606725801152823,0.8105086640581285
2004-12-10,Madrid,Trucks and Buses,Shipped,20.0,36.42,883.5186,Madrid,1.0,0.0,0.0,0.0,0.0,0.0,0.0,0.0,0.0,0.0,0.0,0.0,0.0,0.0,0.0,0.0,1.0,0.0,0.0,0.0,0.0,0.0,0.0,1.0,6.785043542208585,3.6222053208459437,8.268807419728406,-2.4600541788033214,-2.7451980603096495,-1.7503495890608907,0.0,0.050562972254576954,0.0
2004-12-10,Madrid,Trucks and Buses,Shipped,41.0,100.0,5684.65,Madrid,1.0,0.0,0.0,0.0,0.0,0.0,0.0,0.0,0.0,0.0,0.0,0.0,0.0,0.0,0.0,0.0,1.0,0.0,0.0,0.0,0.0,0.0,0.0,1.0,8.645700735620633,4.61512051684126,13.166125611826143,1.1694738556957545,0.7447315744112115,0.6835492136397722,0.5795961471057574,1.0,0.5869200670765757
2004-12-10,San Rafael,Trucks and Buses,Shipped,41.0,61.99,2541.59,San Rafael,0.0,0.0,0.0,0.0,0.0,0.0,0.0,0.0,0.0,1.0,0.0,0.0,0.0,0.0,0.0,0.0,1.0,0.0,0.0,0.0,0.0,0.0,0.0,1.0,7.840938525526301,4.142975983633837,13.166125611826143,-0.4003515871556993,-0.9147769163016289,0.6835492136397722,0.20016361040779873,0.4323985305976167,0.5869200670765757
2004-12-10,Madrid,Trucks and Buses,Shipped,36.0,100.0,5669.64,Madrid,1.0,0.0,0.0,0.0,0.0,0.0,0.0,0.0,0.0,0.0,0.0,0.0,0.0,0.0,0.0,0.0,1.0,0.0,0.0,0.0,0.0,0.0,0.0,1.0,8.64305726513146,4.61512051684126,12.119023021201402,1.16431731730556,0.7447315744112115,0.16315383770961095,0.5777841287619027,1.0,0.4471771939631053
2004-12-10,Madrid,Classic Cars,Shipped,36.0,82.94,2985.84,Madrid,1.0,0.0,0.0,0.0,0.0,0.0,0.0,0.0,0.0,0.0,0.0,1.0,0.0,0.0,0.0,0.0,0.0,0.0,0.0,0.0,0.0,0.0,0.0,1.0,8.001971251331145,4.430102257905445,12.119023021201402,-0.08622989141835243,0.09442356479585383,0.16315383770961095,0.25379380023174997,0.7452438550906431,0.4471771939631053
2004-12-15,Reims,Classic Cars,Shipped,22.0,100.0,2603.04,Other,0.0,0.0,0.0,0.0,0.0,0.0,1.0,0.0,0.0,0.0,0.0,1.0,0.0,0.0,0.0,0.0,0.0,0.0,0.0,0.0,0.0,0.0,0.0,1.0,7.864819364193584,4.61512051684126,8.805943150564206,-0.35376795329926136,0.7447315744112115,-1.4834006262023,0.2075819000300425,1.0,0.055897149245388134
2004-12-15,Reims,Classic Cars,Shipped,42.0,100.0,4764.48,Other,0.0,0.0,0.0,0.0,0.0,0.0,1.0,0.0,0.0,0.0,0.0,1.0,0.0,0.0,0.0,0.0,0.0,0.0,0.0,0.0,0.0,0.0,0.0,1.0,8.469153545537482,4.61512051684126,13.369046010543581,0.8250885610334033,0.7447315744112115,0.7843978201850537,0.4685125415451379,1.0,0.6148686416992699
2004-12-15,Reims,Classic Cars,Shipped,49.0,62.09,3042.41,Other,0.0,0.0,0.0,0.0,0.0,0.0,1.0,0.0,0.0,0.0,0.0,1.0,0.0,0.0,0.0,0.0,0.0,0.0,0.0,0.0,0.0,0.0,0.0,1.0,8.020733876279394,4.144562278382718,14.736931873780104,-0.0496302031514452,-0.9092013575068295,1.464218006289084,0.26062297263094164,0.43389182570259544,0.8105086640581285
2004-12-15,Reims,Classic Cars,Shipped,48.0,54.68,2624.64,Other,0.0,0.0,0.0,0.0,0.0,0.0,1.0,0.0,0.0,0.0,0.0,1.0,0.0,0.0,0.0,0.0,0.0,0.0,0.0,0.0,0.0,0.0,0.0,1.0,7.873079954832821,4.019621016026164,14.546755227281093,-0.3376542675473735,-1.3483488454858823,1.3697028667658944,0.21018946806650246,0.3232386584236777,0.7825600894354343
2004-12-15,Reims,Trucks and Buses,Shipped,46.0,100.0,4896.7,Other,0.0,0.0,0.0,0.0,0.0,0.0,1.0,0.0,0.0,0.0,0.0,0.0,0.0,0.0,0.0,0.0,1.0,0.0,0.0,0.0,0.0,0.0,0.0,1.0,8.496520986146699,4.61512051684126,14.161377611660777,0.8784734044507383,0.7447315744112115,1.1781755694872693,0.484474238109061,1.0,0.7266629401900462
2004-12-15,Reims,Trucks and Buses,Shipped,35.050383351588174,100.0,6358.68,Other,0.0,0.0,0.0,0.0,0.0,0.0,1.0,0.0,0.0,0.0,0.0,0.0,0.0,0.0,0.0,0.0,1.0,0.0,0.0,0.0,0.0,0.0,0.0,1.0,8.757733340602943,4.61512051684126,11.913498472712774,1.3880124892500596,0.7447315744112115,0.06101100506720186,0.6609655491249761,1.0,0.42063676220201485
2004-12-15,Reims,Trains,Shipped,25.0,64.93,1623.25,Other,0.0,0.0,0.0,0.0,0.0,0.0,1.0,0.0,0.0,0.0,0.0,0.0,0.0,0.0,0.0,1.0,0.0,0.0,0.0,0.0,0.0,0.0,0.0,1.0,7.392801449760641,4.188593573125209,9.57572149487329,-1.2745191047128692,-0.7544387745624641,-1.1008315308182302,0.08930092380582375,0.476301406683989,0.13974287311347044
2004-12-15,Reims,Trains,Shipped,22.0,100.0,4301.22,Other,0.0,0.0,0.0,0.0,0.0,0.0,1.0,0.0,0.0,0.0,0.0,0.0,0.0,0.0,0.0,1.0,0.0,0.0,0.0,0.0,0.0,0.0,0.0,1.0,8.366886447525236,4.61512051684126,8.805943150564206,0.6255992082624898,0.7447315744112115,-1.4834006262023,0.41258745040761713,1.0,0.055897149245388134
2004-12-17,Chatswood,Planes,Shipped,35.0,100.0,4277.35,Other,0.0,0.0,0.0,0.0,0.0,0.0,1.0,0.0,0.0,0.0,0.0,0.0,0.0,1.0,0.0,0.0,0.0,0.0,0.0,0.0,0.0,0.0,0.0,1.0,8.361322700227518,4.61512051684126,11.902530119204657,0.6147461737188709,0.7447315744112115,0.05555988642964223,0.40970584628584394,1.0,0.41922861934041133
2004-12-17,Chatswood,Motorcycles,Shipped,20.0,72.55,1451.0,Other,0.0,0.0,0.0,0.0,0.0,0.0,1.0,0.0,0.0,0.0,0.0,0.0,1.0,0.0,0.0,0.0,0.0,0.0,0.0,0.0,0.0,0.0,0.0,1.0,7.280697195384741,4.297965447047447,8.268807419728406,-1.4931975025846458,-0.37001506391157696,-1.7503495890608907,0.0685067759224797,0.5900904936833617,0.0
2004-12-17,Chatswood,Ships,Shipped,24.0,45.39,1089.36,Other,0.0,0.0,0.0,0.0,0.0,0.0,1.0,0.0,0.0,0.0,0.0,0.0,0.0,0.0,1.0,0.0,0.0,0.0,0.0,0.0,0.0,0.0,0.0,1.0,6.99426319592369,3.8370839187636525,9.323544176118064,-2.051935691843,-1.989935989827834,-1.226160139275199,0.02484932663056358,0.18451154317116147,0.11179429849077627
2004-12-17,Chatswood,Planes,Shipped,23.0,95.2,2189.6,Other,0.0,0.0,0.0,0.0,0.0,0.0,1.0,0.0,0.0,0.0,0.0,0.0,0.0,1.0,0.0,0.0,0.0,0.0,0.0,0.0,0.0,0.0,0.0,1.0,7.691930757889646,4.566429357671661,9.067037908070397,-0.6910165586024815,0.573590353065964,-1.353640175122944,0.1576711162803196,0.9283218349610249,0.0838457238680822
2004-12-17,Chatswood,Classic Cars,Shipped,33.0,82.59,2725.47,Other,0.0,0.0,0.0,0.0,0.0,0.0,1.0,0.0,0.0,0.0,0.0,1.0,0.0,0.0,0.0,0.0,0.0,0.0,0.0,0.0,0.0,0.0,0.0,1.0,7.910763011188031,4.4259238957110645,11.461717832632248,-0.2641470627000194,0.07973732562298154,-0.16351766875873364,0.22236174052558855,0.7400173222232178,0.3633314700950231
2004-12-17,Chatswood,Motorcycles,Shipped,26.0,51.15,1329.9,Other,0.0,0.0,0.0,0.0,0.0,0.0,1.0,0.0,0.0,0.0,0.0,0.0,1.0,0.0,0.0,0.0,0.0,0.0,0.0,0.0,0.0,0.0,0.0,1.0,7.19361068409251,3.9541241814467813,9.823805373555334,-1.6630745413433243,-1.5785591845973372,-0.9775373049564378,0.053887494014363796,0.2705253412179315,0.1676914477361645
2004-12-17,Chatswood,Planes,Shipped,20.0,60.54,1210.8,Other,0.0,0.0,0.0,0.0,0.0,0.0,1.0,0.0,0.0,0.0,0.0,0.0,0.0,1.0,0.0,0.0,0.0,0.0,0.0,0.0,0.0,0.0,0.0,1.0,7.099862136510889,4.119687369893896,8.268807419728406,-1.8459470139545184,-0.9966324700995715,-1.7503495890608907,0.039509653591105254,0.41074575157542637,0.0
2004-12-17,Chatswood,Planes,Shipped,25.0,62.46,1561.5,Other,0.0,0.0,0.0,0.0,0.0,0.0,1.0,0.0,0.0,0.0,0.0,0.0,0.0,1.0,0.0,0.0,0.0,0.0,0.0,0.0,0.0,0.0,0.0,1.0,7.354042381610556,4.150409786155049,9.57572149487329,-1.3501252534112331,-0.8886483528330901,-1.1008315308182302,0.08184641796085135,0.43941701759101637,0.13974287311347044
2004-12-17,Chatswood,Planes,Shipped,44.0,100.0,5001.92,Other,0.0,0.0,0.0,0.0,0.0,0.0,1.0,0.0,0.0,0.0,0.0,0.0,0.0,1.0,0.0,0.0,0.0,0.0,0.0,0.0,0.0,0.0,0.0,1.0,8.5177770209546,4.61512051684126,13.768958087112637,0.9199369123503808,0.7447315744112115,0.9831485417366043,0.4971764746274092,1.0,0.670765790944658
2004-12-17,Chatswood,Planes,Shipped,26.0,100.0,2754.7,Other,0.0,0.0,0.0,0.0,0.0,0.0,1.0,0.0,0.0,0.0,0.0,0.0,0.0,1.0,0.0,0.0,0.0,0.0,0.0,0.0,0.0,0.0,0.0,1.0,7.9214267727978465,4.61512051684126,9.823805373555334,-0.24334558360269898,0.7447315744112115,-0.9775373049564378,0.22589040782677955,1.0,0.1676914477361645
2004-12-17,Chatswood,Planes,Shipped,44.0,72.42,3186.48,Other,0.0,0.0,0.0,0.0,0.0,0.0,1.0,0.0,0.0,0.0,0.0,0.0,0.0,1.0,0.0,0.0,0.0,0.0,0.0,0.0,0.0,0.0,0.0,1.0,8.066985914937193,4.2961963780686885,13.768958087112637,0.040592257791709656,-0.37623304333190866,0.9831485417366043,0.2780152099926449,0.5881492100468895,0.670765790944658
2004-12-17,Chatswood,Vintage Cars,Shipped,34.0,100.0,3871.92,Other,0.0,0.0,0.0,0.0,0.0,0.0,1.0,0.0,0.0,0.0,0.0,0.0,0.0,0.0,0.0,0.0,0.0,1.0,0.0,0.0,0.0,0.0,0.0,1.0,8.261764023479058,4.61512051684126,11.683463549954297,0.42054005686102763,0.7447315744112115,-0.05331314156158311,0.360762035682975,1.0,0.39128004471771716
2004-12-17,Chatswood,Planes,Shipped,26.0,100.0,3710.98,Other,0.0,0.0,0.0,0.0,0.0,0.0,1.0,0.0,0.0,0.0,0.0,0.0,0.0,1.0,0.0,0.0,0.0,0.0,0.0,0.0,0.0,0.0,0.0,1.0,8.219320705960541,4.61512051684126,9.823805373555334,0.3377471537104429,0.7447315744112115,-0.9775373049564378,0.3413332393964995,1.0,0.1676914477361645
2004-12-17,Chatswood,Vintage Cars,Shipped,49.0,72.33,3544.17,Other,0.0,0.0,0.0,0.0,0.0,0.0,1.0,0.0,0.0,0.0,0.0,0.0,0.0,0.0,0.0,0.0,0.0,1.0,0.0,0.0,0.0,0.0,0.0,1.0,8.173341392682438,4.294969802105708,14.736931873780104,0.24805668996421013,-0.38054425119709845,1.464218006289084,0.3211958123519676,0.5868052444524086,0.8105086640581285
2005-01-05,Burlingame,Motorcycles,Shipped,50.0,96.92,4846.0,Other,0.0,0.0,0.0,0.0,0.0,0.0,1.0,0.0,0.0,0.0,0.0,0.0,1.0,0.0,0.0,0.0,0.0,0.0,0.0,0.0,0.0,0.0,0.0,1.0,8.486115235845377,4.584150818764016,14.925497315272617,0.8581752202541175,0.6358783032214324,1.5579323994073224,0.4783536964679258,0.9540065107666578,0.8384572386808227
2005-01-05,Burlingame,Motorcycles,Shipped,23.0,49.67,1142.41,Other,0.0,0.0,0.0,0.0,0.0,0.0,1.0,0.0,0.0,0.0,0.0,0.0,1.0,0.0,0.0,0.0,0.0,0.0,0.0,0.0,0.0,0.0,0.0,1.0,7.04177030463735,3.9253340194878183,9.067037908070397,-1.9592650034836754,-1.6797517535239106,-1.353640175122944,0.03125356201640628,0.24842457366424753,0.0838457238680822
2005-01-05,Burlingame,Motorcycles,Shipped,22.0,100.0,3877.06,Other,0.0,0.0,0.0,0.0,0.0,0.0,1.0,0.0,0.0,0.0,0.0,0.0,1.0,0.0,0.0,0.0,0.0,0.0,0.0,0.0,0.0,0.0,0.0,1.0,8.263090307575636,4.61512051684126,8.805943150564206,0.423127199364915,0.7447315744112115,-1.4834006262023,0.3613825402990585,1.0,0.055897149245388134
2005-01-05,Burlingame,Motorcycles,Shipped,22.0,100.0,3664.1,Other,0.0,0.0,0.0,0.0,0.0,0.0,1.0,0.0,0.0,0.0,0.0,0.0,1.0,0.0,0.0,0.0,0.0,0.0,0.0,0.0,0.0,0.0,0.0,1.0,8.206610899078123,4.61512051684126,8.805943150564206,0.3129545156274378,0.7447315744112115,-1.4834006262023,0.3356738509914419,1.0,0.055897149245388134
2005-01-06,Espoo,Classic Cars,Shipped,21.0,100.0,2447.76,Other,0.0,0.0,0.0,0.0,0.0,0.0,1.0,0.0,0.0,0.0,0.0,1.0,0.0,0.0,0.0,0.0,0.0,0.0,0.0,0.0,0.0,0.0,0.0,1.0,7.803337052966594,4.61512051684126,8.539972716394377,-0.47369964894651123,0.7447315744112115,-1.6155842205467048,0.18883638314571355,1.0,0.027948574622694067
2005-01-06,Marseille,Motorcycles,Shipped,48.0,48.28,2317.44,Other,0.0,0.0,0.0,0.0,0.0,0.0,1.0,0.0,0.0,0.0,0.0,0.0,1.0,0.0,0.0,0.0,0.0,0.0,0.0,0.0,0.0,0.0,0.0,1.0,7.748649824695705,3.8975183192252643,14.546755227281093,-0.5803763806094003,-1.7775192537578968,1.3697028667658944,0.17310405599240497,0.22766777170504437,0.7825600894354343
2005-01-06,Espoo,Classic Cars,Shipped,22.0,100.0,3686.54,Other,0.0,0.0,0.0,0.0,0.0,0.0,1.0,0.0,0.0,0.0,0.0,1.0,0.0,0.0,0.0,0.0,0.0,0.0,0.0,0.0,0.0,0.0,0.0,1.0,8.212714848046868,4.61512051684126,8.805943150564206,0.32486130532607366,0.7447315744112115,-1.4834006262023,0.338382824451542,1.0,0.055897149245388134
2005-01-06,Espoo,Motorcycles,Shipped,43.0,61.23,2632.89,Other,0.0,0.0,0.0,0.0,0.0,0.0,1.0,0.0,0.0,0.0,0.0,0.0,1.0,0.0,0.0,0.0,0.0,0.0,0.0,0.0,0.0,0.0,0.0,1.0,7.87621711985184,4.130837198581126,13.569968697266269,-0.33153469408392555,-0.9574427007068086,0.8842535917456676,0.21118541419153924,0.4210494877997789,0.6428172163219641
2005-01-06,Espoo,Motorcycles,Shipped,50.0,100.0,6576.5,Other,0.0,0.0,0.0,0.0,0.0,0.0,1.0,0.0,0.0,0.0,0.0,0.0,1.0,0.0,0.0,0.0,0.0,0.0,0.0,0.0,0.0,0.0,0.0,1.0,8.791410012914447,4.61512051684126,14.925497315272617,1.4537045612211992,0.7447315744112115,1.5579323994073224,0.6872609412407961,1.0,0.8384572386808227
2005-01-06,Espoo,Motorcycles,Shipped,21.0,100.0,3595.62,Other,0.0,0.0,0.0,0.0,0.0,0.0,1.0,0.0,0.0,0.0,0.0,0.0,1.0,0.0,0.0,0.0,0.0,0.0,0.0,0.0,0.0,0.0,0.0,1.0,8.187749794523064,4.61512051684126,8.539972716394377,0.27616272615295123,0.7447315744112115,-1.6155842205467048,0.32740689454992433,1.0,0.027948574622694067
2005-01-06,Espoo,Classic Cars,Shipped,34.0,81.62,2775.08,Other,0.0,0.0,0.0,0.0,0.0,0.0,1.0,0.0,0.0,0.0,0.0,1.0,0.0,0.0,0.0,0.0,0.0,0.0,0.0,0.0,0.0,0.0,0.0,1.0,7.928795139655255,4.414251781968619,11.683463549954297,-0.2289723319515459,0.038711812251962845,-0.05331314156158311,0.22835069655747653,0.725532359704925,0.39128004471771716
2005-01-06,Espoo,Classic Cars,Shipped,33.0,85.39,2817.87,Other,0.0,0.0,0.0,0.0,0.0,0.0,1.0,0.0,0.0,0.0,0.0,1.0,0.0,0.0,0.0,0.0,0.0,0.0,0.0,0.0,0.0,0.0,0.0,1.0,7.944091374406908,4.458871928370793,11.461717832632248,-0.19913442680170196,0.19554410957462887,-0.16351766875873364,0.23351633712600073,0.7818295851626198,0.3633314700950231
2005-01-06,Espoo,Classic Cars,Shipped,46.0,60.3,2773.8,Other,0.0,0.0,0.0,0.0,0.0,0.0,1.0,0.0,0.0,0.0,0.0,1.0,0.0,0.0,0.0,0.0,0.0,0.0,0.0,0.0,0.0,0.0,0.0,1.0,7.928333951511147,4.115779842942166,14.161377611660777,-0.22987195779565522,-1.0103667690228986,1.1781755694872693,0.2281961740071678,0.4071618433234776,0.7266629401900462
2005-01-06,Espoo,Classic Cars,Shipped,28.0,58.18,1629.04,Other,0.0,0.0,0.0,0.0,0.0,0.0,1.0,0.0,0.0,0.0,0.0,1.0,0.0,0.0,0.0,0.0,0.0,0.0,0.0,0.0,0.0,0.0,0.0,1.0,7.39635983337701,4.080583646972063,10.308532382015233,-1.2675778727982292,-1.1340754682561436,-0.7366347457903012,0.08999989690448593,0.3755039870979303,0.22358859698155265
2005-01-06,Espoo,Classic Cars,Shipped,46.0,88.45,4068.7,Other,0.0,0.0,0.0,0.0,0.0,0.0,1.0,0.0,0.0,0.0,0.0,1.0,0.0,0.0,0.0,0.0,0.0,0.0,0.0,0.0,0.0,0.0,0.0,1.0,8.31132456564621,4.493679809954728,14.161377611660777,0.5172163161083243,0.31788794916090896,1.1781755694872693,0.38451746337809506,0.8275244153749663,0.7266629401900462
2005-01-06,Espoo,Classic Cars,Shipped,24.0,100.0,4142.64,Other,0.0,0.0,0.0,0.0,0.0,0.0,1.0,0.0,0.0,0.0,0.0,1.0,0.0,0.0,0.0,0.0,0.0,0.0,0.0,0.0,0.0,0.0,0.0,1.0,8.329329907578805,4.61512051684126,9.323544176118064,0.5523387951692065,0.7447315744112115,-1.226160139275199,0.39344355507327344,1.0,0.11179429849077627
2005-01-06,Espoo,Classic Cars,Shipped,31.0,94.58,2931.98,Other,0.0,0.0,0.0,0.0,0.0,0.0,1.0,0.0,0.0,0.0,0.0,1.0,0.0,0.0,0.0,0.0,0.0,0.0,0.0,0.0,0.0,0.0,0.0,1.0,7.983774249997502,4.559963593150012,11.009728365329204,-0.12172623470938063,0.5508642800778202,-0.388150126800217,0.24729178104454003,0.9190634053101574,0.30743432084963496
2005-01-06,Espoo,Motorcycles,Shipped,32.0,89.12,2851.84,Other,0.0,0.0,0.0,0.0,0.0,0.0,1.0,0.0,0.0,0.0,0.0,0.0,1.0,0.0,0.0,0.0,0.0,0.0,0.0,0.0,0.0,0.0,0.0,1.0,7.956070268322973,4.501142115564043,11.237179911736995,-0.1757675586625373,0.3441166961821351,-0.2751098821684491,0.23761722074630376,0.8375294925783234,0.335382895472329
2005-01-06,Espoo,Classic Cars,Shipped,34.0,96.73,3288.82,Other,0.0,0.0,0.0,0.0,0.0,0.0,1.0,0.0,0.0,0.0,0.0,1.0,0.0,0.0,0.0,0.0,0.0,0.0,0.0,0.0,0.0,0.0,0.0,1.0,8.098588131016502,4.582208574350744,11.683463549954297,0.10223775037264585,0.6290516413241365,-0.05331314156158311,0.29036977077279835,0.9511692500671982,0.39128004471771716
2005-01-06,Espoo,Classic Cars,Shipped,43.0,100.0,5154.41,Other,0.0,0.0,0.0,0.0,0.0,0.0,1.0,0.0,0.0,0.0,0.0,1.0,0.0,0.0,0.0,0.0,0.0,0.0,0.0,0.0,0.0,0.0,0.0,1.0,8.547801927720954,4.61512051684126,13.569968697266269,0.9785055950865393,0.7447315744112115,0.8842535917456676,0.5155851806403621,1.0,0.6428172163219641
2005-01-07,New Bedford,Classic Cars,Shipped,30.0,87.06,2611.8,New Bedford,0.0,0.0,0.0,0.0,0.0,1.0,0.0,0.0,0.0,0.0,0.0,1.0,0.0,0.0,0.0,0.0,0.0,0.0,0.0,0.0,0.0,0.0,0.0,1.0,7.868177722216201,4.478018400327608,10.779232502977782,-0.34721690529529314,0.2628407328431039,-0.5027033539745942,0.20863941373371797,0.8067676134157633,0.2794857462269409
2005-01-07,New Bedford,Motorcycles,Shipped,22.0,100.0,3425.18,New Bedford,0.0,0.0,0.0,0.0,0.0,1.0,0.0,0.0,0.0,0.0,0.0,0.0,1.0,0.0,0.0,0.0,0.0,0.0,0.0,0.0,0.0,0.0,0.0,1.0,8.139201216908472,4.61512051684126,8.805943150564206,0.18146047572707324,0.7447315744112115,-1.4834006262023,0.30683125121037624,1.0,0.055897149245388134
2005-01-07,New Bedford,Motorcycles,Shipped,44.0,100.0,4984.32,New Bedford,0.0,0.0,0.0,0.0,0.0,1.0,0.0,0.0,0.0,0.0,0.0,0.0,1.0,0.0,0.0,0.0,0.0,0.0,0.0,0.0,0.0,0.0,0.0,1.0,8.514252872913417,4.61512051684126,13.768958087112637,0.9130624627427428,0.7447315744112115,0.9831485417366043,0.495051789560664,1.0,0.670765790944658
2005-01-10,Charleroi,Classic Cars,Shipped,49.0,100.0,6144.6,Other,0.0,0.0,0.0,0.0,0.0,0.0,1.0,0.0,0.0,0.0,0.0,1.0,0.0,0.0,0.0,0.0,0.0,0.0,0.0,0.0,0.0,0.0,0.0,1.0,8.72349165759164,4.61512051684126,14.736931873780104,1.3212182678975235,0.7447315744112115,1.464218006289084,0.6351216525858394,1.0,0.8105086640581285
2005-01-10,Charleroi,Classic Cars,Shipped,34.0,100.0,6275.72,Other,0.0,0.0,0.0,0.0,0.0,0.0,1.0,0.0,0.0,0.0,0.0,1.0,0.0,0.0,0.0,0.0,0.0,0.0,0.0,0.0,0.0,0.0,0.0,1.0,8.744602830026118,4.61512051684126,11.683463549954297,1.36239919712155,0.7447315744112115,-0.05331314156158311,0.6509505563330908,1.0,0.39128004471771716
2005-01-10,Charleroi,Classic Cars,Shipped,34.0,100.0,4207.84,Other,0.0,0.0,0.0,0.0,0.0,0.0,1.0,0.0,0.0,0.0,0.0,1.0,0.0,0.0,0.0,0.0,0.0,0.0,0.0,0.0,0.0,0.0,0.0,1.0,8.344942354268033,4.61512051684126,11.683463549954297,0.5827935254367227,0.7447315744112115,-0.05331314156158311,0.4013145474796248,1.0,0.39128004471771716
2005-01-12,Pasadena,Classic Cars,Resolved,44.0,85.25,3751.0,Other,0.0,0.0,0.0,0.0,0.0,0.0,1.0,0.0,0.0,0.0,0.0,1.0,0.0,0.0,0.0,0.0,0.0,0.0,0.0,0.0,0.0,0.0,1.0,0.0,8.230044310126114,4.457250055911469,13.768958087112637,0.3586653658817268,0.18984350112150017,0.9831485417366043,0.3461644835084962,0.7797389720156498,0.670765790944658
2005-01-12,Pasadena,Vintage Cars,Resolved,32.0,94.79,3033.28,Other,0.0,0.0,0.0,0.0,0.0,0.0,1.0,0.0,0.0,0.0,0.0,0.0,0.0,0.0,0.0,0.0,0.0,1.0,0.0,0.0,0.0,0.0,1.0,0.0,8.017729443059617,4.5621582953948,11.237179911736995,-0.05549086068555266,0.5585782887206185,-0.2751098821684491,0.25952079225256763,0.9221993250306126,0.335382895472329
2005-01-12,Pasadena,Vintage Cars,Resolved,37.0,100.0,4703.81,Other,0.0,0.0,0.0,0.0,0.0,0.0,1.0,0.0,0.0,0.0,0.0,0.0,0.0,0.0,0.0,0.0,0.0,1.0,0.0,0.0,0.0,0.0,1.0,0.0,8.45634066863235,4.61512051684126,12.33304085962557,0.8000948673565568,0.7447315744112115,0.26951771693185156,0.46118841410198863,1.0,0.47512576858579947
2005-01-12,Pasadena,Vintage Cars,Resolved,43.0,62.72,2696.96,Other,0.0,0.0,0.0,0.0,0.0,0.0,1.0,0.0,0.0,0.0,0.0,0.0,0.0,0.0,0.0,0.0,0.0,1.0,0.0,0.0,0.0,0.0,1.0,0.0,7.900251210860912,4.154498485041848,13.569968697266269,-0.28465211549288355,-0.8742772650805408,0.8842535917456676,0.21891999215894625,0.4432995848639608,0.6428172163219641
2005-01-12,Pasadena,Vintage Cars,Resolved,28.0,33.034,883.5186,Other,0.0,0.0,0.0,0.0,0.0,0.0,1.0,0.0,0.0,0.0,0.0,0.0,0.0,0.0,0.0,0.0,0.0,1.0,0.0,0.0,0.0,0.0,1.0,0.0,6.785043542208585,3.5273600249492447,10.308532382015233,-2.4600541788033214,-3.0785632965340333,-0.7366347457903012,0.0,0.0,0.22358859698155265
2005-01-12,Pasadena,Vintage Cars,Resolved,23.0,36.29,883.5186,Other,0.0,0.0,0.0,0.0,0.0,0.0,1.0,0.0,0.0,0.0,0.0,0.0,0.0,0.0,0.0,0.0,0.0,1.0,0.0,0.0,0.0,0.0,1.0,0.0,6.785043542208585,3.6187251941907292,9.067037908070397,-2.4600541788033214,-2.7574301191960484,-1.353640175122944,0.0,0.048621688618104675,0.0838457238680822
2005-01-12,Pasadena,Vintage Cars,Resolved,45.0,100.0,8884.8,Other,0.0,0.0,0.0,0.0,0.0,0.0,1.0,0.0,0.0,0.0,0.0,0.0,0.0,0.0,0.0,0.0,0.0,1.0,0.0,0.0,0.0,0.0,1.0,0.0,9.092209775927683,4.61512051684126,13.966075138951927,2.040465613441228,0.7447315744112115,1.0811129658652374,0.9659206309889707,1.0,0.6987143655673522
2005-01-12,Pasadena,Classic Cars,Resolved,49.0,56.3,2758.7,Other,0.0,0.0,0.0,0.0,0.0,0.0,1.0,0.0,0.0,0.0,0.0,1.0,0.0,0.0,0.0,0.0,0.0,0.0,0.0,0.0,0.0,0.0,1.0,0.0,7.922877257151221,4.048300623720694,14.736931873780104,-0.24051616739276252,-1.2475448561734053,1.464218006289084,0.22637329079649438,0.3474300391243317,0.8105086640581285
2005-01-12,Pasadena,Classic Cars,Resolved,38.0,38.5,1463.0,Other,0.0,0.0,0.0,0.0,0.0,0.0,1.0,0.0,0.0,0.0,0.0,1.0,0.0,0.0,0.0,0.0,0.0,0.0,0.0,0.0,0.0,0.0,1.0,0.0,7.288927694521257,3.676300671907076,12.544675977743431,-1.4771425154222213,-2.5550620149249994,0.3746974174111126,0.06995542483162412,0.08162351043813276,0.5030743432084936
2005-01-12,Pasadena,Classic Cars,Resolved,21.0,60.37,1267.77,Other,0.0,0.0,0.0,0.0,0.0,0.0,1.0,0.0,0.0,0.0,0.0,1.0,0.0,0.0,0.0,0.0,0.0,0.0,0.0,0.0,0.0,0.0,1.0,0.0,7.145803206212652,4.116921116401006,8.539972716394377,-1.7563311508026107,-1.0063553850886102,-1.6155842205467048,0.046387114287268466,0.4082071498969626,0.027948574622694067
2005-01-12,Pasadena,Classic Cars,Resolved,36.0,100.0,5018.4,Other,0.0,0.0,0.0,0.0,0.0,0.0,1.0,0.0,0.0,0.0,0.0,1.0,0.0,0.0,0.0,0.0,0.0,0.0,0.0,0.0,0.0,0.0,1.0,0.0,8.52106568363011,4.61512051684126,12.119023021201402,0.9263520077365907,0.7447315744112115,0.16315383770961095,0.4991659524626342,1.0,0.4471771939631053
2005-01-12,Pasadena,Vintage Cars,Resolved,27.0,100.0,4196.07,Other,0.0,0.0,0.0,0.0,0.0,0.0,1.0,0.0,0.0,0.0,0.0,0.0,0.0,0.0,0.0,0.0,0.0,1.0,0.0,0.0,0.0,0.0,1.0,0.0,8.342141941774443,4.61512051684126,10.068010317854855,0.577330844997986,0.7447315744112115,-0.8561708553548468,0.39989366434123896,1.0,0.19564002235885858
2005-01-12,Pasadena,Classic Cars,Resolved,46.0,100.0,4808.38,Other,0.0,0.0,0.0,0.0,0.0,0.0,1.0,0.0,0.0,0.0,0.0,1.0,0.0,0.0,0.0,0.0,0.0,0.0,0.0,0.0,0.0,0.0,1.0,0.0,8.478323456662832,4.61512051684126,14.161377611660777,0.8429760309129504,0.7447315744112115,1.1781755694872693,0.473812182137758,1.0,0.7266629401900462
2005-01-19,San Rafael,Classic Cars,Shipped,31.0,100.0,4223.13,San Rafael,0.0,0.0,0.0,0.0,0.0,0.0,0.0,0.0,0.0,1.0,0.0,1.0,0.0,0.0,0.0,0.0,0.0,0.0,0.0,0.0,0.0,0.0,0.0,1.0,8.348568601427662,4.61512051684126,11.009728365329204,0.5898671367244412,0.7447315744112115,-0.388150126800217,0.40316036763135965,1.0,0.30743432084963496
2005-01-19,San Rafael,Vintage Cars,Shipped,46.0,37.34,1717.64,San Rafael,0.0,0.0,0.0,0.0,0.0,0.0,0.0,0.0,0.0,1.0,0.0,0.0,0.0,0.0,0.0,0.0,0.0,1.0,0.0,0.0,0.0,0.0,0.0,1.0,7.449288559366794,3.6464937376174986,14.161377611660777,-1.1643313986543504,-2.6598283672952014,1.1781755694872693,0.10069575468366901,0.06430128722038053,0.7266629401900462
2005-01-19,San Rafael,Classic Cars,Shipped,20.0,99.58,1991.6,San Rafael,0.0,0.0,0.0,0.0,0.0,0.0,0.0,0.0,0.0,1.0,0.0,1.0,0.0,0.0,0.0,0.0,0.0,0.0,0.0,0.0,0.0,0.0,0.0,1.0,7.597195597610756,4.610953430743819,8.268807419728406,-0.875813586933348,0.7300849688193668,-1.7503495890608907,0.13376840927943642,0.9937281605590895,0.0
2005-01-19,San Rafael,Classic Cars,Shipped,40.0,100.0,4107.2,San Rafael,0.0,0.0,0.0,0.0,0.0,0.0,0.0,0.0,0.0,1.0,0.0,1.0,0.0,0.0,0.0,0.0,0.0,0.0,0.0,0.0,0.0,0.0,0.0,1.0,8.320740255355073,4.61512051684126,12.961139346341028,0.5355832188798092,0.7447315744112115,0.5816739001387327,0.38916521196160014,1.0,0.5589714924538818
2005-01-19,San Rafael,Classic Cars,Shipped,46.0,79.62,3662.52,San Rafael,0.0,0.0,0.0,0.0,0.0,0.0,0.0,0.0,0.0,1.0,0.0,1.0,0.0,0.0,0.0,0.0,0.0,0.0,0.0,0.0,0.0,0.0,0.0,1.0,8.206179712845387,4.38974675768902,14.161377611660777,0.3121134136096407,-0.047419219660787715,1.1781755694872693,0.3354831122184046,0.695666457605352,0.7266629401900462
2005-01-20,Brickhaven,Vintage Cars,Shipped,35.050383351588174,73.08,3288.6,Other,0.0,0.0,0.0,0.0,0.0,0.0,1.0,0.0,0.0,0.0,0.0,0.0,0.0,0.0,0.0,0.0,0.0,1.0,0.0,0.0,0.0,0.0,0.0,1.0,8.098521255820792,4.305145590337924,11.913498472712774,0.10210729893940948,-0.34477806990439,0.06101100506720186,0.290343212209464,0.5980049577397486,0.42063676220201485
2005-01-20,Brickhaven,Vintage Cars,Shipped,32.0,98.63,3156.16,Other,0.0,0.0,0.0,0.0,0.0,0.0,1.0,0.0,0.0,0.0,0.0,0.0,0.0,0.0,0.0,0.0,0.0,1.0,0.0,0.0,0.0,0.0,0.0,1.0,8.057428168300042,4.601463324056765,11.237179911736995,0.021948248842073158,0.6967288426392146,-0.2751098821684491,0.2743549570822066,0.9795418570617924,0.335382895472329
2005-01-20,Brickhaven,Vintage Cars,Shipped,42.0,100.0,4581.36,Other,0.0,0.0,0.0,0.0,0.0,0.0,1.0,0.0,0.0,0.0,0.0,0.0,0.0,0.0,0.0,0.0,0.0,1.0,0.0,0.0,0.0,0.0,0.0,1.0,8.429969428237895,4.61512051684126,13.369046010543581,0.748653281740955,0.7447315744112115,0.7843978201850537,0.4464061591915939,1.0,0.6148686416992699
2005-01-20,Brickhaven,Vintage Cars,Shipped,40.0,86.92,3476.8,Other,0.0,0.0,0.0,0.0,0.0,0.0,1.0,0.0,0.0,0.0,0.0,0.0,0.0,0.0,0.0,0.0,0.0,1.0,0.0,0.0,0.0,0.0,0.0,1.0,8.154155188947968,4.4764273100953655,12.961139346341028,0.21063073929665455,0.2572483187321972,0.5816739001387327,0.3130628559345459,0.8046770002687931,0.5589714924538818
2005-01-20,Brickhaven,Vintage Cars,Shipped,28.0,44.21,1237.88,Other,0.0,0.0,0.0,0.0,0.0,0.0,1.0,0.0,0.0,0.0,0.0,0.0,0.0,0.0,0.0,0.0,0.0,1.0,0.0,0.0,0.0,0.0,0.0,1.0,7.121963024638413,3.811318301306514,10.308532382015233,-1.8028354760902656,-2.0804977943839735,-0.7366347457903012,0.04277877129607455,0.16689066093241345,0.22358859698155265
2005-01-20,North Sydney,Trucks and Buses,Shipped,22.0,100.0,3949.0,Other,0.0,0.0,0.0,0.0,0.0,0.0,1.0,0.0,0.0,0.0,0.0,0.0,0.0,0.0,0.0,0.0,1.0,0.0,0.0,0.0,0.0,0.0,0.0,1.0,8.281470857895167,4.61512051684126,8.805943150564206,0.4589815861431272,0.7447315744112115,-1.4834006262023,0.37006719050937936,1.0,0.055897149245388134
2005-01-20,Brickhaven,Vintage Cars,Shipped,21.0,94.22,1978.62,Other,0.0,0.0,0.0,0.0,0.0,0.0,1.0,0.0,0.0,0.0,0.0,0.0,0.0,0.0,0.0,0.0,0.0,1.0,0.0,0.0,0.0,0.0,0.0,1.0,7.590660186077817,4.556190003766373,8.539972716394377,-0.888562017681245,0.5376007491414948,-1.6155842205467048,0.13220145404271186,0.9136875429322342,0.027948574622694067
2005-01-20,North Sydney,Trucks and Buses,Shipped,25.0,100.0,3160.25,Other,0.0,0.0,0.0,0.0,0.0,0.0,1.0,0.0,0.0,0.0,0.0,0.0,0.0,0.0,0.0,0.0,1.0,0.0,0.0,0.0,0.0,0.0,0.0,1.0,8.058722797984174,4.61512051684126,9.57572149487329,0.024473644035496876,0.7447315744112115,-1.1008315308182302,0.27484870491874,1.0,0.13974287311347044
2005-01-20,Brickhaven,Classic Cars,Shipped,41.0,100.0,4514.92,Other,0.0,0.0,0.0,0.0,0.0,0.0,1.0,0.0,0.0,0.0,0.0,1.0,0.0,0.0,0.0,0.0,0.0,0.0,0.0,0.0,0.0,0.0,0.0,1.0,8.415364210320792,4.61512051684126,13.166125611826143,0.7201633223503792,0.7447315744112115,0.6835492136397722,0.43838547306463094,1.0,0.5869200670765757
2005-01-20,North Sydney,Classic Cars,Shipped,27.0,56.85,1534.95,Other,0.0,0.0,0.0,0.0,0.0,0.0,1.0,0.0,0.0,0.0,0.0,1.0,0.0,0.0,0.0,0.0,0.0,0.0,0.0,0.0,0.0,0.0,0.0,1.0,7.3369043610944535,4.0578534536396855,10.068010317854855,-1.3835558746665908,-1.2139682684001492,-0.8561708553548468,0.07864128224936928,0.3556431622017143,0.19564002235885858
2005-01-20,North Sydney,Trucks and Buses,Shipped,35.050383351588174,100.0,8470.14,Other,0.0,0.0,0.0,0.0,0.0,0.0,1.0,0.0,0.0,0.0,0.0,0.0,0.0,0.0,0.0,0.0,1.0,0.0,0.0,0.0,0.0,0.0,0.0,1.0,9.044420371269364,4.61512051684126,11.913498472712774,1.9472442588717092,0.7447315744112115,0.06101100506720186,0.9158625679334849,1.0,0.42063676220201485
2005-01-20,Brickhaven,Vintage Cars,Shipped,44.0,100.0,9167.099200000002,Other,0.0,0.0,0.0,0.0,0.0,0.0,1.0,0.0,0.0,0.0,0.0,0.0,0.0,0.0,0.0,0.0,0.0,1.0,0.0,0.0,0.0,0.0,0.0,1.0,9.123485259140311,4.61512051684126,13.768958087112637,2.1014737580444667,0.7447315744112115,0.9831485417366043,1.0,1.0,0.670765790944658
2005-01-20,North Sydney,Classic Cars,Shipped,35.0,65.63,2297.05,Other,0.0,0.0,0.0,0.0,0.0,0.0,1.0,0.0,0.0,0.0,0.0,1.0,0.0,0.0,0.0,0.0,0.0,0.0,0.0,0.0,0.0,0.0,0.0,1.0,7.739816216222477,4.199154926574446,11.902530119204657,-0.5976078350185686,-0.7173173964891774,0.05555988642964223,0.17064256005428374,0.4867544724188393,0.41922861934041133
2005-01-20,North Sydney,Trucks and Buses,Shipped,27.0,100.0,3911.49,Other,0.0,0.0,0.0,0.0,0.0,0.0,1.0,0.0,0.0,0.0,0.0,0.0,0.0,0.0,0.0,0.0,1.0,0.0,0.0,0.0,0.0,0.0,0.0,1.0,8.2719292789346,4.61512051684126,10.068010317854855,0.44036911499401776,0.7447315744112115,-0.8561708553548468,0.3655389554608787,1.0,0.19564002235885858
2005-01-20,North Sydney,Trucks and Buses,Shipped,22.0,96.86,2130.92,Other,0.0,0.0,0.0,0.0,0.0,0.0,1.0,0.0,0.0,0.0,0.0,0.0,0.0,0.0,0.0,0.0,1.0,0.0,0.0,0.0,0.0,0.0,0.0,1.0,7.664778261129555,4.583537885860977,8.805943150564206,-0.7439821175170036,0.6337239473297736,-1.4834006262023,0.15058722311460332,0.9531105337036705,0.055897149245388134
2005-01-20,North Sydney,Classic Cars,Shipped,20.0,100.0,2730.0,Other,0.0,0.0,0.0,0.0,0.0,0.0,1.0,0.0,0.0,0.0,0.0,1.0,0.0,0.0,0.0,0.0,0.0,0.0,0.0,0.0,0.0,0.0,0.0,1.0,7.912423121473705,4.61512051684126,8.268807419728406,-0.26090873548770516,0.7447315744112115,-1.7503495890608907,0.2229086054887906,1.0,0.0
2005-01-20,North Sydney,Trucks and Buses,Shipped,29.0,57.53,1668.37,Other,0.0,0.0,0.0,0.0,0.0,0.0,1.0,0.0,0.0,0.0,0.0,0.0,0.0,0.0,0.0,0.0,1.0,0.0,0.0,0.0,0.0,0.0,0.0,1.0,7.42020158872683,4.069539443303129,10.54555133395328,-1.2210704775938743,-1.1728939835045378,-0.6188396341166861,0.0947478437042068,0.36579756891556914,0.2515371716042467
2005-01-23,San Rafael,Classic Cars,Shipped,28.0,50.32,1408.96,San Rafael,0.0,0.0,0.0,0.0,0.0,0.0,0.0,0.0,0.0,1.0,0.0,1.0,0.0,0.0,0.0,0.0,0.0,0.0,0.0,0.0,0.0,0.0,0.0,1.0,7.251316614175486,3.938080539747436,10.308532382015233,-1.5505093188323873,-1.6349498822533064,-0.7366347457903012,0.06343167591077703,0.2581309918466087,0.22358859698155265
2005-01-23,San Rafael,Trains,Shipped,30.0,99.55,2986.5,San Rafael,0.0,0.0,0.0,0.0,0.0,0.0,0.0,0.0,0.0,1.0,0.0,0.0,0.0,0.0,0.0,1.0,0.0,0.0,0.0,0.0,0.0,0.0,0.0,1.0,8.002192196239767,4.610655116218661,10.779232502977782,-0.08579890082924232,0.7290364435213202,-0.5027033539745942,0.2538734759217529,0.9932801720275961,0.2794857462269409
2005-01-23,San Rafael,Trucks and Buses,Shipped,20.0,100.0,3449.4,San Rafael,0.0,0.0,0.0,0.0,0.0,0.0,0.0,0.0,0.0,1.0,0.0,0.0,0.0,0.0,0.0,0.0,1.0,0.0,0.0,0.0,0.0,0.0,0.0,1.0,8.146245445333633,4.61512051684126,8.268807419728406,0.19520144028576003,0.7447315744112115,-1.7503495890608907,0.3097551075919994,1.0,0.0
2005-01-23,San Rafael,Classic Cars,Shipped,25.0,97.27,2431.75,San Rafael,0.0,0.0,0.0,0.0,0.0,0.0,0.0,0.0,0.0,1.0,0.0,1.0,0.0,0.0,0.0,0.0,0.0,0.0,0.0,0.0,0.0,0.0,0.0,1.0,7.796777583702099,4.587718792374336,9.57572149487329,-0.4864950083879037,0.648419129355204,-1.1008315308182302,0.18690364405943,0.9592330436340828,0.13974287311347044
2005-01-23,San Rafael,Classic Cars,Shipped,25.0,100.0,2602.25,San Rafael,0.0,0.0,0.0,0.0,0.0,0.0,0.0,0.0,0.0,1.0,0.0,1.0,0.0,0.0,0.0,0.0,0.0,0.0,0.0,0.0,0.0,0.0,0.0,1.0,7.864515943410005,4.61512051684126,9.57572149487329,-0.3543598270974816,0.7447315744112115,-1.1008315308182302,0.20748653064352385,1.0,0.13974287311347044
2005-01-23,San Rafael,Trucks and Buses,Shipped,26.0,100.0,4044.04,San Rafael,0.0,0.0,0.0,0.0,0.0,0.0,0.0,0.0,0.0,1.0,0.0,0.0,0.0,0.0,0.0,0.0,1.0,0.0,0.0,0.0,0.0,0.0,0.0,1.0,8.305246718195244,4.61512051684126,9.823805373555334,0.5053604418555093,0.7447315744112115,-0.9775373049564378,0.38154048986980327,1.0,0.1676914477361645
2005-01-23,San Rafael,Classic Cars,Shipped,34.0,100.0,4301.34,San Rafael,0.0,0.0,0.0,0.0,0.0,0.0,0.0,0.0,0.0,1.0,0.0,1.0,0.0,0.0,0.0,0.0,0.0,0.0,0.0,0.0,0.0,0.0,0.0,1.0,8.366914339712634,4.61512051684126,11.683463549954297,0.6256536167136898,0.7447315744112115,-0.05331314156158311,0.41260193689670854,1.0,0.39128004471771716
2005-01-23,San Rafael,Trucks and Buses,Shipped,35.050383351588174,66.47,1329.4,San Rafael,0.0,0.0,0.0,0.0,0.0,0.0,0.0,0.0,0.0,1.0,0.0,0.0,0.0,0.0,0.0,0.0,1.0,0.0,0.0,0.0,0.0,0.0,0.0,1.0,7.193234927878718,4.211683054639334,11.913498472712774,-1.6638075176900282,-0.6732831369899024,0.06101100506720186,0.05382713364314942,0.49929815130066,0.42063676220201485
2005-01-23,San Rafael,Trucks and Buses,Shipped,48.0,56.55,2714.4,San Rafael,0.0,0.0,0.0,0.0,0.0,0.0,0.0,0.0,0.0,1.0,0.0,0.0,0.0,0.0,0.0,0.0,1.0,0.0,0.0,0.0,0.0,0.0,0.0,1.0,7.906694551166181,4.0526541351678915,14.546755227281093,-0.27208328532008463,-1.232242996884767,1.3697028667658944,0.22102536190690286,0.3511632768867783,0.7825600894354343
2005-01-23,San Rafael,Trucks and Buses,Shipped,49.0,35.71,1749.79,San Rafael,0.0,0.0,0.0,0.0,0.0,0.0,0.0,0.0,0.0,1.0,0.0,0.0,0.0,0.0,0.0,0.0,1.0,0.0,0.0,0.0,0.0,0.0,0.0,1.0,7.467822393625766,3.603049197508743,14.736931873780104,-1.1281780055049437,-2.812528606554185,1.464218006289084,0.1045769265527518,0.039960577009228615,0.8105086640581285
2005-01-23,San Rafael,Classic Cars,Shipped,45.0,100.0,5545.8,San Rafael,0.0,0.0,0.0,0.0,0.0,0.0,0.0,0.0,0.0,1.0,0.0,1.0,0.0,0.0,0.0,0.0,0.0,0.0,0.0,0.0,0.0,0.0,0.0,1.0,8.620976463879709,4.61512051684126,13.966075138951927,1.121244962305835,0.7447315744112115,1.0811129658652374,0.5628340720195321,1.0,0.6987143655673522
2005-01-23,San Rafael,Classic Cars,Shipped,32.0,100.0,3560.64,San Rafael,0.0,0.0,0.0,0.0,0.0,0.0,0.0,0.0,0.0,1.0,0.0,1.0,0.0,0.0,0.0,0.0,0.0,0.0,0.0,0.0,0.0,0.0,0.0,1.0,8.177976391925617,4.61512051684126,11.237179911736995,0.25709804360665506,0.7447315744112115,-0.2751098821684491,0.3231840829797683,1.0,0.335382895472329
2005-01-26,Minato-ku,Trains,Shipped,25.0,84.71,2117.75,Other,0.0,0.0,0.0,0.0,0.0,0.0,1.0,0.0,0.0,0.0,0.0,0.0,0.0,0.0,0.0,1.0,0.0,0.0,0.0,0.0,0.0,0.0,0.0,1.0,7.65858157112876,4.450969504910791,9.57572149487329,-0.7560698143580014,0.1677684224561252,-1.1008315308182302,0.14899733093681733,0.771675178448765,0.13974287311347044
2005-01-26,Minato-ku,Ships,Shipped,37.0,100.0,3910.53,Other,0.0,0.0,0.0,0.0,0.0,0.0,1.0,0.0,0.0,0.0,0.0,0.0,0.0,0.0,1.0,0.0,0.0,0.0,0.0,0.0,0.0,0.0,0.0,1.0,8.271683880787657,4.61512051684126,12.33304085962557,0.4398904242082589,0.7447315744112115,0.26951771693185156,0.3654230635481472,1.0,0.47512576858579947
2005-01-26,Minato-ku,Classic Cars,Shipped,35.050383351588174,100.0,7031.52,Other,0.0,0.0,0.0,0.0,0.0,0.0,1.0,0.0,0.0,0.0,0.0,1.0,0.0,0.0,0.0,0.0,0.0,0.0,0.0,0.0,0.0,0.0,0.0,1.0,8.858300384298824,4.61512051684126,11.913498472712774,1.5841855971891636,0.7447315744112115,0.06101100506720186,0.7421912934607044,1.0,0.42063676220201485
2005-01-26,Minato-ku,Vintage Cars,Shipped,28.0,100.0,3862.88,Other,0.0,0.0,0.0,0.0,0.0,0.0,1.0,0.0,0.0,0.0,0.0,0.0,0.0,0.0,0.0,0.0,0.0,1.0,0.0,0.0,0.0,0.0,0.0,1.0,8.259427138949544,4.61512051684126,10.308532382015233,0.41598156648284834,0.7447315744112115,-0.7366347457903012,0.3596707201714195,1.0,0.22358859698155265
2005-01-26,Minato-ku,Classic Cars,Shipped,34.0,100.0,5941.5,Other,0.0,0.0,0.0,0.0,0.0,0.0,1.0,0.0,0.0,0.0,0.0,1.0,0.0,0.0,0.0,0.0,0.0,0.0,0.0,0.0,0.0,0.0,0.0,1.0,8.689885199234348,4.61512051684126,11.683463549954297,1.2556631601754282,0.7447315744112115,-0.05331314156158311,0.6106032697985697,1.0,0.39128004471771716
2005-01-26,Minato-ku,Vintage Cars,Shipped,41.0,86.89,3562.49,Other,0.0,0.0,0.0,0.0,0.0,0.0,1.0,0.0,0.0,0.0,0.0,0.0,0.0,0.0,0.0,0.0,0.0,1.0,0.0,0.0,0.0,0.0,0.0,1.0,8.178495680708158,4.4760860325765535,13.166125611826143,0.2581110046189839,0.25604878574955175,0.6835492136397722,0.3234074163532614,0.8042290117372994,0.5869200670765757
2005-01-26,Minato-ku,Classic Cars,Shipped,40.0,100.0,5862.0,Other,0.0,0.0,0.0,0.0,0.0,0.0,1.0,0.0,0.0,0.0,0.0,1.0,0.0,0.0,0.0,0.0,0.0,0.0,0.0,0.0,0.0,0.0,0.0,1.0,8.676416696964216,4.61512051684126,12.961139346341028,1.2293905578146906,0.7447315744112115,0.5816739001387327,0.6010059707754879,1.0,0.5589714924538818
2005-01-26,Minato-ku,Ships,Shipped,44.0,100.0,4496.8,Other,0.0,0.0,0.0,0.0,0.0,0.0,1.0,0.0,0.0,0.0,0.0,0.0,0.0,0.0,1.0,0.0,0.0,0.0,0.0,0.0,0.0,0.0,0.0,1.0,8.411343667324385,4.61512051684126,13.768958087112637,0.7123205700309096,0.7447315744112115,0.9831485417366043,0.43619801321182283,1.0,0.670765790944658
2005-01-26,Minato-ku,Trains,Shipped,24.0,58.58,1405.92,Other,0.0,0.0,0.0,0.0,0.0,0.0,1.0,0.0,0.0,0.0,0.0,0.0,0.0,0.0,0.0,1.0,0.0,0.0,0.0,0.0,0.0,0.0,0.0,1.0,7.249158196933559,4.0873199472851365,9.323544176118064,-1.554719678439443,-1.1103985075390632,-1.226160139275199,0.06306468485379377,0.3814771675178449,0.11179429849077627
2005-01-31,Oulu,Vintage Cars,Shipped,23.0,100.0,2394.3,Other,0.0,0.0,0.0,0.0,0.0,0.0,1.0,0.0,0.0,0.0,0.0,0.0,0.0,0.0,0.0,0.0,0.0,1.0,0.0,0.0,0.0,0.0,0.0,1.0,7.781263762960851,4.61512051684126,9.067037908070397,-0.5167573519845204,0.7447315744112115,-1.353640175122944,0.18238265225547512,1.0,0.0838457238680822
2005-01-31,Oulu,Planes,Shipped,39.0,73.0,2847.0,Other,0.0,0.0,0.0,0.0,0.0,0.0,1.0,0.0,0.0,0.0,0.0,0.0,0.0,1.0,0.0,0.0,0.0,0.0,0.0,0.0,0.0,0.0,0.0,1.0,7.954372272531867,4.30406509320417,12.754015005493859,-0.17907978799102584,-0.34857583529515734,0.4787359930181514,0.23703293235294887,0.5968103216557656,0.5310229178311876
2005-01-31,Oulu,Ships,Shipped,37.0,100.0,4025.6,Other,0.0,0.0,0.0,0.0,0.0,0.0,1.0,0.0,0.0,0.0,0.0,0.0,0.0,0.0,1.0,0.0,0.0,0.0,0.0,0.0,0.0,0.0,0.0,1.0,8.300677626392249,4.61512051684126,12.33304085962557,0.4964476518746956,0.7447315744112115,0.26951771693185156,0.379314399379418,1.0,0.47512576858579947
2005-01-31,Oulu,Planes,Shipped,38.0,70.44,2676.72,Other,0.0,0.0,0.0,0.0,0.0,0.0,1.0,0.0,0.0,0.0,0.0,0.0,0.0,1.0,0.0,0.0,0.0,0.0,0.0,0.0,0.0,0.0,0.0,1.0,7.8927209651462595,4.268857936568244,12.544675977743431,-0.2993411393629265,-0.47232305942219927,0.3746974174111126,0.2164766043321893,0.5585819669683123,0.5030743432084936
2005-01-31,Oulu,Ships,Shipped,34.0,96.34,3275.56,Other,0.0,0.0,0.0,0.0,0.0,0.0,1.0,0.0,0.0,0.0,0.0,0.0,0.0,0.0,1.0,0.0,0.0,0.0,0.0,0.0,0.0,0.0,0.0,1.0,8.094549370535294,4.5782100044053085,11.683463549954297,0.09435946175340207,0.6149973416162018,-0.05331314156158311,0.28876901372819375,0.9453453991577816,0.39128004471771716
2005-01-31,Oulu,Ships,Shipped,29.0,100.0,3978.51,Other,0.0,0.0,0.0,0.0,0.0,0.0,1.0,0.0,0.0,0.0,0.0,0.0,0.0,0.0,1.0,0.0,0.0,0.0,0.0,0.0,0.0,0.0,0.0,1.0,8.288913975121249,4.61512051684126,10.54555133395328,0.47350065109059686,0.7447315744112115,-0.6188396341166861,0.3736296596184504,1.0,0.2515371716042467
2005-01-31,Oulu,Vintage Cars,Shipped,33.0,57.32,1891.56,Other,0.0,0.0,0.0,0.0,0.0,0.0,1.0,0.0,0.0,0.0,0.0,0.0,0.0,0.0,0.0,0.0,0.0,1.0,0.0,0.0,0.0,0.0,0.0,1.0,7.545685688904152,4.065945087700403,11.461717832632248,-0.9762924168688435,-1.1855275378969707,-0.16351766875873364,0.121691506206869,0.3626616491951139,0.3633314700950231
2005-01-31,Oulu,Planes,Shipped,28.0,57.55,1611.4,Other,0.0,0.0,0.0,0.0,0.0,0.0,1.0,0.0,0.0,0.0,0.0,0.0,0.0,1.0,0.0,0.0,0.0,0.0,0.0,0.0,0.0,0.0,0.0,1.0,7.385479031243011,4.069881090043726,10.308532382015233,-1.288802726319349,-1.171693152769523,-0.7366347457903012,0.08787038300804365,0.3660962279365648,0.22358859698155265
2005-01-31,Oulu,Vintage Cars,Shipped,50.0,60.49,3024.5,Other,0.0,0.0,0.0,0.0,0.0,0.0,1.0,0.0,0.0,0.0,0.0,0.0,0.0,0.0,0.0,0.0,0.0,1.0,0.0,0.0,0.0,0.0,0.0,1.0,8.014831646062376,4.118874559965378,14.925497315272617,-0.06114350614706554,-0.9994893600619477,1.5579323994073224,0.2584608641340436,0.40999910402293704,0.8384572386808227
2005-01-31,Oulu,Ships,Shipped,32.0,84.41,2701.12,Other,0.0,0.0,0.0,0.0,0.0,0.0,1.0,0.0,0.0,0.0,0.0,0.0,0.0,0.0,1.0,0.0,0.0,0.0,0.0,0.0,0.0,0.0,0.0,1.0,7.901791929080983,4.4474631899580555,11.237179911736995,-0.28164668279264626,0.15544431611595508,-0.2751098821684491,0.21942219044744965,0.7671952931338291,0.335382895472329
2005-01-31,Oulu,Classic Cars,Shipped,39.0,100.0,4046.25,Other,0.0,0.0,0.0,0.0,0.0,0.0,1.0,0.0,0.0,0.0,0.0,1.0,0.0,0.0,0.0,0.0,0.0,0.0,0.0,0.0,0.0,0.0,0.0,1.0,8.305792917121614,4.61512051684126,12.754015005493859,0.5064258956761776,0.7447315744112115,0.4787359930181514,0.38180728271057074,1.0,0.5310229178311876
2005-01-31,Oulu,Planes,Shipped,45.0,55.62,2502.9,Other,0.0,0.0,0.0,0.0,0.0,0.0,1.0,0.0,0.0,0.0,0.0,0.0,0.0,1.0,0.0,0.0,0.0,0.0,0.0,0.0,0.0,0.0,0.0,1.0,7.825604795320285,4.036362279683754,13.966075138951927,-0.4302626335608253,-1.2895061241770092,1.0811129658652374,0.19549292488323222,0.337275632410477,0.6987143655673522
2005-01-31,Oulu,Ships,Shipped,41.0,70.33,2883.53,Other,0.0,0.0,0.0,0.0,0.0,0.0,1.0,0.0,0.0,0.0,0.0,0.0,0.0,0.0,1.0,0.0,0.0,0.0,0.0,0.0,0.0,0.0,0.0,1.0,7.967117254058877,4.267316996289947,13.166125611826143,-0.15421853578656716,-0.4777392048938919,0.6835492136397722,0.24144286107386936,0.5569393423528357,0.5869200670765757
2005-01-31,Oulu,Vintage Cars,Shipped,46.0,66.0,3036.0,Other,0.0,0.0,0.0,0.0,0.0,0.0,1.0,0.0,0.0,0.0,0.0,0.0,0.0,0.0,0.0,0.0,0.0,1.0,0.0,0.0,0.0,0.0,0.0,1.0,8.01862546504575,4.204692619390966,14.161377611660777,-0.053743017541897996,-0.6978533391897206,1.1781755694872693,0.25984915267197367,0.49227966430726044,0.7266629401900462
2005-01-31,Oulu,Ships,Shipped,44.0,100.0,4627.92,Other,0.0,0.0,0.0,0.0,0.0,0.0,1.0,0.0,0.0,0.0,0.0,0.0,0.0,0.0,1.0,0.0,0.0,0.0,0.0,0.0,0.0,0.0,0.0,1.0,8.44007885853153,4.61512051684126,13.768958087112637,0.7683734434093585,0.7447315744112115,0.9831485417366043,0.45202691695907427,1.0,0.670765790944658
2005-01-31,Oulu,Ships,Shipped,22.0,86.74,1908.28,Other,0.0,0.0,0.0,0.0,0.0,0.0,1.0,0.0,0.0,0.0,0.0,0.0,0.0,0.0,1.0,0.0,0.0,0.0,0.0,0.0,0.0,0.0,0.0,1.0,7.554481486621346,4.474377895738068,8.805943150564206,-0.959134718764447,0.2500449725368711,-1.4834006262023,0.12370995702027693,0.8019890690798315,0.055897149245388134
2005-01-31,Oulu,Planes,Shipped,25.0,64.97,1624.25,Other,0.0,0.0,0.0,0.0,0.0,0.0,1.0,0.0,0.0,0.0,0.0,0.0,0.0,1.0,0.0,0.0,0.0,0.0,0.0,0.0,0.0,0.0,0.0,1.0,7.393416929084578,4.1892000932347795,9.57572149487329,-1.2733185077040297,-0.7523069585594633,-1.1008315308182302,0.08942164454825247,0.4768987247259804,0.13974287311347044
2005-02-02,South Brisbane,Planes,Shipped,42.0,69.27,2909.34,Other,0.0,0.0,0.0,0.0,0.0,0.0,1.0,0.0,0.0,0.0,0.0,0.0,0.0,1.0,0.0,0.0,0.0,0.0,0.0,0.0,0.0,0.0,0.0,1.0,7.976025191828426,4.252344965204106,13.369046010543581,-0.13684208945425722,-0.5303633717806319,0.7843978201850537,0.24455866343595417,0.541110414240062,0.6148686416992699
2005-02-02,South Brisbane,Motorcycles,Shipped,22.0,100.0,3834.38,Other,0.0,0.0,0.0,0.0,0.0,0.0,1.0,0.0,0.0,0.0,0.0,0.0,1.0,0.0,0.0,0.0,0.0,0.0,0.0,0.0,0.0,0.0,0.0,1.0,8.252023796245854,4.61512051684126,8.805943150564206,0.4015400885001308,0.7447315744112115,-1.4834006262023,0.35623017901220144,1.0,0.055897149245388134
2005-02-02,South Brisbane,Motorcycles,Shipped,39.0,100.0,5288.01,Other,0.0,0.0,0.0,0.0,0.0,0.0,1.0,0.0,0.0,0.0,0.0,0.0,1.0,0.0,0.0,0.0,0.0,0.0,0.0,0.0,0.0,0.0,0.0,1.0,8.573386361780774,4.61512051684126,12.754015005493859,1.0284123812455865,0.7447315744112115,0.4787359930181514,0.5317134718288368,1.0,0.5310229178311876
2005-02-02,South Brisbane,Motorcycles,Shipped,22.0,53.3,1172.6,Other,0.0,0.0,0.0,0.0,0.0,0.0,1.0,0.0,0.0,0.0,0.0,0.0,1.0,0.0,0.0,0.0,0.0,0.0,0.0,0.0,0.0,0.0,0.0,1.0,7.067831226828772,3.9945242269398897,8.805943150564206,-1.9084287462550078,-1.436559830997823,-1.4834006262023,0.034898121230328816,0.3026311859749723,0.055897149245388134
2005-02-02,South Brisbane,Motorcycles,Shipped,38.0,100.0,4197.1,Other,0.0,0.0,0.0,0.0,0.0,0.0,1.0,0.0,0.0,0.0,0.0,0.0,1.0,0.0,0.0,0.0,0.0,0.0,0.0,0.0,0.0,0.0,0.0,1.0,8.342387320963946,4.61512051684126,12.544675977743431,0.5778094988040366,0.7447315744112115,0.3746974174111126,0.40001800670594057,1.0,0.5030743432084936
2005-02-02,South Brisbane,Planes,Shipped,46.0,94.1,4328.6,Other,0.0,0.0,0.0,0.0,0.0,0.0,1.0,0.0,0.0,0.0,0.0,0.0,0.0,1.0,0.0,0.0,0.0,0.0,0.0,0.0,0.0,0.0,0.0,1.0,8.373230437976469,4.554928969551344,14.161377611660777,0.6379742396626165,0.5331684263256339,1.1781755694872693,0.41589278433531496,0.9118955888062599,0.7266629401900462
2005-02-03,Nantes,Motorcycles,Shipped,49.0,100.0,5406.66,Nantes,0.0,0.0,0.0,0.0,1.0,0.0,0.0,0.0,0.0,0.0,0.0,0.0,1.0,0.0,0.0,0.0,0.0,0.0,0.0,0.0,0.0,0.0,0.0,1.0,8.595571745923925,4.61512051684126,14.736931873780104,1.0716887429466035,0.7447315744112115,1.464218006289084,0.5460369879180024,1.0,0.8105086640581285
2005-02-03,Nantes,Planes,Shipped,33.0,100.0,3856.71,Nantes,0.0,0.0,0.0,0.0,1.0,0.0,0.0,0.0,0.0,0.0,0.0,0.0,0.0,1.0,0.0,0.0,0.0,0.0,0.0,0.0,0.0,0.0,0.0,1.0,8.257829022159305,4.61512051684126,11.461717832632248,0.4128641681178436,0.7447315744112115,-0.16351766875873364,0.3589258731906344,1.0,0.3633314700950231
2005-02-03,Nantes,Motorcycles,Shipped,20.0,100.0,2046.0,Nantes,0.0,0.0,0.0,0.0,1.0,0.0,0.0,0.0,0.0,0.0,0.0,0.0,1.0,0.0,0.0,0.0,0.0,0.0,0.0,0.0,0.0,0.0,0.0,1.0,7.624130585661289,4.61512051684126,8.268807419728406,-0.8232723157177534,0.7447315744112115,-1.7503495890608907,0.14033561766755787,1.0,0.0
2005-02-03,Nantes,Planes,Shipped,37.0,81.87,3029.19,Nantes,0.0,0.0,0.0,0.0,1.0,0.0,0.0,0.0,0.0,0.0,0.0,0.0,0.0,1.0,0.0,0.0,0.0,0.0,0.0,0.0,0.0,0.0,0.0,1.0,8.016380602808086,4.417273114860951,12.33304085962557,-0.05812200280260964,0.049331288356098936,0.26951771693185156,0.25902704441603425,0.7292655974673716,0.47512576858579947
2005-02-03,Nantes,Planes,Shipped,25.0,66.73,1668.25,Nantes,0.0,0.0,0.0,0.0,1.0,0.0,0.0,0.0,0.0,0.0,0.0,0.0,0.0,1.0,0.0,0.0,0.0,0.0,0.0,0.0,0.0,0.0,0.0,1.0,7.420129702737978,4.215529213226812,9.57572149487329,-1.2212107034306112,-0.6597645375280198,-1.1008315308182302,0.09473335721511539,0.5031807185736046,0.13974287311347044
2005-02-03,Nantes,Motorcycles,Shipped,23.0,100.0,2443.29,Nantes,0.0,0.0,0.0,0.0,1.0,0.0,0.0,0.0,0.0,0.0,0.0,0.0,1.0,0.0,0.0,0.0,0.0,0.0,0.0,0.0,0.0,0.0,0.0,1.0,7.801509971189996,4.61512051684126,9.067037908070397,-0.4772636824250922,0.7447315744112115,-1.353640175122944,0.1882967614270572,1.0,0.0838457238680822
2005-02-03,Nantes,Motorcycles,Shipped,49.0,78.92,3867.08,Nantes,0.0,0.0,0.0,0.0,1.0,0.0,0.0,0.0,0.0,0.0,0.0,0.0,1.0,0.0,0.0,0.0,0.0,0.0,0.0,0.0,0.0,0.0,0.0,1.0,8.260513538882572,4.381026134340298,14.736931873780104,0.41810077416256713,-0.07807074154371492,1.464218006289084,0.36017774728962004,0.6852133918705015,0.8105086640581285
2005-02-03,Nantes,Motorcycles,Shipped,37.0,100.0,6353.27,Nantes,0.0,0.0,0.0,0.0,1.0,0.0,0.0,0.0,0.0,0.0,0.0,0.0,1.0,0.0,0.0,0.0,0.0,0.0,0.0,0.0,0.0,0.0,0.0,1.0,8.75688230684451,4.61512051684126,12.33304085962557,1.3863524032893164,0.7447315744112115,0.26951771693185156,0.6603124499084367,1.0,0.47512576858579947
2005-02-03,Nantes,Classic Cars,Shipped,45.0,76.0,3420.0,Nantes,0.0,0.0,0.0,0.0,1.0,0.0,0.0,0.0,0.0,0.0,0.0,1.0,0.0,0.0,0.0,0.0,0.0,0.0,0.0,0.0,0.0,0.0,0.0,1.0,8.137688184977605,4.343805421853684,13.966075138951927,0.17850904983862134,-0.20889527525653404,1.0811129658652374,0.30620591776459555,0.6416091748051249,0.6987143655673522
2005-02-03,Nantes,Vintage Cars,Shipped,44.0,82.26,3619.44,Nantes,0.0,0.0,0.0,0.0,1.0,0.0,0.0,0.0,0.0,0.0,0.0,0.0,0.0,0.0,0.0,0.0,0.0,1.0,0.0,0.0,0.0,0.0,0.0,1.0,8.19435084439491,4.421968241766829,13.768958087112637,0.28903919563471187,0.06583386842908863,0.9831485417366043,0.33028246263457606,0.7350894483767882,0.670765790944658
2005-02-03,Nantes,Classic Cars,Shipped,41.0,100.0,4701.88,Nantes,0.0,0.0,0.0,0.0,1.0,0.0,0.0,0.0,0.0,0.0,0.0,1.0,0.0,0.0,0.0,0.0,0.0,0.0,0.0,0.0,0.0,0.0,0.0,1.0,8.455930365991197,4.61512051684126,13.166125611826143,0.7992945023328606,0.7447315744112115,0.6835492136397722,0.4609554230691012,1.0,0.5869200670765757
2005-02-03,Nantes,Motorcycles,Shipped,21.0,34.91,883.5186,Nantes,0.0,0.0,0.0,0.0,1.0,0.0,0.0,0.0,0.0,0.0,0.0,0.0,1.0,0.0,0.0,0.0,0.0,0.0,0.0,0.0,0.0,0.0,0.0,1.0,6.785043542208585,3.5810158082379915,8.539972716394377,-2.4600541788033214,-2.8899722578141054,-1.6155842205467048,0.0,0.028014216169399364,0.027948574622694067
2005-02-03,Nantes,Vintage Cars,Shipped,49.0,65.8,3224.2,Nantes,0.0,0.0,0.0,0.0,1.0,0.0,0.0,0.0,0.0,0.0,0.0,0.0,0.0,0.0,0.0,0.0,0.0,1.0,0.0,0.0,0.0,0.0,0.0,1.0,8.078750242810868,4.2017030805426,14.736931873780104,0.06354057840429873,-0.7083610645857461,1.464218006289084,0.2825687963970555,0.48929307409730305,0.8105086640581285
2005-02-03,Nantes,Planes,Shipped,44.0,100.0,5208.72,Nantes,0.0,0.0,0.0,0.0,1.0,0.0,0.0,0.0,0.0,0.0,0.0,0.0,0.0,1.0,0.0,0.0,0.0,0.0,0.0,0.0,0.0,0.0,0.0,1.0,8.558281390500913,4.61512051684126,13.768958087112637,0.9989475679985941,0.7447315744112115,0.9831485417366043,0.5221415241616649,1.0,0.670765790944658
2005-02-03,Nantes,Planes,Shipped,43.0,100.0,9167.099200000002,Nantes,0.0,0.0,0.0,0.0,1.0,0.0,0.0,0.0,0.0,0.0,0.0,0.0,0.0,1.0,0.0,0.0,0.0,0.0,0.0,0.0,0.0,0.0,0.0,1.0,9.123485259140311,4.61512051684126,13.569968697266269,2.1014737580444667,0.7447315744112115,0.8842535917456676,1.0,1.0,0.6428172163219641
2005-02-08,Glendale,Classic Cars,Shipped,35.0,100.0,3987.2,Other,0.0,0.0,0.0,0.0,0.0,0.0,1.0,0.0,0.0,0.0,0.0,1.0,0.0,0.0,0.0,0.0,0.0,0.0,0.0,0.0,0.0,0.0,0.0,1.0,8.291095280275592,4.61512051684126,11.902530119204657,0.47775565746012943,0.7447315744112115,0.05555988642964223,0.3746787228701558,1.0,0.41922861934041133
2005-02-09,Helsinki,Classic Cars,Shipped,39.0,100.0,7264.53,Other,0.0,0.0,0.0,0.0,0.0,0.0,1.0,0.0,0.0,0.0,0.0,1.0,0.0,0.0,0.0,0.0,0.0,0.0,0.0,0.0,0.0,0.0,0.0,1.0,8.890896525855522,4.61512051684126,12.754015005493859,1.6477699103100483,0.7447315744112115,0.4787359930181514,0.7703204336540165,1.0,0.5310229178311876
2005-02-09,Helsinki,Classic Cars,Shipped,31.0,67.76,2100.56,Other,0.0,0.0,0.0,0.0,0.0,0.0,1.0,0.0,0.0,0.0,0.0,1.0,0.0,0.0,0.0,0.0,0.0,0.0,0.0,0.0,0.0,0.0,0.0,1.0,7.650435205072573,4.230622180514649,11.009728365329204,-0.7719606856506345,-0.606715300265725,-0.388150126800217,0.1469221413744679,0.5185616581548846,0.30743432084963496
2005-02-09,Helsinki,Classic Cars,Shipped,36.0,100.0,4352.76,Other,0.0,0.0,0.0,0.0,0.0,0.0,1.0,0.0,0.0,0.0,0.0,1.0,0.0,0.0,0.0,0.0,0.0,0.0,0.0,0.0,0.0,0.0,0.0,1.0,8.378795118548087,4.61512051684126,12.119023021201402,0.6488290947155688,0.7447315744112115,0.16315383770961095,0.41880939747239243,1.0,0.4471771939631053
2005-02-09,Helsinki,Classic Cars,Shipped,35.050383351588174,67.83,1627.92,Other,0.0,0.0,0.0,0.0,0.0,0.0,1.0,0.0,0.0,0.0,0.0,1.0,0.0,0.0,0.0,0.0,0.0,0.0,0.0,0.0,0.0,0.0,0.0,1.0,7.395672497512751,4.231639696410273,11.913498472712774,-1.2689186381994424,-0.6031389033163579,0.06101100506720186,0.08986468967296579,0.5196069647283696,0.42063676220201485
2005-02-09,Helsinki,Classic Cars,Shipped,50.0,100.0,5182.0,Other,0.0,0.0,0.0,0.0,0.0,0.0,1.0,0.0,0.0,0.0,0.0,1.0,0.0,0.0,0.0,0.0,0.0,0.0,0.0,0.0,0.0,0.0,0.0,1.0,8.553139318189707,4.61512051684126,14.925497315272617,0.9889170821707796,0.7447315744112115,1.5579323994073224,0.51891586592397,1.0,0.8384572386808227
2005-02-09,Helsinki,Classic Cars,Shipped,35.0,100.0,5895.05,Other,0.0,0.0,0.0,0.0,0.0,0.0,1.0,0.0,0.0,0.0,0.0,1.0,0.0,0.0,0.0,0.0,0.0,0.0,0.0,0.0,0.0,0.0,0.0,1.0,8.68203791415886,4.61512051684126,11.902530119204657,1.2403556971580403,0.7447315744112115,0.05555988642964223,0.6049957913127565,1.0,0.41922861934041133
2005-02-10,Madrid,Motorcycles,Shipped,28.0,100.0,4609.64,Madrid,1.0,0.0,0.0,0.0,0.0,0.0,0.0,0.0,0.0,0.0,0.0,0.0,1.0,0.0,0.0,0.0,0.0,0.0,0.0,0.0,0.0,0.0,0.0,1.0,8.436121954988296,4.61512051684126,10.308532382015233,0.7606548306574636,0.7447315744112115,-0.7366347457903012,0.44982014178747765,1.0,0.22358859698155265
2005-02-10,Madrid,Classic Cars,Shipped,29.0,100.0,5127.2,Madrid,1.0,0.0,0.0,0.0,0.0,0.0,0.0,0.0,0.0,0.0,0.0,1.0,0.0,0.0,0.0,0.0,0.0,0.0,0.0,0.0,0.0,0.0,0.0,1.0,8.542509999400027,4.61512051684126,10.54555133395328,0.9681827896469496,0.7447315744112115,-0.6188396341166861,0.512300369238877,1.0,0.2515371716042467
2005-02-10,Madrid,Classic Cars,Shipped,41.0,100.0,4894.17,Madrid,1.0,0.0,0.0,0.0,0.0,0.0,0.0,0.0,0.0,0.0,0.0,1.0,0.0,0.0,0.0,0.0,0.0,0.0,0.0,0.0,0.0,0.0,0.0,1.0,8.49600428367719,4.61512051684126,13.166125611826143,0.8774654884814671,0.7447315744112115,0.6835492136397722,0.4841688146307165,1.0,0.5869200670765757
2005-02-10,Madrid,Classic Cars,Shipped,33.0,53.27,1757.91,Madrid,1.0,0.0,0.0,0.0,0.0,0.0,0.0,0.0,0.0,0.0,0.0,1.0,0.0,0.0,0.0,0.0,0.0,0.0,0.0,0.0,0.0,0.0,0.0,1.0,7.472449577993657,3.9939715880753135,11.461717832632248,-1.119151896104717,-1.4385022635021918,-0.16351766875873364,0.10555717898127287,0.3021831974434789,0.3633314700950231
2005-02-10,Madrid,Classic Cars,Shipped,32.0,100.0,3970.56,Madrid,1.0,0.0,0.0,0.0,0.0,0.0,0.0,0.0,0.0,0.0,0.0,1.0,0.0,0.0,0.0,0.0,0.0,0.0,0.0,0.0,0.0,0.0,0.0,1.0,8.286914243601016,4.61512051684126,11.237179911736995,0.4695998349489381,0.7447315744112115,-0.2751098821684491,0.3726699297161422,1.0,0.335382895472329
2005-02-10,Madrid,Classic Cars,Shipped,22.0,100.0,2464.0,Madrid,1.0,0.0,0.0,0.0,0.0,0.0,0.0,0.0,0.0,0.0,0.0,1.0,0.0,0.0,0.0,0.0,0.0,0.0,0.0,0.0,0.0,0.0,0.0,1.0,7.80994708647679,4.61512051684126,8.805943150564206,-0.46080565535156964,0.7447315744112115,-1.4834006262023,0.19079688800275568,1.0,0.055897149245388134
2005-02-10,Madrid,Vintage Cars,Shipped,27.0,49.3,1331.1,Madrid,1.0,0.0,0.0,0.0,0.0,0.0,0.0,0.0,0.0,0.0,0.0,0.0,0.0,0.0,0.0,0.0,0.0,1.0,0.0,0.0,0.0,0.0,0.0,1.0,7.194511923357417,3.9180050771056933,10.068010317854855,-1.6613165210108576,-1.70551175126964,-0.8561708553548468,0.054032358905278216,0.24289938177582648,0.19564002235885858
2005-02-10,Madrid,Classic Cars,Shipped,43.0,96.49,4149.07,Madrid,1.0,0.0,0.0,0.0,0.0,0.0,0.0,0.0,0.0,0.0,0.0,1.0,0.0,0.0,0.0,0.0,0.0,0.0,0.0,0.0,0.0,0.0,0.0,1.0,8.33088048055237,4.57974980864118,13.569968697266269,0.5553634512407378,0.6204094940901611,0.8842535917456676,0.3942197894470899,0.9475853418152493,0.6428172163219641
2005-02-10,Madrid,Motorcycles,Shipped,40.0,82.46,3298.4,Madrid,1.0,0.0,0.0,0.0,0.0,0.0,0.0,0.0,0.0,0.0,0.0,0.0,1.0,0.0,0.0,0.0,0.0,0.0,0.0,0.0,0.0,0.0,0.0,1.0,8.101495912741823,4.424367475163407,12.961139346341028,0.1079098727429705,0.07426676961249071,0.5816739001387327,0.29152627548526533,0.7380760385867453,0.5589714924538818
2005-02-10,Madrid,Vintage Cars,Shipped,39.0,100.0,5399.55,Madrid,1.0,0.0,0.0,0.0,0.0,0.0,0.0,0.0,0.0,0.0,0.0,0.0,0.0,0.0,0.0,0.0,0.0,1.0,0.0,0.0,0.0,0.0,0.0,1.0,8.59425607921767,4.61512051684126,12.754015005493859,1.0691223114667396,0.7447315744112115,0.4787359930181514,0.5451786634393343,1.0,0.5310229178311876
2005-02-10,Madrid,Classic Cars,Shipped,46.0,41.54,1910.84,Madrid,1.0,0.0,0.0,0.0,0.0,0.0,0.0,0.0,0.0,0.0,0.0,1.0,0.0,0.0,0.0,0.0,0.0,0.0,0.0,0.0,0.0,0.0,0.0,1.0,7.555821408101444,3.750444809772091,14.161377611660777,-0.9565209742266229,-2.29445786159994,1.1781755694872693,0.1240190021208944,0.12701968162948363,0.7266629401900462
2005-02-10,Madrid,Classic Cars,Shipped,32.0,70.83,2266.56,Madrid,1.0,0.0,0.0,0.0,0.0,0.0,0.0,0.0,0.0,0.0,0.0,1.0,0.0,0.0,0.0,0.0,0.0,0.0,0.0,0.0,0.0,0.0,0.0,1.0,7.726459642499187,4.27430221608671,11.237179911736995,-0.6236621017288344,-0.45318733412780293,-0.2751098821684491,0.16696178461763256,0.5644058178777289,0.335382895472329
2005-02-10,Madrid,Classic Cars,Shipped,49.0,67.14,3289.86,Madrid,1.0,0.0,0.0,0.0,0.0,0.0,0.0,0.0,0.0,0.0,0.0,1.0,0.0,0.0,0.0,0.0,0.0,0.0,0.0,0.0,0.0,0.0,0.0,1.0,8.098904207777158,4.22156441223282,14.736931873780104,0.1028543118047664,-0.6385518297887738,1.464218006289084,0.2904953203449242,0.5093032285040169,0.8105086640581285
2005-02-10,Madrid,Classic Cars,Shipped,34.0,42.64,1449.76,Madrid,1.0,0.0,0.0,0.0,0.0,0.0,0.0,0.0,0.0,0.0,0.0,1.0,0.0,0.0,0.0,0.0,0.0,0.0,0.0,0.0,0.0,0.0,0.0,1.0,7.279842836033348,3.77597416096487,11.683463549954297,-1.4948640756795706,-2.204726493158585,-0.05331314156158311,0.06835708220186809,0.1434459277842488,0.39128004471771716
2005-02-10,Madrid,Classic Cars,Shipped,41.0,100.0,5856.85,Madrid,1.0,0.0,0.0,0.0,0.0,0.0,0.0,0.0,0.0,0.0,0.0,1.0,0.0,0.0,0.0,0.0,0.0,0.0,0.0,0.0,0.0,0.0,0.0,1.0,8.675537921050962,4.61512051684126,13.166125611826143,1.2276763560667865,0.7447315744112115,0.6835492136397722,0.6003842589519801,1.0,0.5869200670765757
2005-02-16,Madrid,Classic Cars,Shipped,36.0,37.5,1350.0,Madrid,1.0,0.0,0.0,0.0,0.0,0.0,0.0,0.0,0.0,0.0,0.0,1.0,0.0,0.0,0.0,0.0,0.0,0.0,0.0,0.0,0.0,0.0,0.0,1.0,7.208600337960199,3.6506582412937387,12.119023021201402,-1.6338346743044927,-2.6451908384788103,0.16315383770961095,0.05631398093718071,0.06669055938834634,0.4471771939631053
2005-02-16,Madrid,Vintage Cars,Shipped,32.0,100.0,3376.64,Madrid,1.0,0.0,0.0,0.0,0.0,0.0,0.0,0.0,0.0,0.0,0.0,0.0,0.0,0.0,0.0,0.0,0.0,1.0,0.0,0.0,0.0,0.0,0.0,1.0,8.124932519752496,4.61512051684126,11.237179911736995,0.15362695726555609,0.7447315744112115,-0.2751098821684491,0.300971466372887,1.0,0.335382895472329
2005-02-16,Madrid,Vintage Cars,Shipped,43.0,95.03,4086.29,Madrid,1.0,0.0,0.0,0.0,0.0,0.0,0.0,0.0,0.0,0.0,0.0,0.0,0.0,0.0,0.0,0.0,0.0,1.0,0.0,0.0,0.0,0.0,0.0,1.0,8.315637437738921,4.564660642649882,13.569968697266269,0.5256293060051894,0.5673736177447822,0.8842535917456676,0.386640941237416,0.9257832332825613,0.6428172163219641
2005-02-16,Madrid,Classic Cars,Shipped,44.0,79.06,3478.64,Madrid,1.0,0.0,0.0,0.0,0.0,0.0,0.0,0.0,0.0,0.0,0.0,1.0,0.0,0.0,0.0,0.0,0.0,0.0,0.0,0.0,0.0,0.0,0.0,1.0,8.154684119141516,4.382776353564427,13.768958087112637,0.21166250751950233,-0.07191901583523383,0.9831485417366043,0.3132849821006147,0.6873040050174715,0.670765790944658
2005-02-16,Madrid,Vintage Cars,Shipped,32.0,70.56,2257.92,Madrid,1.0,0.0,0.0,0.0,0.0,0.0,0.0,0.0,0.0,0.0,0.0,0.0,0.0,0.0,0.0,0.0,0.0,1.0,0.0,0.0,0.0,0.0,0.0,1.0,7.722642101940961,4.270536258640519,11.237179911736995,-0.6311088632967249,-0.46642404008977156,-0.2751098821684491,0.16591875740304857,0.5603739210942866,0.335382895472329
2005-02-16,Madrid,Vintage Cars,Shipped,35.050383351588174,100.0,4931.6,Madrid,1.0,0.0,0.0,0.0,0.0,0.0,0.0,0.0,0.0,0.0,0.0,0.0,0.0,0.0,0.0,0.0,0.0,1.0,0.0,0.0,0.0,0.0,0.0,1.0,8.503621511386143,4.61512051684126,11.913498472712774,0.8923241855121179,0.7447315744112115,0.06101100506720186,0.4886873920198228,1.0,0.42063676220201485
2005-02-16,Madrid,Vintage Cars,Shipped,27.0,68.35,1845.45,Madrid,1.0,0.0,0.0,0.0,0.0,0.0,0.0,0.0,0.0,0.0,0.0,0.0,0.0,0.0,0.0,0.0,0.0,1.0,0.0,0.0,0.0,0.0,0.0,1.0,7.521020155669835,4.239166146760841,10.068010317854855,-1.0244067308202778,-0.5766846983362722,-0.8561708553548468,0.11612507277348152,0.5273720992742585,0.19564002235885858
2005-02-16,Madrid,Vintage Cars,Shipped,21.0,47.18,990.78,Madrid,1.0,0.0,0.0,0.0,0.0,0.0,0.0,0.0,0.0,0.0,0.0,0.0,0.0,0.0,0.0,0.0,0.0,1.0,0.0,0.0,0.0,0.0,0.0,1.0,6.8995013084957915,3.874943997186725,8.539972716394377,-2.2367848560197117,-1.8568641925641323,-1.6155842205467048,0.012948675841942064,0.2112415255502793,0.027948574622694067
2005-02-16,Madrid,Classic Cars,Shipped,34.0,100.0,3441.82,Madrid,1.0,0.0,0.0,0.0,0.0,0.0,0.0,0.0,0.0,0.0,0.0,1.0,0.0,0.0,0.0,0.0,0.0,0.0,0.0,0.0,0.0,0.0,0.0,1.0,8.144046181983496,4.61512051684126,11.683463549954297,0.19091140340372054,0.7447315744112115,-0.05331314156158311,0.3088400443643899,1.0,0.39128004471771716
2005-02-16,Madrid,Classic Cars,Shipped,44.0,36.29,1596.76,Madrid,1.0,0.0,0.0,0.0,0.0,0.0,0.0,0.0,0.0,0.0,0.0,1.0,0.0,0.0,0.0,0.0,0.0,0.0,0.0,0.0,0.0,0.0,0.0,1.0,7.376357927312244,3.6187251941907292,13.768958087112637,-1.3065949894721272,-2.7574301191960484,0.9831485417366043,0.08610303133888741,0.048621688618104675,0.670765790944658
2005-02-16,Madrid,Classic Cars,Shipped,24.0,100.0,4536.0,Madrid,1.0,0.0,0.0,0.0,0.0,0.0,0.0,0.0,0.0,0.0,0.0,1.0,0.0,0.0,0.0,0.0,0.0,0.0,0.0,0.0,0.0,0.0,0.0,1.0,8.420021279663963,4.61512051684126,9.323544176118064,0.7292477274732,0.7447315744112115,-1.226160139275199,0.44093026631502796,1.0,0.11179429849077627
2005-02-16,Madrid,Vintage Cars,Shipped,27.0,93.16,2515.32,Madrid,1.0,0.0,0.0,0.0,0.0,0.0,0.0,0.0,0.0,0.0,0.0,0.0,0.0,0.0,0.0,0.0,0.0,1.0,0.0,0.0,0.0,0.0,0.0,1.0,7.830552795742415,4.544995462952021,10.068010317854855,-0.42061071793100424,0.4982538241546765,-0.8561708553548468,0.1969922765041967,0.8978586148194605,0.19564002235885858
2005-02-16,Madrid,Classic Cars,Shipped,34.0,100.0,3953.18,Madrid,1.0,0.0,0.0,0.0,0.0,0.0,0.0,0.0,0.0,0.0,0.0,1.0,0.0,0.0,0.0,0.0,0.0,0.0,0.0,0.0,0.0,0.0,0.0,1.0,8.282528526214884,4.61512051684126,11.683463549954297,0.4610447479287625,0.7447315744112115,-0.05331314156158311,0.3705718032127313,1.0,0.39128004471771716
2005-02-17,San Francisco,Classic Cars,Shipped,37.0,100.0,6231.54,San Francisco,0.0,0.0,0.0,0.0,0.0,0.0,0.0,0.0,1.0,0.0,0.0,1.0,0.0,0.0,0.0,0.0,0.0,0.0,0.0,0.0,0.0,0.0,0.0,1.0,8.737539233347436,4.61512051684126,12.33304085962557,1.3486204514931535,0.7447315744112115,0.26951771693185156,0.6456171139325907,1.0,0.47512576858579947
2005-02-17,San Rafael,Vintage Cars,Shipped,50.0,100.0,8935.5,San Rafael,0.0,0.0,0.0,0.0,0.0,0.0,0.0,0.0,0.0,1.0,0.0,0.0,0.0,0.0,0.0,0.0,0.0,1.0,0.0,0.0,0.0,0.0,0.0,1.0,9.097899292630434,4.61512051684126,14.925497315272617,2.051563982581174,0.7447315744112115,1.5579323994073224,0.9720411726301061,1.0,0.8384572386808227
2005-02-17,San Francisco,Classic Cars,Shipped,36.0,100.0,8254.8,San Francisco,0.0,0.0,0.0,0.0,0.0,0.0,0.0,0.0,1.0,0.0,0.0,1.0,0.0,0.0,0.0,0.0,0.0,0.0,0.0,0.0,0.0,0.0,0.0,1.0,9.018671262621718,4.61512051684126,12.119023021201402,1.897016246946194,0.7447315744112115,0.16315383770961095,0.8898665632588879,1.0,0.4471771939631053
2005-02-17,San Rafael,Classic Cars,Shipped,37.0,100.0,4071.85,San Rafael,0.0,0.0,0.0,0.0,0.0,0.0,0.0,0.0,0.0,1.0,0.0,1.0,0.0,0.0,0.0,0.0,0.0,0.0,0.0,0.0,0.0,0.0,0.0,1.0,8.31209827907926,4.61512051684126,12.33304085962557,0.5187255756354778,0.7447315744112115,0.26951771693185156,0.3848977337167455,1.0,0.47512576858579947
2005-02-17,San Francisco,Vintage Cars,Shipped,41.0,100.0,4319.76,San Francisco,0.0,0.0,0.0,0.0,0.0,0.0,0.0,0.0,1.0,0.0,0.0,0.0,0.0,0.0,0.0,0.0,0.0,1.0,0.0,0.0,0.0,0.0,0.0,1.0,8.37118659169093,4.61512051684126,13.166125611826143,0.6339873701748716,0.7447315744112115,0.6835492136397722,0.4148256129722453,1.0,0.5869200670765757
2005-02-17,San Rafael,Classic Cars,Shipped,35.050383351588174,54.84,1864.56,San Rafael,0.0,0.0,0.0,0.0,0.0,0.0,0.0,0.0,0.0,1.0,0.0,1.0,0.0,0.0,0.0,0.0,0.0,0.0,0.0,0.0,0.0,0.0,0.0,1.0,7.531316555102988,4.022490458454117,11.913498472712774,-1.0043218540738539,-1.3382632387746278,0.06101100506720186,0.11843204616129402,0.32562793059164363,0.42063676220201485
2005-02-17,San Rafael,Classic Cars,Shipped,34.0,100.0,3823.64,San Rafael,0.0,0.0,0.0,0.0,0.0,0.0,0.0,0.0,0.0,1.0,0.0,1.0,0.0,0.0,0.0,0.0,0.0,0.0,0.0,0.0,0.0,0.0,0.0,1.0,8.249219624184233,4.61512051684126,11.683463549954297,0.3960700743850915,0.7447315744112115,-0.05331314156158311,0.35493363823851715,1.0,0.39128004471771716
2005-02-17,San Rafael,Vintage Cars,Shipped,39.0,100.0,7827.3,San Rafael,0.0,0.0,0.0,0.0,0.0,0.0,0.0,0.0,0.0,1.0,0.0,0.0,0.0,0.0,0.0,0.0,0.0,1.0,0.0,0.0,0.0,0.0,0.0,1.0,8.965500651746876,4.61512051684126,12.754015005493859,1.7932979352308647,0.7447315744112115,0.4787359930181514,0.8382584458706176,1.0,0.5310229178311876
2005-02-17,San Rafael,Trucks and Buses,Shipped,26.0,100.0,2708.42,San Rafael,0.0,0.0,0.0,0.0,0.0,0.0,0.0,0.0,0.0,1.0,0.0,0.0,0.0,0.0,0.0,0.0,1.0,0.0,0.0,0.0,0.0,0.0,0.0,1.0,7.904489868827518,4.61512051684126,9.823805373555334,-0.2763838928600838,0.7447315744112115,-0.9775373049564378,0.2203034518671792,1.0,0.1676914477361645
2005-02-17,San Francisco,Trucks and Buses,Shipped,20.0,100.0,2952.0,San Francisco,0.0,0.0,0.0,0.0,0.0,0.0,0.0,0.0,1.0,0.0,0.0,0.0,0.0,0.0,0.0,0.0,1.0,0.0,0.0,0.0,0.0,0.0,0.0,1.0,7.990576881743923,4.61512051684126,8.268807419728406,-0.1084565455267476,0.7447315744112115,-1.7503495890608907,0.24970861030796265,1.0,0.0
2005-02-17,San Rafael,Trucks and Buses,Shipped,39.0,100.0,4890.6,San Rafael,0.0,0.0,0.0,0.0,0.0,0.0,0.0,0.0,0.0,1.0,0.0,0.0,0.0,0.0,0.0,0.0,1.0,0.0,0.0,0.0,0.0,0.0,0.0,1.0,8.495274727315214,4.61512051684126,12.754015005493859,0.8760423648249921,0.7447315744112115,0.4787359930181514,0.483737841580246,1.0,0.5310229178311876
2005-02-17,San Francisco,Vintage Cars,Shipped,35.0,100.0,4288.2,San Francisco,0.0,0.0,0.0,0.0,0.0,0.0,0.0,0.0,1.0,0.0,0.0,0.0,0.0,0.0,0.0,0.0,0.0,1.0,0.0,0.0,0.0,0.0,0.0,1.0,8.36385551434599,4.61512051684126,11.902530119204657,0.6196868580543414,0.7447315744112115,0.05555988642964223,0.41101566634119535,1.0,0.41922861934041133
2005-02-17,San Francisco,Vintage Cars,Shipped,40.0,68.08,2723.2,San Francisco,0.0,0.0,0.0,0.0,0.0,0.0,0.0,0.0,1.0,0.0,0.0,0.0,0.0,0.0,0.0,0.0,0.0,1.0,0.0,0.0,0.0,0.0,0.0,1.0,7.909930086013241,4.235265253278478,12.961139346341028,-0.2657718247912012,-0.5903956817323313,0.5816739001387327,0.22208770444027542,0.5233402024908163,0.5589714924538818
2005-02-17,San Rafael,Trucks and Buses,Shipped,48.0,100.0,6799.68,San Rafael,0.0,0.0,0.0,0.0,0.0,0.0,0.0,0.0,0.0,1.0,0.0,0.0,0.0,0.0,0.0,0.0,1.0,0.0,0.0,0.0,0.0,0.0,0.0,1.0,8.824777886164531,4.61512051684126,14.546755227281093,1.518794268149267,0.7447315744112115,1.3697028667658944,0.714203396536034,1.0,0.7825600894354343
2005-02-17,San Rafael,Vintage Cars,Shipped,33.0,100.0,4592.61,San Rafael,0.0,0.0,0.0,0.0,0.0,0.0,0.0,0.0,0.0,1.0,0.0,0.0,0.0,0.0,0.0,0.0,0.0,1.0,0.0,0.0,0.0,0.0,0.0,1.0,8.432421486306263,4.61512051684126,11.461717832632248,0.7534364376779389,0.7447315744112115,-0.16351766875873364,0.44776426754391674,1.0,0.3633314700950231
2005-02-17,San Francisco,Classic Cars,Shipped,35.0,48.62,1701.7,San Francisco,0.0,0.0,0.0,0.0,0.0,0.0,0.0,0.0,1.0,0.0,0.0,1.0,0.0,0.0,0.0,0.0,0.0,0.0,0.0,0.0,0.0,0.0,0.0,1.0,7.439970505426598,3.9043939782636548,11.902530119204657,-1.1825078462679468,-1.7533524705994803,0.05555988642964223,0.0987714660493555,0.23274497506197167,0.41922861934041133
2005-02-17,San Francisco,Vintage Cars,Shipped,25.0,52.83,1320.75,San Francisco,0.0,0.0,0.0,0.0,0.0,0.0,0.0,0.0,1.0,0.0,0.0,0.0,0.0,0.0,0.0,0.0,0.0,1.0,0.0,0.0,0.0,0.0,0.0,1.0,7.186711895115559,3.985830932572866,9.57572149487329,-1.6765318015439634,-1.4671152961142728,-1.1008315308182302,0.052782899221141155,0.2956126989815727,0.13974287311347044
2005-02-17,San Rafael,Classic Cars,Shipped,25.0,88.0,2200.0,San Rafael,0.0,0.0,0.0,0.0,0.0,0.0,0.0,0.0,0.0,1.0,0.0,1.0,0.0,0.0,0.0,0.0,0.0,0.0,0.0,0.0,0.0,0.0,0.0,1.0,7.696667081526462,4.48863636973214,9.57572149487329,-0.6817775545123416,0.3001611064610027,-1.1008315308182302,0.1589266120015781,0.8208045874025625,0.13974287311347044
2005-02-17,San Rafael,Trucks and Buses,Shipped,20.0,100.0,2654.4,San Rafael,0.0,0.0,0.0,0.0,0.0,0.0,0.0,0.0,0.0,1.0,0.0,0.0,0.0,0.0,0.0,0.0,1.0,0.0,0.0,0.0,0.0,0.0,0.0,1.0,7.884350581461802,4.61512051684126,8.268807419728406,-0.31566899510648866,0.7447315744112115,-1.7503495890608907,0.2137821173611807,1.0,0.0
2005-02-17,San Rafael,Trucks and Buses,Shipped,32.0,66.58,2130.56,San Rafael,0.0,0.0,0.0,0.0,0.0,0.0,0.0,0.0,0.0,1.0,0.0,0.0,0.0,0.0,0.0,0.0,1.0,0.0,0.0,0.0,0.0,0.0,0.0,1.0,7.664609384999795,4.213312081286144,11.237179911736995,-0.744311539104974,-0.6675573827730433,-0.2751098821684491,0.15054376364732897,0.5009407759161365,0.335382895472329
2005-02-17,San Francisco,Trucks and Buses,Shipped,48.0,98.0,4704.0,San Francisco,0.0,0.0,0.0,0.0,0.0,0.0,0.0,0.0,1.0,0.0,0.0,0.0,0.0,0.0,0.0,0.0,1.0,0.0,0.0,0.0,0.0,0.0,0.0,1.0,8.45638105201948,4.59511985013459,14.546755227281093,0.8001736420154442,0.6744326005055776,1.3697028667658944,0.46121135104305,0.9701340979004272,0.7825600894354343
2005-02-17,San Rafael,Classic Cars,Shipped,35.050383351588174,95.35,3241.9,San Rafael,0.0,0.0,0.0,0.0,0.0,0.0,0.0,0.0,0.0,1.0,0.0,1.0,0.0,0.0,0.0,0.0,0.0,0.0,0.0,0.0,0.0,0.0,0.0,1.0,8.084223270185882,4.567987394860375,11.913498472712774,0.07421664832278216,0.5790665912974086,0.06101100506720186,0.2847055535380436,0.9305617776184929,0.42063676220201485
2005-02-22,Madrid,Classic Cars,Shipped,40.0,100.0,6089.6,Madrid,1.0,0.0,0.0,0.0,0.0,0.0,0.0,0.0,0.0,0.0,0.0,1.0,0.0,0.0,0.0,0.0,0.0,0.0,0.0,0.0,0.0,0.0,0.0,1.0,8.71450187801844,4.61512051684126,12.961139346341028,1.3036821752199337,0.7447315744112115,0.5816739001387327,0.6284820117522607,1.0,0.5589714924538818
2005-02-22,Madrid,Vintage Cars,Shipped,24.0,61.52,1476.48,Madrid,1.0,0.0,0.0,0.0,0.0,0.0,0.0,0.0,0.0,0.0,0.0,0.0,0.0,0.0,0.0,0.0,0.0,1.0,0.0,0.0,0.0,0.0,0.0,1.0,7.298093212809617,4.135486505553276,9.323544176118064,-1.4592636145176903,-0.9411011699814638,-1.226160139275199,0.07158274043956303,0.4253800436042171,0.11179429849077627
2005-02-22,Madrid,Trucks and Buses,Shipped,29.0,100.0,3087.05,Madrid,1.0,0.0,0.0,0.0,0.0,0.0,0.0,0.0,0.0,0.0,0.0,0.0,0.0,0.0,0.0,0.0,1.0,0.0,0.0,0.0,0.0,0.0,0.0,1.0,8.035295102723428,4.61512051684126,10.54555133395328,-0.021226056604496574,0.7447315744112115,-0.6188396341166861,0.26601194657295896,1.0,0.2515371716042467
2005-02-22,Madrid,Trucks and Buses,Shipped,27.0,100.0,3843.99,Madrid,1.0,0.0,0.0,0.0,0.0,0.0,0.0,0.0,0.0,0.0,0.0,0.0,0.0,0.0,0.0,0.0,1.0,0.0,0.0,0.0,0.0,0.0,0.0,1.0,8.254526281156128,4.61512051684126,10.068010317854855,0.406421610561211,0.7447315744112115,-0.8561708553548468,0.3573903053469413,1.0,0.19564002235885858
2005-02-22,Madrid,Trains,Shipped,38.0,60.06,2282.28,Madrid,1.0,0.0,0.0,0.0,0.0,0.0,0.0,0.0,0.0,0.0,0.0,0.0,0.0,0.0,0.0,1.0,0.0,0.0,0.0,0.0,0.0,0.0,0.0,1.0,7.733368284651133,4.111856987306732,12.544675977743431,-0.6101856212360319,-1.0241549456869776,0.3746974174111126,0.16885951468861182,0.40357793507152884,0.5030743432084936
2005-02-22,Madrid,Trains,Shipped,26.0,100.0,3340.48,Madrid,1.0,0.0,0.0,0.0,0.0,0.0,0.0,0.0,0.0,0.0,0.0,0.0,0.0,0.0,0.0,1.0,0.0,0.0,0.0,0.0,0.0,0.0,0.0,1.0,8.114169101597286,4.61512051684126,9.823805373555334,0.13263108114195116,0.7447315744112115,-0.9775373049564378,0.2966062043266651,1.0,0.1676914477361645
2005-02-22,Madrid,Classic Cars,Shipped,44.0,36.07,1587.08,Madrid,1.0,0.0,0.0,0.0,0.0,0.0,0.0,0.0,0.0,0.0,0.0,1.0,0.0,0.0,0.0,0.0,0.0,0.0,0.0,0.0,0.0,0.0,0.0,1.0,7.370281018371914,3.612808017162641,13.768958087112637,-1.3184490330004681,-2.7782279995664005,0.9831485417366043,0.08493445455217755,0.045336439387151706,0.670765790944658
2005-02-22,Madrid,Vintage Cars,Shipped,28.0,58.58,1640.24,Madrid,1.0,0.0,0.0,0.0,0.0,0.0,0.0,0.0,0.0,0.0,0.0,0.0,0.0,0.0,0.0,0.0,0.0,1.0,0.0,0.0,0.0,0.0,0.0,1.0,7.40320733268146,4.0873199472851365,10.308532382015233,-1.2542206618193825,-1.1103985075390632,-0.7366347457903012,0.09135196921968741,0.3814771675178449,0.22358859698155265
2005-02-22,Madrid,Classic Cars,Shipped,38.0,100.0,5340.9,Madrid,1.0,0.0,0.0,0.0,0.0,0.0,0.0,0.0,0.0,0.0,0.0,1.0,0.0,0.0,0.0,0.0,0.0,0.0,0.0,0.0,0.0,0.0,0.0,1.0,8.583336673914012,4.61512051684126,12.544675977743431,1.0478221559034198,0.7447315744112115,0.3746974174111126,0.5380983918958908,1.0,0.5030743432084936
2005-02-22,Madrid,Classic Cars,Shipped,47.0,100.0,6869.05,Madrid,1.0,0.0,0.0,0.0,0.0,0.0,0.0,0.0,0.0,0.0,0.0,1.0,0.0,0.0,0.0,0.0,0.0,0.0,0.0,0.0,0.0,0.0,0.0,1.0,8.83492666321029,4.61512051684126,14.35492029635209,1.5385911823438225,0.7447315744112115,1.2743635830212399,0.7225777944383132,1.0,0.7546115148127404
2005-02-22,Madrid,Trucks and Buses,Shipped,32.0,53.18,1701.76,Madrid,1.0,0.0,0.0,0.0,0.0,0.0,0.0,0.0,0.0,0.0,0.0,0.0,0.0,0.0,0.0,0.0,1.0,0.0,0.0,0.0,0.0,0.0,0.0,1.0,7.440005742956921,3.992311836656949,11.237179911736995,-1.18243910947719,-1.4443360101147753,-0.2751098821684491,0.0987787092939012,0.30083923184899797,0.335382895472329
2005-02-22,Madrid,Classic Cars,Shipped,22.0,91.76,2018.72,Madrid,1.0,0.0,0.0,0.0,0.0,0.0,0.0,0.0,0.0,0.0,0.0,1.0,0.0,0.0,0.0,0.0,0.0,0.0,0.0,0.0,0.0,0.0,0.0,1.0,7.610714166926075,4.530015512387331,8.805943150564206,-0.8494433202931534,0.4456018216340001,-1.4834006262023,0.13704235581410287,0.8769524833497597,0.055897149245388134
2005-02-22,Madrid,Classic Cars,Shipped,21.0,93.91,1972.11,Madrid,1.0,0.0,0.0,0.0,0.0,0.0,0.0,0.0,0.0,0.0,0.0,1.0,0.0,0.0,0.0,0.0,0.0,0.0,0.0,0.0,0.0,0.0,0.0,1.0,7.587366257129416,4.5529290741424004,8.539972716394377,-0.8949873858276182,0.5261391308911739,-1.6155842205467048,0.131415562009501,0.9090583281068003,0.027948574622694067
2005-02-23,San Francisco,Vintage Cars,Shipped,43.0,97.87,4208.41,San Francisco,0.0,0.0,0.0,0.0,0.0,0.0,0.0,0.0,1.0,0.0,0.0,0.0,0.0,0.0,0.0,0.0,0.0,1.0,0.0,0.0,0.0,0.0,0.0,1.0,8.345077774337732,4.593805855909042,13.569968697266269,0.5830576852944033,0.6698141321750627,0.8842535917456676,0.40138335830280913,0.9681928142639549,0.6428172163219641
2005-02-23,San Francisco,Ships,Shipped,28.0,80.54,2255.12,San Francisco,0.0,0.0,0.0,0.0,0.0,0.0,0.0,0.0,1.0,0.0,0.0,0.0,0.0,0.0,1.0,0.0,0.0,0.0,0.0,0.0,0.0,0.0,0.0,1.0,7.721401802692694,4.401093697391107,10.308532382015233,-0.6335282777427028,-0.007536638258647408,-0.7366347457903012,0.16558073932424822,0.7094047725711556,0.22358859698155265
2005-02-23,San Francisco,Ships,Shipped,49.0,100.0,6397.44,San Francisco,0.0,0.0,0.0,0.0,0.0,0.0,0.0,0.0,1.0,0.0,0.0,0.0,0.0,0.0,1.0,0.0,0.0,0.0,0.0,0.0,0.0,0.0,0.0,1.0,8.763809489635904,4.61512051684126,14.736931873780104,1.3998650504499455,0.7447315744112115,1.464218006289084,0.6656446851015125,1.0,0.8105086640581285
2005-02-23,San Francisco,Classic Cars,Shipped,34.0,100.0,4846.7,San Francisco,0.0,0.0,0.0,0.0,0.0,0.0,0.0,0.0,1.0,0.0,0.0,1.0,0.0,0.0,0.0,0.0,0.0,0.0,0.0,0.0,0.0,0.0,0.0,1.0,8.486259644646312,4.61512051684126,11.683463549954297,0.8584569141595171,0.7447315744112115,-0.05331314156158311,0.4784382009876259,1.0,0.39128004471771716
2005-02-28,San Rafael,Vintage Cars,Shipped,37.0,85.54,3164.98,San Rafael,0.0,0.0,0.0,0.0,0.0,0.0,0.0,0.0,0.0,1.0,0.0,0.0,0.0,0.0,0.0,0.0,0.0,1.0,0.0,0.0,0.0,0.0,0.0,1.0,8.060217923301611,4.460606734796738,12.33304085962557,0.027390140031610225,0.20164166189413218,0.26951771693185156,0.27541971403042775,0.784069527820088,0.47512576858579947
2005-02-28,San Rafael,Ships,Shipped,25.0,77.34,1933.5,San Rafael,0.0,0.0,0.0,0.0,0.0,0.0,0.0,0.0,0.0,1.0,0.0,0.0,0.0,0.0,1.0,0.0,0.0,0.0,0.0,0.0,0.0,0.0,0.0,1.0,7.567604174140568,4.361058328237685,9.57572149487329,-0.933536686839154,-0.14825421596220825,-1.1008315308182302,0.1267545341443288,0.6616193292118389,0.13974287311347044
2005-03-01,Madrid,Ships,Resolved,37.0,100.0,5017.57,Madrid,1.0,0.0,0.0,0.0,0.0,0.0,0.0,0.0,0.0,0.0,0.0,0.0,0.0,0.0,1.0,0.0,0.0,0.0,0.0,0.0,0.0,0.0,1.0,0.0,8.52090031154753,4.61512051684126,12.33304085962557,0.9260294213880814,0.7447315744112115,0.26951771693185156,0.4990657542464183,1.0,0.47512576858579947
2005-03-01,Madrid,Ships,Resolved,29.0,85.76,2487.04,Madrid,1.0,0.0,0.0,0.0,0.0,0.0,0.0,0.0,0.0,0.0,0.0,0.0,0.0,0.0,1.0,0.0,0.0,0.0,0.0,0.0,0.0,0.0,1.0,0.0,7.819250530900252,4.463145685958674,10.54555133395328,-0.44265770608293703,0.2105656474841251,-0.6188396341166861,0.193578293908313,0.787354777051041,0.2515371716042467
2005-03-01,Madrid,Planes,Resolved,41.0,73.32,3006.12,Madrid,1.0,0.0,0.0,0.0,0.0,0.0,0.0,0.0,0.0,0.0,0.0,0.0,0.0,1.0,0.0,0.0,0.0,0.0,0.0,0.0,0.0,0.0,1.0,0.0,8.008738089076209,4.308380094505583,13.166125611826143,-0.07303002451778949,-0.33340933268104167,0.6835492136397722,0.256242016888204,0.6015888659916973,0.5869200670765757
2005-03-01,Madrid,Ships,Resolved,37.0,93.01,3441.37,Madrid,1.0,0.0,0.0,0.0,0.0,0.0,0.0,0.0,0.0,0.0,0.0,0.0,0.0,0.0,1.0,0.0,0.0,0.0,0.0,0.0,0.0,0.0,1.0,0.0,8.143915466636312,4.543401159590459,12.33304085962557,0.19065642090676976,0.49265011643553824,0.26951771693185156,0.3087857200302969,0.8956186721619928,0.47512576858579947
2005-03-01,Madrid,Planes,Resolved,50.0,87.15,4357.5,Madrid,1.0,0.0,0.0,0.0,0.0,0.0,0.0,0.0,0.0,0.0,0.0,0.0,0.0,1.0,0.0,0.0,0.0,0.0,0.0,0.0,0.0,0.0,1.0,0.0,8.379883240451631,4.4790399088438795,14.925497315272617,0.6509516613913917,0.26643116318139876,1.5579323994073224,0.4193816137915045,0.808111579010244,0.8384572386808227
2005-03-01,Madrid,Planes,Resolved,37.0,83.84,3102.08,Madrid,1.0,0.0,0.0,0.0,0.0,0.0,0.0,0.0,0.0,0.0,0.0,0.0,0.0,1.0,0.0,0.0,0.0,0.0,0.0,0.0,0.0,0.0,1.0,0.0,8.040150445617815,4.440767129696482,12.33304085962557,-0.011754885227694164,0.13190879240054232,0.26951771693185156,0.26782637933166237,0.7586835110354508,0.47512576858579947
2005-03-01,Madrid,Planes,Resolved,25.0,54.57,1364.25,Madrid,1.0,0.0,0.0,0.0,0.0,0.0,0.0,0.0,0.0,0.0,0.0,0.0,0.0,1.0,0.0,0.0,0.0,0.0,0.0,0.0,0.0,0.0,1.0,0.0,7.219092841032263,4.01764348729183,9.57572149487329,-1.613367264086768,-1.3552995258272666,-1.1008315308182302,0.0580342515167897,0.32159603380820123,0.13974287311347044
2005-03-01,Madrid,Vintage Cars,Resolved,22.0,57.55,1266.1,Madrid,1.0,0.0,0.0,0.0,0.0,0.0,0.0,0.0,0.0,0.0,0.0,0.0,0.0,0.0,0.0,0.0,0.0,1.0,0.0,0.0,0.0,0.0,1.0,0.0,7.144486103804862,4.069881090043726,8.805943150564206,-1.7589003828622862,-1.171693152769523,-1.4834006262023,0.046185510647412525,0.3660962279365648,0.055897149245388134
2005-03-01,Madrid,Ships,Resolved,35.050383351588174,100.0,5417.57,Madrid,1.0,0.0,0.0,0.0,0.0,0.0,0.0,0.0,0.0,0.0,0.0,0.0,0.0,0.0,1.0,0.0,0.0,0.0,0.0,0.0,0.0,0.0,1.0,0.0,8.597587221984043,4.61512051684126,11.913498472712774,1.075620271488755,0.7447315744112115,0.06101100506720186,0.5473540512178995,1.0,0.42063676220201485
2005-03-01,Madrid,Planes,Resolved,32.0,94.34,3018.88,Madrid,1.0,0.0,0.0,0.0,0.0,0.0,0.0,0.0,0.0,0.0,0.0,0.0,0.0,1.0,0.0,0.0,0.0,0.0,0.0,0.0,0.0,0.0,1.0,0.0,8.012972374480118,4.55744944977668,11.237179911736995,-0.06477033131155478,0.5420274896853289,-0.2751098821684491,0.2577824135615943,0.9154794970582087,0.335382895472329
2005-03-01,Madrid,Vintage Cars,Resolved,35.0,63.76,2231.6,Madrid,1.0,0.0,0.0,0.0,0.0,0.0,0.0,0.0,0.0,0.0,0.0,0.0,0.0,0.0,0.0,0.0,0.0,1.0,0.0,0.0,0.0,0.0,1.0,0.0,7.710922104580632,4.170688128809434,11.902530119204657,-0.6539707097100144,-0.8173733947520814,0.05555988642964223,0.16274138746232508,0.4588298539557387,0.41922861934041133
2005-03-01,Madrid,Planes,Resolved,39.0,55.96,2182.44,Madrid,1.0,0.0,0.0,0.0,0.0,0.0,0.0,0.0,0.0,0.0,0.0,0.0,0.0,1.0,0.0,0.0,0.0,0.0,0.0,0.0,0.0,0.0,1.0,0.0,7.6886568937296556,4.04234926710372,12.754015005493859,-0.6974027869694802,-1.2684628720403583,0.4787359930181514,0.15680675576453007,0.3423528357674044,0.5310229178311876
2005-03-01,Madrid,Ships,Resolved,45.0,92.08,4143.6,Madrid,1.0,0.0,0.0,0.0,0.0,0.0,0.0,0.0,0.0,0.0,0.0,0.0,0.0,0.0,1.0,0.0,0.0,0.0,0.0,0.0,0.0,0.0,1.0,0.0,8.329561561103388,4.533459338434091,13.966075138951927,0.5527906747334498,0.4577062899973457,1.0811129658652374,0.393559446986005,0.8817310276856911,0.6987143655673522
2005-03-01,Madrid,Planes,Resolved,21.0,74.77,1570.17,Madrid,1.0,0.0,0.0,0.0,0.0,0.0,0.0,0.0,0.0,0.0,0.0,0.0,0.0,1.0,0.0,0.0,0.0,0.0,0.0,0.0,0.0,0.0,1.0,0.0,7.359575843731561,4.327702435943282,8.539972716394377,-1.3393312952511087,-0.26549455781648235,-1.6155842205467048,0.08289306679770822,0.6232416450138876,0.027948574622694067
2005-03-01,Madrid,Planes,Resolved,33.0,41.71,1376.43,Madrid,1.0,0.0,0.0,0.0,0.0,0.0,0.0,0.0,0.0,0.0,0.0,0.0,0.0,1.0,0.0,0.0,0.0,0.0,0.0,0.0,0.0,0.0,1.0,0.0,7.227974723038943,3.754433084853375,11.461717832632248,-1.5960416439475518,-2.280439746605094,-0.16351766875873364,0.05950463015957133,0.12955828330794739,0.3633314700950231
2005-03-01,Madrid,Planes,Resolved,50.0,63.34,3167.0,Madrid,1.0,0.0,0.0,0.0,0.0,0.0,0.0,0.0,0.0,0.0,0.0,0.0,0.0,1.0,0.0,0.0,0.0,0.0,0.0,0.0,0.0,0.0,1.0,0.0,8.060855752934316,4.16418152181088,14.925497315272617,0.028634335115655617,-0.8402430221657043,1.5579323994073224,0.27566356993013374,0.45255801451482847,0.8384572386808227
2005-03-01,Madrid,Ships,Resolved,30.0,95.48,2864.4,Madrid,1.0,0.0,0.0,0.0,0.0,0.0,0.0,0.0,0.0,0.0,0.0,0.0,0.0,0.0,1.0,0.0,0.0,0.0,0.0,0.0,0.0,0.0,1.0,0.0,7.960463235459272,4.5693357329788755,10.779232502977782,-0.16719832977272095,0.5838057726256402,-0.5027033539745942,0.23913347327120826,0.9325030612549652,0.2794857462269409
2005-03-01,Madrid,Planes,Resolved,44.0,86.4,3801.6,Madrid,1.0,0.0,0.0,0.0,0.0,0.0,0.0,0.0,0.0,0.0,0.0,0.0,0.0,1.0,0.0,0.0,0.0,0.0,0.0,0.0,0.0,0.0,1.0,0.0,8.243440322275486,4.470495282661489,13.768958087112637,0.38479656394377987,0.23639824168739085,0.9831485417366043,0.3522729530753886,0.7969118657229042,0.670765790944658
2005-03-02,Singapore,Motorcycles,Shipped,44.0,94.9,4175.6,Singapore,0.0,0.0,0.0,0.0,0.0,0.0,0.0,0.0,0.0,0.0,1.0,0.0,1.0,0.0,0.0,0.0,0.0,0.0,0.0,0.0,0.0,0.0,0.0,1.0,8.337252797402677,4.563305981889393,13.768958087112637,0.5677937380957206,0.5626122133951538,0.9831485417366043,0.3974225107437235,0.923841949646089,0.670765790944658
2005-03-03,New Bedford,Classic Cars,Shipped,27.0,100.0,3211.38,New Bedford,0.0,0.0,0.0,0.0,0.0,1.0,0.0,0.0,0.0,0.0,0.0,1.0,0.0,0.0,0.0,0.0,0.0,0.0,0.0,0.0,0.0,0.0,0.0,1.0,8.07476737442019,4.61512051684126,10.068010317854855,0.05577131680529651,0.7447315744112115,-0.8561708553548468,0.28102115647911957,1.0,0.19564002235885858
2005-03-03,Boras,Motorcycles,Shipped,39.0,100.0,6981.0,Other,0.0,0.0,0.0,0.0,0.0,0.0,1.0,0.0,0.0,0.0,0.0,0.0,1.0,0.0,0.0,0.0,0.0,0.0,0.0,0.0,0.0,0.0,0.0,1.0,8.851090687664982,4.61512051684126,12.754015005493859,1.5701218587716768,0.7447315744112115,0.4787359930181514,0.7360924815532064,1.0,0.5310229178311876
2005-03-03,Boras,Classic Cars,Shipped,47.0,100.0,5243.79,Other,0.0,0.0,0.0,0.0,0.0,0.0,1.0,0.0,0.0,0.0,0.0,1.0,0.0,0.0,0.0,0.0,0.0,0.0,0.0,0.0,0.0,0.0,0.0,1.0,8.564990481897297,4.61512051684126,14.35492029635209,1.0120347908333067,0.7447315744112115,1.2743635830212399,0.5263752005986395,1.0,0.7546115148127404
2005-03-03,New Bedford,Motorcycles,Shipped,42.0,76.36,3207.12,New Bedford,0.0,0.0,0.0,0.0,0.0,1.0,0.0,0.0,0.0,0.0,0.0,0.0,1.0,0.0,0.0,0.0,0.0,0.0,0.0,0.0,0.0,0.0,0.0,1.0,8.073440374770591,4.348469851145039,13.369046010543581,0.05318277849364828,-0.19250059212688359,0.7843978201850537,0.2805068861163733,0.6469850371830481,0.6148686416992699
2005-03-03,New Bedford,Vintage Cars,Shipped,35.0,100.0,3918.95,New Bedford,0.0,0.0,0.0,0.0,0.0,1.0,0.0,0.0,0.0,0.0,0.0,0.0,0.0,0.0,0.0,0.0,0.0,1.0,0.0,0.0,0.0,0.0,0.0,1.0,8.27383417760112,4.61512051684126,11.902530119204657,0.4440849435397034,0.7447315744112115,0.05555988642964223,0.36643953219939684,1.0,0.41922861934041133
2005-03-03,Boras,Classic Cars,Shipped,49.0,79.22,3881.78,Other,0.0,0.0,0.0,0.0,0.0,0.0,1.0,0.0,0.0,0.0,0.0,1.0,0.0,0.0,0.0,0.0,0.0,0.0,0.0,0.0,0.0,0.0,0.0,1.0,8.26430667090279,4.384772860341907,14.736931873780104,0.4254999227293666,-0.06490163086947878,1.464218006289084,0.361952342203322,0.6896932771854374,0.8105086640581285
2005-03-03,New Bedford,Motorcycles,Shipped,44.0,100.0,5951.44,New Bedford,0.0,0.0,0.0,0.0,0.0,1.0,0.0,0.0,0.0,0.0,0.0,0.0,1.0,0.0,0.0,0.0,0.0,0.0,0.0,0.0,0.0,0.0,0.0,1.0,8.691556498511812,4.61512051684126,13.768958087112637,1.2589233134175561,0.7447315744112115,0.9831485417366043,0.611803233978311,1.0,0.670765790944658
2005-03-03,New Bedford,Motorcycles,Shipped,50.0,44.51,2225.5,New Bedford,0.0,0.0,0.0,0.0,0.0,1.0,0.0,0.0,0.0,0.0,0.0,0.0,1.0,0.0,0.0,0.0,0.0,0.0,0.0,0.0,0.0,0.0,0.0,1.0,7.708186124761757,3.8179320820285505,14.925497315272617,-0.6593077032677699,-2.0572514693881683,1.5579323994073224,0.16200499093351,0.17137054624734938,0.8384572386808227
2005-03-03,New Bedford,Planes,Shipped,50.0,100.0,7154.5,New Bedford,0.0,0.0,0.0,0.0,0.0,1.0,0.0,0.0,0.0,0.0,0.0,0.0,0.0,1.0,0.0,0.0,0.0,0.0,0.0,0.0,0.0,0.0,0.0,1.0,8.875636570750931,4.61512051684126,14.925497315272617,1.6180027747767454,0.7447315744112115,1.5579323994073224,0.7570375303645863,1.0,0.8384572386808227
2005-03-03,Boras,Motorcycles,Shipped,45.0,100.0,4597.65,Other,0.0,0.0,0.0,0.0,0.0,0.0,1.0,0.0,0.0,0.0,0.0,0.0,1.0,0.0,0.0,0.0,0.0,0.0,0.0,0.0,0.0,0.0,0.0,1.0,8.433518061143145,4.61512051684126,13.966075138951927,0.7555754932366325,0.7447315744112115,1.0811129658652374,0.44837270008575747,1.0,0.6987143655673522
2005-03-03,Boras,Classic Cars,Shipped,25.0,72.38,1809.5,Other,0.0,0.0,0.0,0.0,0.0,0.0,1.0,0.0,0.0,0.0,0.0,1.0,0.0,0.0,0.0,0.0,0.0,0.0,0.0,0.0,0.0,0.0,0.0,1.0,7.501358329205696,4.295651418927136,9.57572149487329,-1.0627604644439248,-0.3781484829036736,-1.1008315308182302,0.11178516208316966,0.5875518920048979,0.13974287311347044
2005-03-03,Boras,Classic Cars,Shipped,26.0,99.04,2575.04,Other,0.0,0.0,0.0,0.0,0.0,0.0,1.0,0.0,0.0,0.0,0.0,1.0,0.0,0.0,0.0,0.0,0.0,0.0,0.0,0.0,0.0,0.0,0.0,1.0,7.854008615053997,4.605570106009418,9.823805373555334,-0.374856156550777,0.7111634893217377,-0.9775373049564378,0.20420171924203884,0.9856643669922052,0.1676914477361645
2005-03-03,New Bedford,Motorcycles,Shipped,21.0,86.77,1822.17,New Bedford,0.0,0.0,0.0,0.0,0.0,1.0,0.0,0.0,0.0,0.0,0.0,0.0,1.0,0.0,0.0,0.0,0.0,0.0,0.0,0.0,0.0,0.0,0.0,1.0,7.508332023210752,4.474719756604026,8.539972716394377,-1.0491570892574662,0.25124655588645556,-1.6155842205467048,0.11331469388974133,0.8024370576113251,0.027948574622694067
2005-03-03,New Bedford,Planes,Shipped,46.0,100.0,9167.099200000002,New Bedford,0.0,0.0,0.0,0.0,0.0,1.0,0.0,0.0,0.0,0.0,0.0,0.0,0.0,1.0,0.0,0.0,0.0,0.0,0.0,0.0,0.0,0.0,0.0,1.0,9.123485259140311,4.61512051684126,14.161377611660777,2.1014737580444667,0.7447315744112115,1.1781755694872693,1.0,1.0,0.7266629401900462
2005-03-03,Boras,Motorcycles,Shipped,49.0,81.4,3988.6,Other,0.0,0.0,0.0,0.0,0.0,0.0,1.0,0.0,0.0,0.0,0.0,0.0,1.0,0.0,0.0,0.0,0.0,0.0,0.0,0.0,0.0,0.0,0.0,1.0,8.291446254231913,4.411585436915426,14.736931873780104,0.47844029180242337,0.02934005859660574,1.464218006289084,0.374847731909556,0.7222471104739718,0.8105086640581285
2005-03-03,Boras,Classic Cars,Shipped,36.0,70.26,2529.36,Other,0.0,0.0,0.0,0.0,0.0,0.0,1.0,0.0,0.0,0.0,0.0,1.0,0.0,0.0,0.0,0.0,0.0,0.0,0.0,0.0,0.0,0.0,0.0,1.0,7.836116864089068,4.26633516017769,12.119023021201402,-0.4097570571268805,-0.48119019341579405,0.16315383770961095,0.19868719572789567,0.5558940357793507,0.4471771939631053
2005-03-04,San Rafael,Classic Cars,Shipped,50.0,100.0,7397.0,San Rafael,0.0,0.0,0.0,0.0,0.0,0.0,0.0,0.0,0.0,1.0,0.0,1.0,0.0,0.0,0.0,0.0,0.0,0.0,0.0,0.0,0.0,0.0,0.0,1.0,8.908964972392399,4.61512051684126,14.925497315272617,1.6830154856248545,0.7447315744112115,1.5579323994073224,0.7863123104035468,1.0,0.8384572386808227
2005-03-04,San Rafael,Classic Cars,Shipped,36.0,100.0,5079.96,San Rafael,0.0,0.0,0.0,0.0,0.0,0.0,0.0,0.0,0.0,1.0,0.0,1.0,0.0,0.0,0.0,0.0,0.0,0.0,0.0,0.0,0.0,0.0,0.0,1.0,8.533255499096693,4.61512051684126,12.119023021201402,0.95013031420163,0.7447315744112115,0.16315383770961095,0.5065975213665451,1.0,0.4471771939631053
2005-03-04,San Rafael,Vintage Cars,Shipped,26.0,78.11,2030.86,San Rafael,0.0,0.0,0.0,0.0,0.0,0.0,0.0,0.0,0.0,1.0,0.0,0.0,0.0,0.0,0.0,0.0,0.0,1.0,0.0,0.0,0.0,0.0,0.0,1.0,7.616706908687026,4.370839289033305,9.823805373555334,-0.8377534591505984,-0.11387578659145012,-0.9775373049564378,0.1385079056271873,0.6731177015201744,0.1676914477361645
2005-03-04,San Rafael,Vintage Cars,Shipped,31.0,98.99,3068.69,San Rafael,0.0,0.0,0.0,0.0,0.0,0.0,0.0,0.0,0.0,1.0,0.0,0.0,0.0,0.0,0.0,0.0,0.0,1.0,0.0,0.0,0.0,0.0,0.0,1.0,8.029331858284005,4.605070180987758,11.009728365329204,-0.03285837820897546,0.7094063370943685,-0.388150126800217,0.26379551374196797,0.9849177194397156,0.30743432084963496
2005-03-04,San Rafael,Classic Cars,Shipped,40.0,100.0,5491.6,San Rafael,0.0,0.0,0.0,0.0,0.0,0.0,0.0,0.0,0.0,1.0,0.0,1.0,0.0,0.0,0.0,0.0,0.0,0.0,0.0,0.0,0.0,0.0,0.0,1.0,8.611157010738452,4.61512051684126,12.961139346341028,1.102090450348539,0.7447315744112115,0.5816739001387327,0.5562910077798964,1.0,0.5589714924538818
2005-03-04,San Rafael,Classic Cars,Shipped,36.0,93.77,3375.72,San Rafael,0.0,0.0,0.0,0.0,0.0,0.0,0.0,0.0,0.0,1.0,0.0,1.0,0.0,0.0,0.0,0.0,0.0,0.0,0.0,0.0,0.0,0.0,0.0,1.0,8.124660103119185,4.551452903482104,12.119023021201402,0.15309556233092256,0.5209506397148342,0.16315383770961095,0.3008604032898526,0.9069677149598303,0.4471771939631053
2005-03-04,San Rafael,Classic Cars,Shipped,34.0,43.05,1463.7,San Rafael,0.0,0.0,0.0,0.0,0.0,0.0,0.0,0.0,0.0,1.0,0.0,1.0,0.0,0.0,0.0,0.0,0.0,0.0,0.0,0.0,0.0,0.0,0.0,1.0,7.289405722324261,3.7853253523821886,11.683463549954297,-1.4762100409618972,-2.1718586307481065,-0.05331314156158311,0.07003992935132422,0.1495684377146611,0.39128004471771716
2005-03-04,San Rafael,Motorcycles,Shipped,45.0,48.98,2204.1,San Rafael,0.0,0.0,0.0,0.0,0.0,0.0,0.0,0.0,0.0,1.0,0.0,0.0,1.0,0.0,0.0,0.0,0.0,0.0,0.0,0.0,0.0,0.0,0.0,1.0,7.698528138326522,3.9116229254068062,13.966075138951927,-0.67814724697717,-1.727943939272265,1.0811129658652374,0.15942156704553578,0.23812083743989487,0.6987143655673522
2005-03-04,San Rafael,Classic Cars,Shipped,37.0,100.0,4894.73,San Rafael,0.0,0.0,0.0,0.0,0.0,0.0,0.0,0.0,0.0,1.0,0.0,1.0,0.0,0.0,0.0,0.0,0.0,0.0,0.0,0.0,0.0,0.0,0.0,1.0,8.496118675612683,4.61512051684126,12.33304085962557,0.8776886293901016,0.7447315744112115,0.26951771693185156,0.48423641824647645,1.0,0.47512576858579947
2005-03-04,San Rafael,Classic Cars,Shipped,45.0,100.0,6763.05,San Rafael,0.0,0.0,0.0,0.0,0.0,0.0,0.0,0.0,0.0,1.0,0.0,1.0,0.0,0.0,0.0,0.0,0.0,0.0,0.0,0.0,0.0,0.0,0.0,1.0,8.819377102066845,4.61512051684126,13.966075138951927,1.5082591210194067,0.7447315744112115,1.0811129658652374,0.7097813957408706,1.0,0.6987143655673522
2005-03-04,San Rafael,Classic Cars,Shipped,49.0,100.0,6862.94,San Rafael,0.0,0.0,0.0,0.0,0.0,0.0,0.0,0.0,0.0,1.0,0.0,1.0,0.0,0.0,0.0,0.0,0.0,0.0,0.0,0.0,0.0,0.0,0.0,1.0,8.834036899870853,4.61512051684126,14.736931873780104,1.536855547754071,0.7447315744112115,1.464218006289084,0.7218401907020736,1.0,0.8105086640581285
2005-03-04,San Rafael,Classic Cars,Shipped,46.0,52.84,2430.64,San Rafael,0.0,0.0,0.0,0.0,0.0,0.0,0.0,0.0,0.0,1.0,0.0,1.0,0.0,0.0,0.0,0.0,0.0,0.0,0.0,0.0,0.0,0.0,0.0,1.0,7.796321205813292,3.9860166853364722,14.161377611660777,-0.4873852510116476,-1.4664624064444851,1.1781755694872693,0.18676964403533414,0.29576202849207067,0.7266629401900462
2005-03-04,San Rafael,Motorcycles,Shipped,35.0,65.13,2279.55,San Rafael,0.0,0.0,0.0,0.0,0.0,0.0,0.0,0.0,0.0,1.0,0.0,0.0,1.0,0.0,0.0,0.0,0.0,0.0,0.0,0.0,0.0,0.0,0.0,1.0,7.73217192092785,4.191622501686571,11.902530119204657,-0.6125193319746303,-0.7437926009613489,0.05555988642964223,0.16852994706178143,0.4792879968939461,0.41922861934041133
2005-03-04,San Rafael,Classic Cars,Shipped,30.0,82.42,2472.6,San Rafael,0.0,0.0,0.0,0.0,0.0,0.0,0.0,0.0,0.0,1.0,0.0,1.0,0.0,0.0,0.0,0.0,0.0,0.0,0.0,0.0,0.0,0.0,0.0,1.0,7.813429858393103,4.423888088768799,10.779232502977782,-0.45401191690647724,0.0725818071990139,-0.5027033539745942,0.19183508638764252,0.7374787205447542,0.2794857462269409
2005-03-04,San Rafael,Motorcycles,Shipped,22.0,100.0,3491.18,San Rafael,0.0,0.0,0.0,0.0,0.0,0.0,0.0,0.0,0.0,1.0,0.0,0.0,1.0,0.0,0.0,0.0,0.0,0.0,0.0,0.0,0.0,0.0,0.0,1.0,8.158281462022776,4.61512051684126,8.805943150564206,0.2186797361006022,0.7447315744112115,-1.4834006262023,0.3147988202106706,1.0,0.055897149245388134
2005-03-04,San Rafael,Motorcycles,Shipped,41.0,44.56,1826.96,San Rafael,0.0,0.0,0.0,0.0,0.0,0.0,0.0,0.0,0.0,1.0,0.0,0.0,1.0,0.0,0.0,0.0,0.0,0.0,0.0,0.0,0.0,0.0,0.0,1.0,7.51095586993661,3.8190301385789813,13.166125611826143,-1.0440388303522528,-2.0533919856060647,0.6835492136397722,0.11389294624597482,0.1721171937998388,0.5869200670765757
2005-03-09,North Sydney,Vintage Cars,Shipped,33.0,100.0,8344.71,Other,0.0,0.0,0.0,0.0,0.0,0.0,1.0,0.0,0.0,0.0,0.0,0.0,0.0,0.0,0.0,0.0,0.0,1.0,0.0,0.0,0.0,0.0,0.0,1.0,9.02950291336352,4.61512051684126,11.461717832632248,1.9181452223246107,0.7447315744112115,-0.16351766875873364,0.9007205652106527,1.0,0.3633314700950231
2005-03-09,North Sydney,Classic Cars,Shipped,37.0,46.9,1735.3,Other,0.0,0.0,0.0,0.0,0.0,0.0,1.0,0.0,0.0,0.0,0.0,1.0,0.0,0.0,0.0,0.0,0.0,0.0,0.0,0.0,0.0,0.0,0.0,1.0,7.459511691350092,3.8691155044168695,12.33304085962557,-1.1443894425190986,-1.8773503627076817,0.26951771693185156,0.1028276829949599,0.20706029925633906,0.47512576858579947
2005-03-09,North Sydney,Classic Cars,Shipped,24.0,100.0,2416.56,Other,0.0,0.0,0.0,0.0,0.0,0.0,1.0,0.0,0.0,0.0,0.0,1.0,0.0,0.0,0.0,0.0,0.0,0.0,0.0,0.0,0.0,0.0,0.0,1.0,7.790514046047384,4.61512051684126,9.323544176118064,-0.49871310293719595,0.7447315744112115,-1.226160139275199,0.18506989598193802,1.0,0.11179429849077627
2005-03-09,North Sydney,Vintage Cars,Shipped,32.0,45.25,1448.0,Other,0.0,0.0,0.0,0.0,0.0,0.0,1.0,0.0,0.0,0.0,0.0,0.0,0.0,0.0,0.0,0.0,0.0,1.0,0.0,0.0,0.0,0.0,0.0,1.0,7.278628942320682,3.834061463958434,11.237179911736995,-1.4972319816413036,-2.0005594092667547,-0.2751098821684491,0.06814461369519359,0.18242093002419135,0.335382895472329
2005-03-09,North Sydney,Trucks and Buses,Shipped,29.0,85.1,2467.9,Other,0.0,0.0,0.0,0.0,0.0,0.0,1.0,0.0,0.0,0.0,0.0,0.0,0.0,0.0,0.0,0.0,1.0,0.0,0.0,0.0,0.0,0.0,0.0,1.0,7.811527986297319,4.455509411433685,10.54555133395328,-0.45772184161163937,0.1837254290333347,-0.6188396341166861,0.1912676988982276,0.7774990293581816,0.2515371716042467
2005-03-09,North Sydney,Trucks and Buses,Shipped,39.0,63.2,2464.8,Other,0.0,0.0,0.0,0.0,0.0,0.0,1.0,0.0,0.0,0.0,0.0,0.0,0.0,0.0,0.0,0.0,1.0,0.0,0.0,0.0,0.0,0.0,0.0,1.0,7.810271577434452,4.162003210695915,12.754015005493859,-0.46017268059837707,-0.8478994187486336,0.4787359930181514,0.19089346459669865,0.45046740136785834,0.5310229178311876
2005-03-09,North Sydney,Vintage Cars,Shipped,24.0,100.0,4042.08,Other,0.0,0.0,0.0,0.0,0.0,0.0,1.0,0.0,0.0,0.0,0.0,0.0,0.0,0.0,0.0,0.0,0.0,1.0,0.0,0.0,0.0,0.0,0.0,1.0,8.304762056731674,4.61512051684126,9.323544176118064,0.5044150273130036,0.7447315744112115,-1.226160139275199,0.38130387721464304,1.0,0.11179429849077627
2005-03-09,North Sydney,Trucks and Buses,Shipped,44.0,38.5,1694.0,Other,0.0,0.0,0.0,0.0,0.0,0.0,1.0,0.0,0.0,0.0,0.0,0.0,0.0,0.0,0.0,0.0,1.0,0.0,0.0,0.0,0.0,0.0,0.0,1.0,7.43543801981455,3.676300671907076,13.768958087112637,-1.1913492296528805,-2.5550620149249994,0.9831485417366043,0.09784191633265449,0.08162351043813276,0.670765790944658
2005-03-09,North Sydney,Vintage Cars,Shipped,42.0,100.0,4998.0,Other,0.0,0.0,0.0,0.0,0.0,0.0,1.0,0.0,0.0,0.0,0.0,0.0,0.0,0.0,0.0,0.0,0.0,1.0,0.0,0.0,0.0,0.0,0.0,1.0,8.51699317141357,4.61512051684126,13.369046010543581,0.918407880622199,0.7447315744112115,0.7843978201850537,0.49670324931708865,1.0,0.6148686416992699
2005-03-09,North Sydney,Vintage Cars,Shipped,35.0,100.0,5548.9,Other,0.0,0.0,0.0,0.0,0.0,0.0,1.0,0.0,0.0,0.0,0.0,0.0,0.0,0.0,0.0,0.0,0.0,1.0,0.0,0.0,0.0,0.0,0.0,1.0,8.621535188560136,4.61512051684126,11.902530119204657,1.1223348497382746,0.7447315744112115,0.05555988642964223,0.563208306321061,1.0,0.41922861934041133
2005-03-10,Graz,Vintage Cars,Shipped,37.0,59.96,2218.52,Other,0.0,0.0,0.0,0.0,0.0,0.0,1.0,0.0,0.0,0.0,0.0,0.0,0.0,0.0,0.0,0.0,0.0,1.0,0.0,0.0,0.0,0.0,0.0,1.0,7.705046235272013,4.110217911378391,12.33304085962557,-0.6654325912743332,-1.0299160214353857,0.26951771693185156,0.1611623601513577,0.4020846399665502,0.47512576858579947
2005-03-10,Graz,Vintage Cars,Shipped,36.0,100.0,4035.96,Other,0.0,0.0,0.0,0.0,0.0,0.0,1.0,0.0,0.0,0.0,0.0,0.0,0.0,0.0,0.0,0.0,0.0,1.0,0.0,0.0,0.0,0.0,0.0,1.0,8.30324721245607,4.61512051684126,12.119023021201402,0.5014600661381705,0.7447315744112115,0.16315383770961095,0.38056506627097936,1.0,0.4471771939631053
2005-03-10,Graz,Vintage Cars,Shipped,29.0,86.92,2520.68,Other,0.0,0.0,0.0,0.0,0.0,0.0,1.0,0.0,0.0,0.0,0.0,0.0,0.0,0.0,0.0,0.0,0.0,1.0,0.0,0.0,0.0,0.0,0.0,1.0,7.83268062504863,4.4764273100953655,10.54555133395328,-0.41646002529031845,0.2572483187321972,-0.6188396341166861,0.19763933968361452,0.8046770002687931,0.2515371716042467
2005-03-15,Madrid,Trucks and Buses,Shipped,36.0,62.77,2259.72,Madrid,1.0,0.0,0.0,0.0,0.0,0.0,0.0,0.0,0.0,0.0,0.0,0.0,0.0,0.0,0.0,0.0,1.0,0.0,0.0,0.0,0.0,0.0,0.0,1.0,7.723438625599998,4.155282860327181,12.119023021201402,-0.6295551085476752,-0.8715203180984957,0.16315383770961095,0.16613605473942022,0.44404623241645014,0.4471771939631053
2005-03-15,Madrid,Classic Cars,Shipped,31.0,50.29,1558.99,Madrid,1.0,0.0,0.0,0.0,0.0,0.0,0.0,0.0,0.0,0.0,0.0,1.0,0.0,0.0,0.0,0.0,0.0,0.0,0.0,0.0,0.0,0.0,0.0,1.0,7.352434689966627,3.937495801401177,11.009728365329204,-1.3532613291554019,-1.6370051390278995,-0.388150126800217,0.08154340889735531,0.2576830033151152,0.30743432084963496
2005-03-15,Madrid,Classic Cars,Shipped,22.0,100.0,3353.02,Madrid,1.0,0.0,0.0,0.0,0.0,0.0,0.0,0.0,0.0,0.0,0.0,1.0,0.0,0.0,0.0,0.0,0.0,0.0,0.0,0.0,0.0,0.0,0.0,1.0,8.117914905394594,4.61512051684126,8.805943150564206,0.1399379079675481,0.7447315744112115,-1.4834006262023,0.2981200424367211,1.0,0.055897149245388134
2005-03-15,Madrid,Classic Cars,Shipped,37.0,100.0,6376.58,Madrid,1.0,0.0,0.0,0.0,0.0,0.0,0.0,0.0,0.0,0.0,0.0,1.0,0.0,0.0,0.0,0.0,0.0,0.0,0.0,0.0,0.0,0.0,0.0,1.0,8.760543994037644,4.61512051684126,12.33304085962557,1.3934951463846599,0.7447315744112115,0.26951771693185156,0.6631264504144498,1.0,0.47512576858579947
2005-03-15,Madrid,Classic Cars,Shipped,37.0,100.0,5207.75,Madrid,1.0,0.0,0.0,0.0,0.0,0.0,0.0,0.0,0.0,0.0,0.0,1.0,0.0,0.0,0.0,0.0,0.0,0.0,0.0,0.0,0.0,0.0,0.0,1.0,8.558095182736663,4.61512051684126,12.33304085962557,0.9985843381124129,0.7447315744112115,0.26951771693185156,0.522024425041509,1.0,0.47512576858579947
2005-03-15,Madrid,Classic Cars,Shipped,46.0,38.9,1789.4,Madrid,1.0,0.0,0.0,0.0,0.0,0.0,0.0,0.0,0.0,0.0,0.0,1.0,0.0,0.0,0.0,0.0,0.0,0.0,0.0,0.0,0.0,0.0,0.0,1.0,7.490194337557661,3.686376323895818,14.161377611660777,-1.0845377272341508,-2.519647795657869,1.1781755694872693,0.10935867516035275,0.08759669085804733,0.7266629401900462
2005-03-15,Madrid,Trains,Shipped,30.0,60.28,1808.4,Madrid,1.0,0.0,0.0,0.0,0.0,0.0,0.0,0.0,0.0,0.0,0.0,0.0,0.0,0.0,0.0,1.0,0.0,0.0,0.0,0.0,0.0,0.0,0.0,1.0,7.500750577591641,4.1154535254323354,10.779232502977782,-1.0639459872414798,-1.0115137200943274,-0.5027033539745942,0.1116523692664981,0.4068631843024819,0.2794857462269409
2005-03-17,Paris,Classic Cars,Shipped,33.0,69.12,2280.96,Paris,0.0,0.0,0.0,0.0,0.0,0.0,0.0,1.0,0.0,0.0,0.0,1.0,0.0,0.0,0.0,0.0,0.0,0.0,0.0,0.0,0.0,0.0,0.0,1.0,7.732790001784609,4.250208060053033,11.461717832632248,-0.6113136602339466,-0.5378742333762586,-0.16351766875873364,0.16870016330860588,0.5388704715825943,0.3633314700950231
2005-03-17,Paris,Trains,Shipped,45.0,100.0,8977.05,Paris,0.0,0.0,0.0,0.0,0.0,0.0,0.0,1.0,0.0,0.0,0.0,0.0,0.0,0.0,0.0,1.0,0.0,0.0,0.0,0.0,0.0,0.0,0.0,1.0,9.102537988495449,4.61512051684126,13.966075138951927,2.0606125471126737,0.7447315744112115,1.0811129658652374,0.9770571194780187,1.0,0.6987143655673522
2005-03-17,Paris,Classic Cars,Shipped,32.0,100.0,3370.56,Paris,0.0,0.0,0.0,0.0,0.0,0.0,0.0,1.0,0.0,0.0,0.0,1.0,0.0,0.0,0.0,0.0,0.0,0.0,0.0,0.0,0.0,0.0,0.0,1.0,8.123130824249417,4.61512051684126,11.237179911736995,0.1501124440273242,0.7447315744112115,-0.2751098821684491,0.3002374842589205,1.0,0.335382895472329
2005-03-17,Paris,Trucks and Buses,Shipped,46.0,100.0,5692.96,Paris,0.0,0.0,0.0,0.0,0.0,0.0,0.0,1.0,0.0,0.0,0.0,0.0,0.0,0.0,0.0,0.0,1.0,0.0,0.0,0.0,0.0,0.0,0.0,1.0,8.647161242874777,4.61512051684126,14.161377611660777,1.1723228232768192,0.7447315744112115,1.1781755694872693,0.58059933647534,1.0,0.7266629401900462
2005-03-23,San Rafael,Vintage Cars,Shipped,45.0,100.0,4739.4,San Rafael,0.0,0.0,0.0,0.0,0.0,0.0,0.0,0.0,0.0,1.0,0.0,0.0,0.0,0.0,0.0,0.0,0.0,1.0,0.0,0.0,0.0,0.0,0.0,1.0,8.463876799314294,4.61512051684126,13.966075138951927,0.8147953708553252,0.7447315744112115,1.0811129658652374,0.4654848653250261,1.0,0.6987143655673522
2005-03-23,San Rafael,Ships,Shipped,49.0,100.0,5720.75,San Rafael,0.0,0.0,0.0,0.0,0.0,0.0,0.0,0.0,0.0,1.0,0.0,0.0,0.0,0.0,1.0,0.0,0.0,0.0,0.0,0.0,0.0,0.0,0.0,1.0,8.652029981638448,4.61512051684126,14.736931873780104,1.181820125572999,0.7447315744112115,1.464218006289084,0.5839541659074337,1.0,0.8105086640581285
2005-03-23,San Rafael,Vintage Cars,Shipped,33.0,100.0,5273.73,San Rafael,0.0,0.0,0.0,0.0,0.0,0.0,0.0,0.0,0.0,1.0,0.0,0.0,0.0,0.0,0.0,0.0,0.0,1.0,0.0,0.0,0.0,0.0,0.0,1.0,8.570682772200156,4.61512051684126,11.461717832632248,1.0231385703515783,0.7447315744112115,-0.16351766875873364,0.5299895796269548,1.0,0.3633314700950231
2005-03-23,San Rafael,Vintage Cars,Shipped,27.0,83.2,2246.4,San Rafael,0.0,0.0,0.0,0.0,0.0,0.0,0.0,0.0,0.0,1.0,0.0,0.0,0.0,0.0,0.0,0.0,0.0,1.0,0.0,0.0,0.0,0.0,0.0,1.0,7.717529271473802,4.4331949212482815,10.068010317854855,-0.6410823079387028,0.10529375541627237,-0.8561708553548468,0.1645280544502699,0.7491264223635876,0.19564002235885858
2005-03-23,San Rafael,Classic Cars,Shipped,39.0,66.67,2600.13,San Rafael,0.0,0.0,0.0,0.0,0.0,0.0,0.0,0.0,0.0,1.0,0.0,1.0,0.0,0.0,0.0,0.0,0.0,0.0,0.0,0.0,0.0,0.0,0.0,1.0,7.863701244976278,4.2146429502441345,12.754015005493859,-0.35594903483297635,-0.6628796026009266,0.4787359930181514,0.207230602669575,0.5022847415106173,0.5310229178311876
2005-03-23,San Rafael,Trains,Shipped,24.0,89.75,2154.0,San Rafael,0.0,0.0,0.0,0.0,0.0,0.0,0.0,0.0,0.0,1.0,0.0,0.0,0.0,0.0,0.0,1.0,0.0,0.0,0.0,0.0,0.0,0.0,0.0,1.0,7.675546002537848,4.5081084731449605,9.323544176118064,-0.7229778081536187,0.36860226943729524,-1.226160139275199,0.15337345784985779,0.8469372517396887,0.11179429849077627
2005-03-23,San Rafael,Vintage Cars,Shipped,37.0,90.57,3351.09,San Rafael,0.0,0.0,0.0,0.0,0.0,0.0,0.0,0.0,0.0,1.0,0.0,0.0,0.0,0.0,0.0,0.0,0.0,1.0,0.0,0.0,0.0,0.0,0.0,1.0,8.117339310883533,4.517103707119641,12.33304085962557,0.1388151130637935,0.4002190014060467,0.26951771693185156,0.29788705140383365,0.8591822716005135,0.47512576858579947
2005-03-23,San Rafael,Classic Cars,Shipped,33.0,100.0,6109.29,San Rafael,0.0,0.0,0.0,0.0,0.0,0.0,0.0,0.0,0.0,1.0,0.0,1.0,0.0,0.0,0.0,0.0,0.0,0.0,0.0,0.0,0.0,0.0,0.0,1.0,8.717729514214422,4.61512051684126,11.461717832632248,1.3099782280876833,0.7447315744112115,-0.16351766875873364,0.6308590031706818,1.0,0.3633314700950231
2005-03-28,Toulouse,Ships,Shipped,36.0,100.0,3789.72,Other,0.0,0.0,0.0,0.0,0.0,0.0,1.0,0.0,0.0,0.0,0.0,0.0,0.0,0.0,1.0,0.0,0.0,0.0,0.0,0.0,0.0,0.0,0.0,1.0,8.240311253648546,4.61512051684126,12.119023021201402,0.37869278386888916,0.7447315744112115,0.16315383770961095,0.3508387906553356,1.0,0.4471771939631053
2005-03-28,Toulouse,Ships,Shipped,48.0,100.0,5192.64,Other,0.0,0.0,0.0,0.0,0.0,0.0,1.0,0.0,0.0,0.0,0.0,0.0,0.0,0.0,1.0,0.0,0.0,0.0,0.0,0.0,0.0,0.0,0.0,1.0,8.555190079077429,4.61512051684126,14.546755227281093,0.992917439765071,0.7447315744112115,1.3697028667658944,0.5202003346234114,1.0,0.7825600894354343
2005-03-28,Toulouse,Classic Cars,Shipped,32.0,80.55,2577.6,Other,0.0,0.0,0.0,0.0,0.0,0.0,1.0,0.0,0.0,0.0,0.0,1.0,0.0,0.0,0.0,0.0,0.0,0.0,0.0,0.0,0.0,0.0,0.0,1.0,7.855001894976737,4.401216329067023,11.237179911736995,-0.3729185952748727,-0.007105608577903721,-0.2751098821684491,0.2045107643426563,0.7095541020816534,0.335382895472329
2005-03-28,Toulouse,Ships,Shipped,34.0,62.24,2116.16,Other,0.0,0.0,0.0,0.0,0.0,0.0,1.0,0.0,0.0,0.0,0.0,0.0,0.0,0.0,1.0,0.0,0.0,0.0,0.0,0.0,0.0,0.0,0.0,1.0,7.6578308469279746,4.146937012341271,11.683463549954297,-0.7575342294810964,-0.9008545677205931,-0.05331314156158311,0.14880538495635565,0.4361317683600634,0.39128004471771716
2005-03-28,Toulouse,Ships,Shipped,22.0,66.5,1463.0,Other,0.0,0.0,0.0,0.0,0.0,0.0,1.0,0.0,0.0,0.0,0.0,0.0,0.0,0.0,1.0,0.0,0.0,0.0,0.0,0.0,0.0,0.0,0.0,1.0,7.288927694521257,4.212127597878484,8.805943150564206,-1.4771425154222213,-0.6717206423977325,-1.4834006262023,0.06995542483162412,0.49974613983215366,0.055897149245388134
2005-03-30,Reims,Vintage Cars,Shipped,45.0,100.0,4811.85,Other,0.0,0.0,0.0,0.0,0.0,0.0,1.0,0.0,0.0,0.0,0.0,0.0,0.0,0.0,0.0,0.0,0.0,1.0,0.0,0.0,0.0,0.0,0.0,1.0,8.479044703224266,4.61512051684126,13.966075138951927,0.8443829448913996,0.7447315744112115,1.0811129658652374,0.47423108311398565,1.0,0.6987143655673522
2005-03-30,Reims,Planes,Shipped,23.0,100.0,2810.83,Other,0.0,0.0,0.0,0.0,0.0,0.0,1.0,0.0,0.0,0.0,0.0,0.0,0.0,1.0,0.0,0.0,0.0,0.0,0.0,0.0,0.0,0.0,0.0,1.0,7.941590795911033,4.61512051684126,9.067037908070397,-0.20401223007754488,0.7447315744112115,-1.353640175122944,0.23266646309930267,1.0,0.0838457238680822
2005-03-30,Reims,Planes,Shipped,36.0,87.36,3144.96,Other,0.0,0.0,0.0,0.0,0.0,0.0,1.0,0.0,0.0,0.0,0.0,0.0,0.0,1.0,0.0,0.0,0.0,0.0,0.0,0.0,0.0,0.0,0.0,1.0,8.053874368979223,4.481419378551917,12.119023021201402,0.01501595937490663,0.27479459832922687,0.16315383770961095,0.2730028847670051,0.8112474987306992,0.4471771939631053
2005-03-30,Reims,Classic Cars,Shipped,35.050383351588174,76.88,2613.92,Other,0.0,0.0,0.0,0.0,0.0,0.0,1.0,0.0,0.0,0.0,0.0,1.0,0.0,0.0,0.0,0.0,0.0,0.0,0.0,0.0,0.0,0.0,0.0,1.0,7.868988783296831,4.3551691805039985,11.913498472712774,-0.345634792835104,-0.16895357808491104,0.06101100506720186,0.20889534170766677,0.654750171728937,0.42063676220201485
2005-03-30,Reims,Planes,Shipped,47.0,87.69,4121.43,Other,0.0,0.0,0.0,0.0,0.0,0.0,1.0,0.0,0.0,0.0,0.0,0.0,0.0,1.0,0.0,0.0,0.0,0.0,0.0,0.0,0.0,0.0,0.0,1.0,8.324198074301721,4.485147143388361,14.35492029635209,0.5423282823173506,0.2878970637023514,1.2743635830212399,0.39088306812636064,0.8161753725771286,0.7546115148127404
2005-03-30,Reims,Planes,Shipped,33.0,100.0,4215.09,Other,0.0,0.0,0.0,0.0,0.0,0.0,1.0,0.0,0.0,0.0,0.0,0.0,0.0,1.0,0.0,0.0,0.0,0.0,0.0,0.0,0.0,0.0,0.0,1.0,8.346663437241926,4.61512051684126,11.461717832632248,0.5861507902384064,0.7447315744112115,-0.16351766875873364,0.4021897728622329,1.0,0.3633314700950231
2005-03-30,Reims,Vintage Cars,Shipped,22.0,67.41,1483.02,Other,0.0,0.0,0.0,0.0,0.0,0.0,1.0,0.0,0.0,0.0,0.0,0.0,0.0,0.0,0.0,0.0,0.0,1.0,0.0,0.0,0.0,0.0,0.0,1.0,7.302509900725459,4.2255190127729065,8.805943150564206,-1.4506481142165373,-0.6246520751329939,-1.4834006262023,0.07237225409504675,0.5133351252874592,0.055897149245388134
2005-03-30,Reims,Planes,Shipped,22.0,86.76,1908.72,Other,0.0,0.0,0.0,0.0,0.0,0.0,1.0,0.0,0.0,0.0,0.0,0.0,0.0,1.0,0.0,0.0,0.0,0.0,0.0,0.0,0.0,0.0,0.0,1.0,7.554711913435667,4.474605815966975,8.805943150564206,-0.9586852321070233,0.2508460737431204,-1.4834006262023,0.12376307414694554,0.8022877281008274,0.055897149245388134
2005-03-30,Reims,Planes,Shipped,45.0,78.25,3521.25,Other,0.0,0.0,0.0,0.0,0.0,0.0,1.0,0.0,0.0,0.0,0.0,0.0,0.0,1.0,0.0,0.0,0.0,0.0,0.0,0.0,0.0,0.0,0.0,1.0,8.166855268933386,4.37260741275739,13.966075138951927,0.2354044034141841,-0.10766112958204344,1.0811129658652374,0.31842889293550175,0.6752083146671446,0.6987143655673522
2005-03-30,Reims,Ships,Shipped,28.0,72.26,2023.28,Other,0.0,0.0,0.0,0.0,0.0,0.0,1.0,0.0,0.0,0.0,0.0,0.0,0.0,0.0,1.0,0.0,0.0,0.0,0.0,0.0,0.0,0.0,0.0,1.0,7.6129693607602205,4.294014757350668,10.308532382015233,-0.8450441814978716,-0.38390107261200035,-0.7366347457903012,0.13759284239957775,0.5857599378789238,0.22358859698155265
2005-03-30,Reims,Vintage Cars,Shipped,49.0,36.66,1796.34,Other,0.0,0.0,0.0,0.0,0.0,0.0,1.0,0.0,0.0,0.0,0.0,0.0,0.0,0.0,0.0,0.0,0.0,1.0,0.0,0.0,0.0,0.0,0.0,1.0,7.494063073115967,3.628598523229006,14.736931873780104,-1.0769911011191127,-2.7227270310138882,1.464218006289084,0.11019647711280792,0.05414688050652572,0.8105086640581285
2005-03-30,Reims,Planes,Shipped,28.0,57.55,1611.4,Other,0.0,0.0,0.0,0.0,0.0,0.0,1.0,0.0,0.0,0.0,0.0,0.0,0.0,1.0,0.0,0.0,0.0,0.0,0.0,0.0,0.0,0.0,0.0,1.0,7.385479031243011,4.069881090043726,10.308532382015233,-1.288802726319349,-1.171693152769523,-0.7366347457903012,0.08787038300804365,0.3660962279365648,0.22358859698155265
2005-03-30,Reims,Vintage Cars,Shipped,34.0,71.67,2436.78,Other,0.0,0.0,0.0,0.0,0.0,0.0,1.0,0.0,0.0,0.0,0.0,0.0,0.0,0.0,0.0,0.0,0.0,1.0,0.0,0.0,0.0,0.0,0.0,1.0,7.798843068069615,4.2859286446285445,11.683463549954297,-0.4824659301443338,-0.4123223965402182,-0.05331314156158311,0.18751086939384637,0.5769494967595497,0.39128004471771716
2005-03-30,Reims,Planes,Shipped,41.0,68.24,2797.84,Other,0.0,0.0,0.0,0.0,0.0,0.0,1.0,0.0,0.0,0.0,0.0,0.0,0.0,1.0,0.0,0.0,0.0,0.0,0.0,0.0,0.0,0.0,0.0,1.0,7.936960324608974,4.237578730308009,13.166125611826143,-0.2130447512014092,-0.582264199731483,0.6835492136397722,0.23109830065515385,0.525729474658782,0.5869200670765757
2005-03-30,Reims,Planes,Shipped,29.0,65.6,1902.4,Other,0.0,0.0,0.0,0.0,0.0,0.0,1.0,0.0,0.0,0.0,0.0,0.0,0.0,1.0,0.0,0.0,0.0,0.0,0.0,0.0,0.0,0.0,0.0,1.0,7.5513970396382435,4.198704577546343,10.54555133395328,-0.9651514567405418,-0.7189002974513953,-0.6188396341166861,0.12300011905479616,0.48630648388734576,0.2515371716042467
2005-03-30,Reims,Ships,Shipped,36.0,100.0,3910.32,Other,0.0,0.0,0.0,0.0,0.0,0.0,1.0,0.0,0.0,0.0,0.0,0.0,0.0,0.0,1.0,0.0,0.0,0.0,0.0,0.0,0.0,0.0,0.0,1.0,8.271630191914664,4.61512051684126,12.119023021201402,0.4397856949382134,0.7447315744112115,0.16315383770961095,0.36539771219223716,1.0,0.4471771939631053
2005-03-30,Reims,Planes,Shipped,43.0,100.0,5552.16,Other,0.0,0.0,0.0,0.0,0.0,0.0,1.0,0.0,0.0,0.0,0.0,0.0,0.0,1.0,0.0,0.0,0.0,0.0,0.0,0.0,0.0,0.0,0.0,1.0,8.62212241408061,4.61512051684126,13.569968697266269,1.123480332902332,0.7447315744112115,0.8842535917456676,0.5636018559413786,1.0,0.6428172163219641
2005-03-30,Reims,Planes,Shipped,34.0,40.22,1367.48,Other,0.0,0.0,0.0,0.0,0.0,0.0,1.0,0.0,0.0,0.0,0.0,0.0,0.0,1.0,0.0,0.0,0.0,0.0,0.0,0.0,0.0,0.0,0.0,1.0,7.221455913832472,3.718923575462313,11.683463549954297,-1.6087576890364652,-2.4052496897282234,-0.05331314156158311,0.05842417951483442,0.10730818624376548,0.39128004471771716
2005-04-01,San Jose,Vintage Cars,Shipped,38.0,57.2,2173.6,Other,0.0,0.0,0.0,0.0,0.0,0.0,1.0,0.0,0.0,0.0,0.0,0.0,0.0,0.0,0.0,0.0,0.0,1.0,0.0,0.0,0.0,0.0,0.0,1.0,7.684600018563649,4.063885354737392,12.544675977743431,-0.7053164113596251,-1.1927671522529737,0.3746974174111126,0.15573958440146035,0.3608696950691396,0.5030743432084936
2005-04-01,San Jose,Classic Cars,Shipped,55.7800000000002,100.0,9167.099200000002,Other,0.0,0.0,0.0,0.0,0.0,0.0,1.0,0.0,0.0,0.0,0.0,1.0,0.0,0.0,0.0,0.0,0.0,0.0,0.0,0.0,0.0,0.0,0.0,1.0,9.123485259140311,4.61512051684126,15.985993687931416,2.1014737580444667,0.7447315744112115,2.0849842981072166,1.0,1.0,1.0
2005-04-01,San Jose,Planes,Shipped,20.0,56.12,1122.4,Other,0.0,0.0,0.0,0.0,0.0,0.0,1.0,0.0,0.0,0.0,0.0,0.0,0.0,1.0,0.0,0.0,0.0,0.0,0.0,0.0,0.0,0.0,0.0,1.0,7.0241150800983325,4.0451543180313285,8.268807419728406,-1.993704519073449,-1.2586035906045976,-1.7503495890608907,0.028837939960407954,0.3447421079353702,0.0
2005-04-01,San Jose,Planes,Shipped,34.0,100.0,6433.82,Other,0.0,0.0,0.0,0.0,0.0,0.0,1.0,0.0,0.0,0.0,0.0,0.0,0.0,1.0,0.0,0.0,0.0,0.0,0.0,0.0,0.0,0.0,0.0,1.0,8.76947914761103,4.61512051684126,11.683463549954297,1.410924681767096,0.7447315744112115,-0.05331314156158311,0.6700365057110688,1.0,0.39128004471771716
2005-04-01,San Jose,Vintage Cars,Shipped,55.7800000000002,100.0,7307.42,Other,0.0,0.0,0.0,0.0,0.0,0.0,1.0,0.0,0.0,0.0,0.0,0.0,0.0,0.0,0.0,0.0,0.0,1.0,0.0,0.0,0.0,0.0,0.0,1.0,8.896782387110855,4.61512051684126,15.985993687931416,1.6592512828643486,0.7447315744112115,2.0849842981072166,0.7754981462967836,1.0,1.0
2005-04-01,San Jose,Ships,Shipped,30.0,74.84,2245.2,Other,0.0,0.0,0.0,0.0,0.0,0.0,1.0,0.0,0.0,0.0,0.0,0.0,0.0,0.0,1.0,0.0,0.0,0.0,0.0,0.0,0.0,0.0,0.0,1.0,7.7169951785289355,4.328625857946767,10.779232502977782,-0.6421241469852969,-0.2622488850457232,-0.5027033539745942,0.16438318955935544,0.6242869515873728,0.2794857462269409
2005-04-01,San Jose,Planes,Shipped,24.0,61.66,1479.84,Other,0.0,0.0,0.0,0.0,0.0,0.0,1.0,0.0,0.0,0.0,0.0,0.0,0.0,1.0,0.0,0.0,0.0,0.0,0.0,0.0,0.0,0.0,0.0,1.0,7.300364773320174,4.137723285524046,9.323544176118064,-1.4548325497389007,-0.9332392652207919,-1.226160139275199,0.07198836213412346,0.4274706567511871,0.11179429849077627
2005-04-01,San Jose,Vintage Cars,Shipped,42.0,72.96,3064.32,Other,0.0,0.0,0.0,0.0,0.0,0.0,1.0,0.0,0.0,0.0,0.0,0.0,0.0,0.0,0.0,0.0,0.0,1.0,0.0,0.0,0.0,0.0,0.0,1.0,8.027907247488233,4.303524406518924,13.369046010543581,-0.035637323648151385,-0.35047625790279907,0.7843978201850537,0.26326796409755454,0.596213003613774,0.6148686416992699
2005-04-01,San Jose,Ships,Shipped,46.0,87.8,4038.8,Other,0.0,0.0,0.0,0.0,0.0,0.0,1.0,0.0,0.0,0.0,0.0,0.0,0.0,0.0,1.0,0.0,0.0,0.0,0.0,0.0,0.0,0.0,0.0,1.0,8.303950464779291,4.486386649998124,14.161377611660777,0.5028318792972504,0.2922537206125199,1.1781755694872693,0.3809079131794769,0.8178179971926052,0.7266629401900462
2005-04-03,Newark,Planes,On Hold,55.7800000000002,88.75,7543.75,Other,0.0,0.0,0.0,0.0,0.0,0.0,1.0,0.0,0.0,0.0,0.0,0.0,0.0,1.0,0.0,0.0,0.0,0.0,0.0,0.0,0.0,1.0,0.0,0.0,8.928607236126812,4.497028027368389,15.985993687931416,1.7213310588199051,0.32965636928636416,2.0849842981072166,0.8040280793549589,0.8320043006899023,1.0
2005-04-03,Newark,Planes,On Hold,55.7800000000002,92.0,7084.0,Other,0.0,0.0,0.0,0.0,0.0,0.0,1.0,0.0,0.0,0.0,0.0,0.0,0.0,1.0,0.0,0.0,0.0,0.0,0.0,0.0,0.0,1.0,0.0,0.0,8.865735152124781,4.532599493153256,15.985993687931416,1.5986883752128898,0.45468407869575284,2.0849842981072166,0.7485267180233628,0.8805363916017084,1.0
2005-04-03,Newark,Planes,On Hold,42.0,76.03,3193.26,Other,0.0,0.0,0.0,0.0,0.0,0.0,1.0,0.0,0.0,0.0,0.0,0.0,0.0,1.0,0.0,0.0,0.0,0.0,0.0,0.0,0.0,1.0,0.0,0.0,8.069110728091875,4.344194956364874,13.369046010543581,0.0447370669163002,-0.20752612707567017,0.7843978201850537,0.2788336966263115,0.6420571633366186,0.6148686416992699
2005-04-03,Newark,Planes,On Hold,38.0,96.29,3659.02,Other,0.0,0.0,0.0,0.0,0.0,0.0,1.0,0.0,0.0,0.0,0.0,0.0,0.0,1.0,0.0,0.0,0.0,0.0,0.0,0.0,0.0,1.0,0.0,0.0,8.205223890861356,4.577696208987336,12.544675977743431,0.31024892040836094,0.6131914372825821,0.3746974174111126,0.3350605896199041,0.9445987516052923,0.5030743432084936
2005-04-03,Newark,Planes,On Hold,20.0,100.0,1135.31,Other,0.0,0.0,0.0,0.0,0.0,0.0,1.0,0.0,0.0,0.0,0.0,0.0,0.0,1.0,0.0,0.0,0.0,0.0,0.0,0.0,0.0,1.0,0.0,0.0,7.035541449378067,4.61512051684126,8.268807419728406,-1.9714154441271488,0.7447315744112115,-1.7503495890608907,0.030396444745162482,1.0,0.0
2005-04-03,Newark,Planes,On Hold,28.0,72.55,2031.4,Other,0.0,0.0,0.0,0.0,0.0,0.0,1.0,0.0,0.0,0.0,0.0,0.0,0.0,1.0,0.0,0.0,0.0,0.0,0.0,0.0,0.0,1.0,0.0,0.0,7.6169726397195765,4.297965447047447,10.308532382015233,-0.8372351056163235,-0.37001506391157696,-0.7366347457903012,0.13857309482809882,0.5900904936833617,0.22358859698155265
2005-04-03,Newark,Planes,On Hold,21.0,96.11,2018.31,Other,0.0,0.0,0.0,0.0,0.0,0.0,1.0,0.0,0.0,0.0,0.0,0.0,0.0,1.0,0.0,0.0,0.0,0.0,0.0,0.0,0.0,1.0,0.0,0.0,7.6105111478836776,4.575844356606263,8.539972716394377,-0.8498393434340786,0.6066824881498634,-1.6155842205467048,0.1369928603097071,0.9419108204163307,0.027948574622694067
2005-04-03,Newark,Planes,On Hold,52.0,81.14,4219.28,Other,0.0,0.0,0.0,0.0,0.0,0.0,1.0,0.0,0.0,0.0,0.0,0.0,0.0,1.0,0.0,0.0,0.0,0.0,0.0,0.0,0.0,1.0,0.0,0.0,8.347656755539846,4.408425108528412,15.29797189715178,0.5880884263716228,0.018232036745622543,1.7430470689697273,0.40269559277300915,0.7183645432010273,0.8943543879262108
2005-04-03,Newark,Vintage Cars,On Hold,55.7800000000002,35.35,1979.6,Other,0.0,0.0,0.0,0.0,0.0,0.0,1.0,0.0,0.0,0.0,0.0,0.0,0.0,0.0,0.0,0.0,0.0,1.0,0.0,0.0,0.0,1.0,0.0,0.0,7.591155108087202,3.5931942039795284,15.985993687931416,-0.887596588200568,-2.847167248511026,2.0849842981072166,0.132319760370292,0.034584714631305524,1.0
2005-04-03,Newark,Planes,On Hold,55.7800000000002,60.05,3843.2,Other,0.0,0.0,0.0,0.0,0.0,0.0,1.0,0.0,0.0,0.0,0.0,0.0,0.0,1.0,0.0,0.0,0.0,0.0,0.0,0.0,0.0,1.0,0.0,0.0,8.254320797873032,4.111693200556713,15.985993687931416,0.4060207805000584,-1.0247306285196807,2.0849842981072166,0.3572949359604226,0.4034286055610309,1.0
2005-04-03,Newark,Motorcycles,On Hold,49.0,100.0,4992.61,Other,0.0,0.0,0.0,0.0,0.0,0.0,1.0,0.0,0.0,0.0,0.0,0.0,1.0,0.0,0.0,0.0,0.0,0.0,0.0,0.0,0.0,1.0,0.0,0.0,8.515914374077791,4.61512051684126,14.736931873780104,0.916303503100312,0.7447315744112115,1.464218006289084,0.4960525645153979,1.0,0.8105086640581285
2005-04-03,Newark,Vintage Cars,On Hold,55.7800000000002,77.73,4819.26,Other,0.0,0.0,0.0,0.0,0.0,0.0,1.0,0.0,0.0,0.0,0.0,0.0,0.0,0.0,0.0,0.0,0.0,1.0,0.0,0.0,0.0,1.0,0.0,0.0,8.480583147498548,4.3660242771963755,15.985993687931416,0.8473839418739655,-0.13079974199973363,2.0849842981072166,0.47512562381538237,0.6674431801212557,1.0
2005-04-07,Paris,Motorcycles,Shipped,45.0,100.0,5833.8,Paris,0.0,0.0,0.0,0.0,0.0,0.0,0.0,1.0,0.0,0.0,0.0,0.0,1.0,0.0,0.0,0.0,0.0,0.0,0.0,0.0,0.0,0.0,0.0,1.0,8.671595268212059,4.61512051684126,13.966075138951927,1.2199855417352892,0.7447315744112115,1.0811129658652374,0.5976016458389984,1.0,0.6987143655673522
2005-04-07,Paris,Motorcycles,Shipped,55.7800000000002,87.6,5168.4,Paris,0.0,0.0,0.0,0.0,0.0,0.0,0.0,1.0,0.0,0.0,0.0,0.0,1.0,0.0,0.0,0.0,0.0,0.0,0.0,0.0,0.0,0.0,0.0,1.0,8.550511906609062,4.484131857611035,15.985993687931416,0.9837918694105328,0.2843285052430876,2.0849842981072166,0.5172740638269395,0.8148314069826479,1.0
2005-04-07,Paris,Motorcycles,Shipped,55.0,55.72,3064.6,Paris,0.0,0.0,0.0,0.0,0.0,0.0,0.0,1.0,0.0,0.0,0.0,0.0,1.0,0.0,0.0,0.0,0.0,0.0,0.0,0.0,0.0,0.0,0.0,1.0,8.02799858777654,4.038126882223872,15.845655989222639,-0.035459148894487015,-1.2833038435360244,2.015238420166876,0.2633017659054346,0.3387689275154556,0.9782001117942931
2005-04-08,Liverpool,Motorcycles,Shipped,27.0,79.65,2150.55,Other,0.0,0.0,0.0,0.0,0.0,0.0,1.0,0.0,0.0,0.0,0.0,0.0,1.0,0.0,0.0,0.0,0.0,0.0,0.0,0.0,0.0,0.0,0.0,1.0,7.673943791608898,4.390118804571218,10.068010317854855,-0.7261031928318896,-0.04611153754964094,-0.8561708553548468,0.1529569712884788,0.6961144461368456,0.19564002235885858
2005-04-08,Liverpool,Motorcycles,Shipped,24.0,100.0,2434.56,Other,0.0,0.0,0.0,0.0,0.0,0.0,1.0,0.0,0.0,0.0,0.0,0.0,1.0,0.0,0.0,0.0,0.0,0.0,0.0,0.0,0.0,0.0,0.0,1.0,7.797931988541586,4.61512051684126,9.323544176118064,-0.48424314558216264,0.7447315744112115,-1.226160139275199,0.18724286934565465,1.0,0.11179429849077627
2005-04-08,Liverpool,Motorcycles,Shipped,45.0,100.0,5189.4,Other,0.0,0.0,0.0,0.0,0.0,0.0,1.0,0.0,0.0,0.0,0.0,0.0,1.0,0.0,0.0,0.0,0.0,0.0,0.0,0.0,0.0,0.0,0.0,1.0,8.554566044481039,4.61512051684126,13.966075138951927,0.9917001542435284,0.7447315744112115,1.0811129658652374,0.5198091994179423,1.0,0.6987143655673522
2005-04-08,Liverpool,Motorcycles,Shipped,36.0,52.22,1879.92,Other,0.0,0.0,0.0,0.0,0.0,0.0,1.0,0.0,0.0,0.0,0.0,0.0,1.0,0.0,0.0,0.0,0.0,0.0,0.0,0.0,0.0,0.0,0.0,1.0,7.539516297827734,3.9744342655495433,12.119023021201402,-0.9883268625189776,-1.5071726606728548,0.16315383770961095,0.1202863167649989,0.286503598841203,0.4471771939631053
2005-04-08,Liverpool,Motorcycles,Shipped,31.0,68.34,2118.54,Other,0.0,0.0,0.0,0.0,0.0,0.0,1.0,0.0,0.0,0.0,0.0,0.0,1.0,0.0,0.0,0.0,0.0,0.0,0.0,0.0,0.0,0.0,0.0,1.0,7.658954362990171,4.239021940256878,11.009728365329204,-0.7553426204843453,-0.5771915599028286,-0.388150126800217,0.149092700323336,0.5272227697637608,0.30743432084963496
2005-04-08,Liverpool,Motorcycles,Shipped,30.0,40.23,1206.9,Other,0.0,0.0,0.0,0.0,0.0,0.0,1.0,0.0,0.0,0.0,0.0,0.0,1.0,0.0,0.0,0.0,0.0,0.0,0.0,0.0,0.0,0.0,0.0,1.0,7.096638593611233,3.7191661467188086,10.779232502977782,-1.8522350821522164,-2.4043970926283,-0.5027033539745942,0.03903884269563335,0.10745751575426332,0.2794857462269409
2005-04-08,Liverpool,Motorcycles,Shipped,46.0,100.0,5287.7,Other,0.0,0.0,0.0,0.0,0.0,0.0,1.0,0.0,0.0,0.0,0.0,0.0,1.0,0.0,0.0,0.0,0.0,0.0,0.0,0.0,0.0,0.0,0.0,1.0,8.573327747959807,4.61512051684126,14.161377611660777,1.0282980450276304,0.7447315744112115,1.1781755694872693,0.5316760483986839,1.0,0.7266629401900462
2005-04-08,Liverpool,Motorcycles,Shipped,55.7800000000002,100.0,9167.099200000002,Other,0.0,0.0,0.0,0.0,0.0,0.0,1.0,0.0,0.0,0.0,0.0,0.0,1.0,0.0,0.0,0.0,0.0,0.0,0.0,0.0,0.0,0.0,0.0,1.0,9.123485259140311,4.61512051684126,15.985993687931416,2.1014737580444667,0.7447315744112115,2.0849842981072166,1.0,1.0,1.0
2005-04-08,Liverpool,Motorcycles,Shipped,55.7800000000002,100.0,8648.64,Other,0.0,0.0,0.0,0.0,0.0,0.0,1.0,0.0,0.0,0.0,0.0,0.0,1.0,0.0,0.0,0.0,0.0,0.0,0.0,0.0,0.0,0.0,0.0,1.0,9.06527298056274,4.61512051684126,15.985993687931416,1.987920816751764,0.7447315744112115,2.0849842981072166,0.9374112204570082,1.0,1.0
2005-04-14,Strasbourg,Classic Cars,Shipped,47.0,44.56,2094.32,Other,0.0,0.0,0.0,0.0,0.0,0.0,1.0,0.0,0.0,0.0,0.0,1.0,0.0,0.0,0.0,0.0,0.0,0.0,0.0,0.0,0.0,0.0,0.0,1.0,7.647461565322036,3.8190301385789813,14.35492029635209,-0.7777612752902997,-2.0533919856060647,1.2743635830212399,0.1461688439417128,0.1721171937998388,0.7546115148127404
2005-04-14,Strasbourg,Classic Cars,Shipped,55.7800000000002,100.0,9167.099200000002,Other,0.0,0.0,0.0,0.0,0.0,0.0,1.0,0.0,0.0,0.0,0.0,1.0,0.0,0.0,0.0,0.0,0.0,0.0,0.0,0.0,0.0,0.0,0.0,1.0,9.123485259140311,4.61512051684126,15.985993687931416,2.1014737580444667,0.7447315744112115,2.0849842981072166,1.0,1.0,1.0
2005-04-14,Strasbourg,Classic Cars,Shipped,55.7800000000002,73.92,4509.12,Other,0.0,0.0,0.0,0.0,0.0,0.0,1.0,0.0,0.0,0.0,0.0,1.0,0.0,0.0,0.0,0.0,0.0,0.0,0.0,0.0,0.0,0.0,0.0,1.0,8.414079039681553,4.316420877575887,15.985993687931416,0.7176563786313812,-0.30514733484215356,2.0849842981072166,0.4376852927585444,0.6105486366215691,1.0
2005-04-14,Strasbourg,Classic Cars,Shipped,55.0,100.0,8289.05,Other,0.0,0.0,0.0,0.0,0.0,0.0,1.0,0.0,0.0,0.0,0.0,1.0,0.0,0.0,0.0,0.0,0.0,0.0,0.0,0.0,0.0,0.0,0.0,1.0,9.02281127947424,4.61512051684126,15.845655989222639,1.905092053324033,0.7447315744112115,2.015238420166876,0.894001248687071,1.0,0.9782001117942931
2005-04-14,Strasbourg,Classic Cars,Shipped,35.050383351588174,93.28,9048.16,Other,0.0,0.0,0.0,0.0,0.0,0.0,1.0,0.0,0.0,0.0,0.0,1.0,0.0,0.0,0.0,0.0,0.0,0.0,0.0,0.0,0.0,0.0,0.0,1.0,9.110427214706586,4.5462690780679305,11.913498472712774,2.0760018234421405,0.5027303667175949,0.06101100506720186,0.9856415714721236,0.899650568945435,0.42063676220201485
2005-04-15,Kobenhavn,Classic Cars,Disputed,48.0,100.0,7169.28,Other,0.0,0.0,0.0,0.0,0.0,0.0,1.0,0.0,0.0,0.0,0.0,1.0,0.0,0.0,0.0,0.0,0.0,0.0,0.0,1.0,0.0,0.0,0.0,0.0,8.877699984435077,4.61512051684126,14.546755227281093,1.6220278138005344,0.7447315744112115,1.3697028667658944,0.7588217829376825,1.0,0.7825600894354343
2005-04-15,Kobenhavn,Classic Cars,Disputed,55.7800000000002,100.0,8374.69,Other,0.0,0.0,0.0,0.0,0.0,0.0,1.0,0.0,0.0,0.0,0.0,1.0,0.0,0.0,0.0,0.0,0.0,0.0,0.0,1.0,0.0,0.0,0.0,0.0,9.03308874135926,4.61512051684126,15.985993687931416,1.9251399891647931,0.7447315744112115,2.0849842981072166,0.9043397730686653,1.0,1.0
2005-04-15,Kobenhavn,Classic Cars,Disputed,55.7800000000002,100.0,9167.099200000002,Other,0.0,0.0,0.0,0.0,0.0,0.0,1.0,0.0,0.0,0.0,0.0,1.0,0.0,0.0,0.0,0.0,0.0,0.0,0.0,1.0,0.0,0.0,0.0,0.0,9.123485259140311,4.61512051684126,15.985993687931416,2.1014737580444667,0.7447315744112115,2.0849842981072166,1.0,1.0,1.0
2005-04-22,San Jose,Classic Cars,On Hold,55.7800000000002,98.65,5820.35,Other,0.0,0.0,0.0,0.0,0.0,0.0,1.0,0.0,0.0,0.0,0.0,1.0,0.0,0.0,0.0,0.0,0.0,0.0,0.0,0.0,0.0,1.0,0.0,0.0,8.669287472590096,4.6016640466588035,15.985993687931416,1.215483794214324,0.6974343487690802,2.0849842981072166,0.5959779518533325,0.9798405160827883,1.0
2005-04-22,San Jose,Classic Cars,On Hold,55.7800000000002,66.99,4421.34,Other,0.0,0.0,0.0,0.0,0.0,0.0,1.0,0.0,0.0,0.0,0.0,1.0,0.0,0.0,0.0,0.0,0.0,0.0,0.0,0.0,0.0,1.0,0.0,0.0,8.394424246747482,4.219360635538369,15.985993687931416,0.6793163651033286,-0.6462977335933421,2.0849842981072166,0.4270884259881529,0.5070632858465489,1.0
2005-04-22,San Jose,Classic Cars,On Hold,55.7800000000002,100.0,7048.14,Other,0.0,0.0,0.0,0.0,0.0,0.0,1.0,0.0,0.0,0.0,0.0,1.0,0.0,0.0,0.0,0.0,0.0,0.0,0.0,0.0,0.0,1.0,0.0,0.0,8.860660902549837,4.61512051684126,15.985993687931416,1.58879018915717,0.7447315744112115,2.0849842981072166,0.7441976721998695,1.0,1.0
2005-04-22,San Jose,Classic Cars,On Hold,55.7800000000002,40.25,2576.0,Other,0.0,0.0,0.0,0.0,0.0,0.0,1.0,0.0,0.0,0.0,0.0,1.0,0.0,0.0,0.0,0.0,0.0,0.0,0.0,0.0,0.0,1.0,0.0,0.0,7.854381210652365,3.71965111278069,15.985993687931416,-0.3741293455215373,-2.4026925186243773,2.0849842981072166,0.20431761115477037,0.10775617477525912,1.0
2005-04-22,San Jose,Classic Cars,On Hold,43.0,86.73,3729.39,Other,0.0,0.0,0.0,0.0,0.0,0.0,1.0,0.0,0.0,0.0,0.0,1.0,0.0,0.0,0.0,0.0,0.0,0.0,0.0,0.0,0.0,1.0,0.0,0.0,8.224268064812843,4.474263916140292,13.569968697266269,0.3473978178492944,0.24964435345315025,0.8842535917456676,0.3435557082646119,0.8018397395693337,0.6428172163219641
2005-04-22,San Jose,Vintage Cars,On Hold,55.7800000000002,100.0,9167.099200000002,Other,0.0,0.0,0.0,0.0,0.0,0.0,1.0,0.0,0.0,0.0,0.0,0.0,0.0,0.0,0.0,0.0,0.0,1.0,0.0,0.0,0.0,1.0,0.0,0.0,9.123485259140311,4.61512051684126,15.985993687931416,2.1014737580444667,0.7447315744112115,2.0849842981072166,1.0,1.0,1.0
2005-04-22,San Jose,Vintage Cars,On Hold,20.0,90.19,883.5186,Other,0.0,0.0,0.0,0.0,0.0,0.0,1.0,0.0,0.0,0.0,0.0,0.0,0.0,0.0,0.0,0.0,0.0,1.0,0.0,0.0,0.0,1.0,0.0,0.0,6.785043542208585,4.512945241945574,8.268807419728406,-2.4600541788033214,0.38560269690747145,-1.7503495890608907,0.0,0.8535077502015949,0.0
2005-04-22,San Jose,Vintage Cars,On Hold,42.0,72.65,3051.3,Other,0.0,0.0,0.0,0.0,0.0,0.0,1.0,0.0,0.0,0.0,0.0,0.0,0.0,0.0,0.0,0.0,0.0,1.0,0.0,0.0,0.0,1.0,0.0,0.0,8.023650683772807,4.299324142908639,13.369046010543581,-0.043940474486721504,-0.36523947686278097,0.7843978201850537,0.2616961800311329,0.5915837887883404,0.6148686416992699
2005-04-22,San Jose,Classic Cars,On Hold,41.0,100.0,6386.16,Other,0.0,0.0,0.0,0.0,0.0,0.0,1.0,0.0,0.0,0.0,0.0,1.0,0.0,0.0,0.0,0.0,0.0,0.0,0.0,0.0,0.0,1.0,0.0,0.0,8.76204500413243,4.61512051684126,13.166125611826143,1.3964231216389857,0.7447315744112115,0.6835492136397722,0.6642829551269167,1.0,0.5869200670765757
2005-04-22,San Jose,Classic Cars,On Hold,20.0,81.33,1057.29,Other,0.0,0.0,0.0,0.0,0.0,0.0,1.0,0.0,0.0,0.0,0.0,1.0,0.0,0.0,0.0,0.0,0.0,0.0,0.0,0.0,0.0,1.0,0.0,0.0,6.964409676938528,4.410735561310335,8.268807419728406,-2.1101700535882695,0.02635288902563254,-1.7503495890608907,0.020977812420875097,0.7212018039004868,0.0
2005-04-22,San Jose,Classic Cars,On Hold,55.7800000000002,94.5,7182.0,Other,0.0,0.0,0.0,0.0,0.0,0.0,1.0,0.0,0.0,0.0,0.0,1.0,0.0,0.0,0.0,0.0,0.0,0.0,0.0,0.0,0.0,1.0,0.0,0.0,8.879472402074802,4.5591262474866845,15.985993687931416,1.625485215591148,0.5479211511411904,2.0849842981072166,0.7603573507813757,0.9178687692261744,1.0
2005-04-22,Minato-ku,Vintage Cars,Shipped,20.0,36.93,883.5186,Other,0.0,0.0,0.0,0.0,0.0,0.0,1.0,0.0,0.0,0.0,0.0,0.0,0.0,0.0,0.0,0.0,0.0,1.0,0.0,0.0,0.0,0.0,0.0,1.0,6.785043542208585,3.6357423557008075,8.268807419728406,-2.4600541788033214,-2.6976176634169615,-1.7503495890608907,0.0,0.05817877728996812,0.0
2005-04-22,San Jose,Classic Cars,On Hold,26.0,76.43,1987.18,Other,0.0,0.0,0.0,0.0,0.0,0.0,1.0,0.0,0.0,0.0,0.0,1.0,0.0,0.0,0.0,0.0,0.0,0.0,0.0,0.0,0.0,1.0,0.0,0.0,7.594974926377283,4.349374302398632,9.823805373555334,-0.8801453835296433,-0.1893215983459359,-0.9775373049564378,0.1332348235979016,0.6480303437565333,0.1676914477361645
2005-04-23,Singapore,Vintage Cars,Shipped,55.7800000000002,33.034,1801.94,Singapore,0.0,0.0,0.0,0.0,0.0,0.0,0.0,0.0,0.0,0.0,1.0,0.0,0.0,0.0,0.0,0.0,0.0,1.0,0.0,0.0,0.0,0.0,0.0,1.0,7.49717394477938,3.5273600249492447,15.985993687931416,-1.070922817313765,-3.0785632965340333,2.0849842981072166,0.11087251327040867,0.0,1.0
2005-04-23,Singapore,Vintage Cars,Shipped,20.0,100.0,883.5186,Singapore,0.0,0.0,0.0,0.0,0.0,0.0,0.0,0.0,0.0,0.0,1.0,0.0,0.0,0.0,0.0,0.0,0.0,1.0,0.0,0.0,0.0,0.0,0.0,1.0,6.785043542208585,4.61512051684126,8.268807419728406,-2.4600541788033214,0.7447315744112115,-1.7503495890608907,0.0,1.0,0.0
2005-05-01,Montreal,Trucks and Buses,Shipped,27.0,100.0,3213.0,Other,0.0,0.0,0.0,0.0,0.0,0.0,1.0,0.0,0.0,0.0,0.0,0.0,0.0,0.0,0.0,0.0,1.0,0.0,0.0,0.0,0.0,0.0,0.0,1.0,8.075271546297458,4.61512051684126,10.068010317854855,0.05675478972509443,0.7447315744112115,-0.8561708553548468,0.2812167240818541,1.0,0.19564002235885858
2005-05-01,Montreal,Trucks and Buses,Shipped,40.0,100.0,6232.0,Other,0.0,0.0,0.0,0.0,0.0,0.0,1.0,0.0,0.0,0.0,0.0,0.0,0.0,0.0,0.0,0.0,1.0,0.0,0.0,0.0,0.0,0.0,0.0,1.0,8.73761303680885,4.61512051684126,12.961139346341028,1.348764417685958,0.7447315744112115,0.5816739001387327,0.645672645474108,1.0,0.5589714924538818
2005-05-01,Montreal,Trucks and Buses,Shipped,46.0,100.0,5235.72,Other,0.0,0.0,0.0,0.0,0.0,0.0,1.0,0.0,0.0,0.0,0.0,0.0,0.0,0.0,0.0,0.0,1.0,0.0,0.0,0.0,0.0,0.0,0.0,1.0,8.563450627125494,4.61512051684126,14.161377611660777,1.0090310424356415,0.7447315744112115,1.1781755694872693,0.5254009842072399,1.0,0.7266629401900462
2005-05-01,Montreal,Vintage Cars,Shipped,35.0,59.87,2095.45,Other,0.0,0.0,0.0,0.0,0.0,0.0,1.0,0.0,0.0,0.0,0.0,0.0,0.0,0.0,0.0,0.0,0.0,1.0,0.0,0.0,0.0,0.0,0.0,1.0,7.648000717053821,4.108740442505833,11.902530119204657,-0.7767095682201893,-1.0351090756091104,0.05555988642964223,0.14630525838065722,0.4007406743720694,0.41922861934041133
2005-05-01,Montreal,Classic Cars,Shipped,23.0,100.0,4140.23,Other,0.0,0.0,0.0,0.0,0.0,0.0,1.0,0.0,0.0,0.0,0.0,1.0,0.0,0.0,0.0,0.0,0.0,0.0,0.0,0.0,0.0,0.0,0.0,1.0,8.32874812414274,4.61512051684126,9.067037908070397,0.5512039277155556,0.7447315744112115,-1.353640175122944,0.39315261808402013,1.0,0.0838457238680822
2005-05-01,Montreal,Trucks and Buses,Shipped,27.0,69.16,1867.32,Other,0.0,0.0,0.0,0.0,0.0,0.0,1.0,0.0,0.0,0.0,0.0,0.0,0.0,0.0,0.0,0.0,1.0,0.0,0.0,0.0,0.0,0.0,0.0,1.0,7.532794910327405,4.250778348063927,10.068010317854855,-1.0014380709938935,-0.535869767095984,-0.8561708553548468,0.11876523541039724,0.5394677896245856,0.19564002235885858
2005-05-01,Montreal,Classic Cars,Shipped,34.0,100.0,3576.8,Other,0.0,0.0,0.0,0.0,0.0,0.0,1.0,0.0,0.0,0.0,0.0,1.0,0.0,0.0,0.0,0.0,0.0,0.0,0.0,0.0,0.0,0.0,0.0,1.0,8.182503365357116,4.61512051684126,11.683463549954297,0.2659286745467523,0.7447315744112115,-0.05331314156158311,0.3251349301774162,1.0,0.39128004471771716
2005-05-01,Montreal,Classic Cars,Shipped,27.0,100.0,4427.73,Other,0.0,0.0,0.0,0.0,0.0,0.0,1.0,0.0,0.0,0.0,0.0,1.0,0.0,0.0,0.0,0.0,0.0,0.0,0.0,0.0,0.0,0.0,0.0,1.0,8.395868140222547,4.61512051684126,10.068010317854855,0.6821329246851435,0.7447315744112115,-0.8561708553548468,0.42785983153227225,1.0,0.19564002235885858
2005-05-01,Montreal,Trucks and Buses,Shipped,26.0,100.0,2904.72,Other,0.0,0.0,0.0,0.0,0.0,0.0,1.0,0.0,0.0,0.0,0.0,0.0,0.0,0.0,0.0,0.0,1.0,0.0,0.0,0.0,0.0,0.0,0.0,1.0,7.974436487113642,4.61512051684126,9.823805373555334,-0.13994112796670674,0.7447315744112115,-0.9775373049564378,0.24400093360593356,1.0,0.1676914477361645
2005-05-03,Madrid,Classic Cars,Shipped,41.0,100.0,6712.93,Madrid,1.0,0.0,0.0,0.0,0.0,0.0,0.0,0.0,0.0,0.0,0.0,1.0,0.0,0.0,0.0,0.0,0.0,0.0,0.0,0.0,0.0,0.0,0.0,1.0,8.811939751510057,4.61512051684126,13.166125611826143,1.493751304940315,0.7447315744112115,0.6835492136397722,0.703730872130344,1.0,0.5869200670765757
2005-05-03,Madrid,Trucks and Buses,Shipped,20.0,48.7,925.3,Madrid,1.0,0.0,0.0,0.0,0.0,0.0,0.0,0.0,0.0,0.0,0.0,0.0,0.0,0.0,0.0,0.0,1.0,0.0,0.0,0.0,0.0,0.0,0.0,1.0,6.8311981562599815,3.906004933102583,8.268807419728406,-2.3700217611101757,-1.747690235742719,-1.7503495890608907,0.005043881627710606,0.23393961114595474,0.0
2005-05-03,Madrid,Classic Cars,Shipped,55.7800000000002,100.0,9167.099200000002,Madrid,1.0,0.0,0.0,0.0,0.0,0.0,0.0,0.0,0.0,0.0,0.0,1.0,0.0,0.0,0.0,0.0,0.0,0.0,0.0,0.0,0.0,0.0,0.0,1.0,9.123485259140311,4.61512051684126,15.985993687931416,2.1014737580444667,0.7447315744112115,2.0849842981072166,1.0,1.0,1.0
2005-05-03,Madrid,Classic Cars,Shipped,21.0,52.6,1104.6,Madrid,1.0,0.0,0.0,0.0,0.0,0.0,0.0,0.0,0.0,0.0,0.0,1.0,0.0,0.0,0.0,0.0,0.0,0.0,0.0,0.0,0.0,0.0,0.0,1.0,7.008143453013405,3.9815490680767565,8.539972716394377,-2.024859891737774,-1.4821653284403995,-1.6155842205467048,0.02668911074517702,0.2921781202401219,0.027948574622694067
2005-05-03,Madrid,Trucks and Buses,Shipped,54.0,100.0,5951.34,Madrid,1.0,0.0,0.0,0.0,0.0,0.0,0.0,0.0,0.0,0.0,0.0,0.0,0.0,0.0,0.0,0.0,1.0,0.0,0.0,0.0,0.0,0.0,0.0,1.0,8.691539698537348,4.61512051684126,15.664513557833601,1.258890542212569,0.7447315744112115,1.9252131594869657,0.6117911619040682,1.0,0.9502515371715989
2005-05-03,Madrid,Trucks and Buses,Shipped,26.0,100.0,3460.86,Madrid,1.0,0.0,0.0,0.0,0.0,0.0,0.0,0.0,0.0,0.0,0.0,0.0,0.0,0.0,0.0,0.0,1.0,0.0,0.0,0.0,0.0,0.0,0.0,1.0,8.149561295865903,4.61512051684126,9.823805373555334,0.2016695702065706,0.7447315744112115,-0.9775373049564378,0.31113856730023237,1.0,0.1676914477361645
2005-05-03,Madrid,Trucks and Buses,Shipped,55.7800000000002,100.0,8498.0,Madrid,1.0,0.0,0.0,0.0,0.0,0.0,0.0,0.0,0.0,0.0,0.0,0.0,0.0,0.0,0.0,0.0,1.0,0.0,0.0,0.0,0.0,0.0,0.0,1.0,9.047703788498627,4.61512051684126,15.985993687931416,1.9536491221236614,0.7447315744112115,2.0849842981072166,0.9192258478175486,1.0,1.0
2005-05-03,Madrid,Trucks and Buses,Shipped,47.0,61.99,2913.53,Madrid,1.0,0.0,0.0,0.0,0.0,0.0,0.0,0.0,0.0,0.0,0.0,0.0,0.0,0.0,0.0,0.0,1.0,0.0,0.0,0.0,0.0,0.0,0.0,1.0,7.97746385079341,4.142975983633837,14.35492029635209,-0.13403574067384694,-0.9147769163016289,1.2743635830212399,0.24506448334673048,0.4323985305976167,0.7546115148127404
2005-05-03,Madrid,Classic Cars,Shipped,31.0,100.0,4253.2,Madrid,1.0,0.0,0.0,0.0,0.0,0.0,0.0,0.0,0.0,0.0,0.0,1.0,0.0,0.0,0.0,0.0,0.0,0.0,0.0,0.0,0.0,0.0,0.0,1.0,8.35566200922955,4.61512051684126,11.009728365329204,0.6037040340144108,0.7447315744112115,-0.388150126800217,0.4067904403561907,1.0,0.30743432084963496
2005-05-03,Madrid,Trucks and Buses,Shipped,35.050383351588174,98.18,5498.08,Madrid,1.0,0.0,0.0,0.0,0.0,0.0,0.0,0.0,0.0,0.0,0.0,0.0,0.0,0.0,0.0,0.0,1.0,0.0,0.0,0.0,0.0,0.0,0.0,1.0,8.612336084501647,4.596936381060988,11.913498472712774,1.1043904340819268,0.6808174006758153,0.06101100506720186,0.5570732781908343,0.9728220290893888,0.42063676220201485
2005-05-03,Madrid,Classic Cars,Shipped,30.0,36.07,1082.1,Madrid,1.0,0.0,0.0,0.0,0.0,0.0,0.0,0.0,0.0,0.0,0.0,1.0,0.0,0.0,0.0,0.0,0.0,0.0,0.0,0.0,0.0,0.0,0.0,1.0,6.987582578841692,3.612808017162641,10.779232502977782,-2.0649673706889033,-2.7782279995664005,-0.5027033539745942,0.023972894040531212,0.045336439387151706,0.2794857462269409
2005-05-05,Bridgewater,Classic Cars,Shipped,47.0,100.0,8236.75,Other,0.0,0.0,0.0,0.0,0.0,0.0,1.0,0.0,0.0,0.0,0.0,1.0,0.0,0.0,0.0,0.0,0.0,0.0,0.0,0.0,0.0,0.0,0.0,1.0,9.016482527363898,4.61512051684126,14.35492029635209,1.8927467468972439,0.7447315744112115,1.2743635830212399,0.88768755385805,1.0,0.7546115148127404
2005-05-05,Bridgewater,Trains,Shipped,24.0,49.71,1193.04,Other,0.0,0.0,0.0,0.0,0.0,0.0,1.0,0.0,0.0,0.0,0.0,0.0,0.0,0.0,0.0,1.0,0.0,0.0,0.0,0.0,0.0,0.0,0.0,1.0,7.085097794228928,3.926123129806928,9.323544176118064,-1.8747473724585197,-1.6769781636958652,-1.226160139275199,0.0373656532055715,0.249021891706239,0.11179429849077627
2005-05-05,Bridgewater,Trains,Shipped,51.0,63.85,3256.35,Other,0.0,0.0,0.0,0.0,0.0,0.0,1.0,0.0,0.0,0.0,0.0,0.0,0.0,0.0,0.0,1.0,0.0,0.0,0.0,0.0,0.0,0.0,0.0,1.0,8.088669260356276,4.172076910762453,15.11249640115979,0.08288930765072712,-0.8124920601592056,1.650868335647143,0.28644996826613833,0.4601738195502195,0.8664058133035166
2005-05-05,Bridgewater,Classic Cars,Shipped,22.0,100.0,3387.78,Other,0.0,0.0,0.0,0.0,0.0,0.0,1.0,0.0,0.0,0.0,0.0,1.0,0.0,0.0,0.0,0.0,0.0,0.0,0.0,0.0,0.0,0.0,0.0,1.0,8.128225253595526,4.61512051684126,8.805943150564206,0.16004999415581864,0.7447315744112115,-1.4834006262023,0.30231629544354277,1.0,0.055897149245388134
2005-05-05,Bridgewater,Classic Cars,Shipped,35.050383351588174,100.0,8677.8,Other,0.0,0.0,0.0,0.0,0.0,0.0,1.0,0.0,0.0,0.0,0.0,1.0,0.0,0.0,0.0,0.0,0.0,0.0,0.0,0.0,0.0,0.0,0.0,1.0,9.068638549249217,4.61512051684126,11.913498472712774,1.9944859303808882,0.7447315744112115,0.06101100506720186,0.9409314373062292,1.0,0.42063676220201485
2005-05-05,Bridgewater,Classic Cars,Shipped,49.0,100.0,6896.75,Other,0.0,0.0,0.0,0.0,0.0,0.0,1.0,0.0,0.0,0.0,0.0,1.0,0.0,0.0,0.0,0.0,0.0,0.0,0.0,0.0,0.0,0.0,0.0,1.0,8.838950550450917,4.61512051684126,14.736931873780104,1.5464404581799263,0.7447315744112115,1.464218006289084,0.7259217590035881,1.0,0.8105086640581285
2005-05-06,Boston,Ships,On Hold,27.0,90.37,2439.99,Other,0.0,0.0,0.0,0.0,0.0,0.0,1.0,0.0,0.0,0.0,0.0,0.0,0.0,0.0,1.0,0.0,0.0,0.0,0.0,0.0,0.0,1.0,0.0,0.0,7.800158973702881,4.514917197010529,10.068010317854855,-0.4798990325967333,0.39253378673999917,-0.8561708553548468,0.18789838297704248,0.8561956813905565,0.19564002235885858
2005-05-06,Boston,Classic Cars,On Hold,20.0,100.0,2764.88,Other,0.0,0.0,0.0,0.0,0.0,0.0,1.0,0.0,0.0,0.0,0.0,1.0,0.0,0.0,0.0,0.0,0.0,0.0,0.0,0.0,0.0,1.0,0.0,0.0,7.925114127335654,4.61512051684126,8.268807419728406,-0.23615277198995538,0.7447315744112115,-1.7503495890608907,0.22711934498470376,1.0,0.0
2005-05-06,Boston,Vintage Cars,On Hold,51.0,76.31,3891.81,Other,0.0,0.0,0.0,0.0,0.0,0.0,1.0,0.0,0.0,0.0,0.0,0.0,0.0,0.0,0.0,0.0,0.0,1.0,0.0,0.0,0.0,1.0,0.0,0.0,8.266886540871006,4.347823313332383,15.11249640115979,0.43053239749589234,-0.19477306361433225,1.650868335647143,0.36316317124988184,0.6462383896305588,0.8664058133035166
2005-05-06,Boston,Ships,On Hold,35.050383351588174,65.52,3079.44,Other,0.0,0.0,0.0,0.0,0.0,0.0,1.0,0.0,0.0,0.0,0.0,0.0,0.0,0.0,1.0,0.0,0.0,0.0,0.0,0.0,0.0,1.0,0.0,0.0,8.032827722907367,4.197502654324727,11.913498472712774,-0.02603910021395737,-0.7231248550840075,0.06101100506720186,0.2650932617230765,0.4851118478033628,0.42063676220201485
2005-05-06,Boston,Vintage Cars,On Hold,41.0,100.0,4872.03,Other,0.0,0.0,0.0,0.0,0.0,0.0,1.0,0.0,0.0,0.0,0.0,0.0,0.0,0.0,0.0,0.0,0.0,1.0,0.0,0.0,0.0,1.0,0.0,0.0,8.4914711991964,4.61512051684126,13.166125611826143,0.8686229369012887,0.7447315744112115,0.6835492136397722,0.4814960573933449,1.0,0.5869200670765757
2005-05-06,Boston,Ships,On Hold,37.0,71.34,2639.58,Other,0.0,0.0,0.0,0.0,0.0,0.0,1.0,0.0,0.0,0.0,0.0,0.0,0.0,0.0,1.0,0.0,0.0,0.0,0.0,0.0,0.0,1.0,0.0,0.0,7.878753868980214,4.281377226523952,12.33304085962557,-0.32658633384297264,-0.4283198643877128,0.26951771693185156,0.2119930359583873,0.5720216229131201,0.47512576858579947
2005-05-06,Boston,Ships,On Hold,23.0,100.0,3335.23,Other,0.0,0.0,0.0,0.0,0.0,0.0,1.0,0.0,0.0,0.0,0.0,0.0,0.0,0.0,1.0,0.0,0.0,0.0,0.0,0.0,0.0,1.0,0.0,0.0,8.112596705946176,4.61512051684126,9.067037908070397,0.12956385622957434,0.7447315744112115,-1.353640175122944,0.2959724204289144,1.0,0.0838457238680822
2005-05-06,Boston,Ships,On Hold,34.0,100.0,3533.62,Other,0.0,0.0,0.0,0.0,0.0,0.0,1.0,0.0,0.0,0.0,0.0,0.0,0.0,0.0,1.0,0.0,0.0,0.0,0.0,0.0,0.0,1.0,0.0,0.0,8.170361076088582,4.61512051684126,11.683463549954297,0.2422430760070648,0.7447315744112115,-0.05331314156158311,0.3199222085193448,1.0,0.39128004471771716
2005-05-06,Boston,Vintage Cars,On Hold,20.0,75.48,1207.68,Other,0.0,0.0,0.0,0.0,0.0,0.0,1.0,0.0,0.0,0.0,0.0,0.0,0.0,0.0,0.0,0.0,0.0,1.0,0.0,0.0,0.0,1.0,0.0,0.0,7.097284134025443,4.337029268743146,8.268807419728406,-1.8509758458785623,-0.23271231184259086,-1.7503495890608907,0.039133004874727734,0.633844040259236,0.0
2005-05-06,Boston,Ships,On Hold,44.0,73.98,3255.12,Other,0.0,0.0,0.0,0.0,0.0,0.0,1.0,0.0,0.0,0.0,0.0,0.0,0.0,0.0,1.0,0.0,0.0,0.0,0.0,0.0,0.0,1.0,0.0,0.0,8.088291581480156,4.317221411307766,13.768958087112637,0.08215258082443727,-0.3023335936427607,0.9831485417366043,0.28630148175295106,0.6114446136845564,0.670765790944658
2005-05-06,Boston,Ships,On Hold,31.0,75.89,2352.59,Other,0.0,0.0,0.0,0.0,0.0,0.0,1.0,0.0,0.0,0.0,0.0,0.0,0.0,0.0,1.0,0.0,0.0,0.0,0.0,0.0,0.0,1.0,0.0,0.0,7.763697101027814,4.342375829044089,11.009728365329204,-0.5510241111620157,-0.21392005313475812,-0.388150126800217,0.17734739008877387,0.6399665501896485,0.30743432084963496
2005-05-06,Boston,Ships,On Hold,35.050383351588174,100.0,3029.04,Other,0.0,0.0,0.0,0.0,0.0,0.0,1.0,0.0,0.0,0.0,0.0,0.0,0.0,0.0,1.0,0.0,0.0,0.0,0.0,0.0,0.0,1.0,0.0,0.0,8.01633109973641,4.61512051684126,11.913498472712774,-0.05821856695589732,0.7447315744112115,0.06101100506720186,0.2590089363046699,1.0,0.42063676220201485
2005-05-06,Boston,Vintage Cars,On Hold,55.7800000000002,100.0,6107.4,Other,0.0,0.0,0.0,0.0,0.0,0.0,1.0,0.0,0.0,0.0,0.0,0.0,0.0,0.0,0.0,0.0,0.0,1.0,0.0,0.0,0.0,1.0,0.0,0.0,8.717420152079026,4.61512051684126,15.985993687931416,1.3093747646731375,0.7447315744112115,2.0849842981072166,0.6306308409674916,1.0,1.0
2005-05-06,Boston,Trains,On Hold,48.0,100.0,5808.48,Other,0.0,0.0,0.0,0.0,0.0,0.0,1.0,0.0,0.0,0.0,0.0,0.0,0.0,0.0,0.0,1.0,0.0,0.0,0.0,0.0,0.0,1.0,0.0,0.0,8.667246344979931,4.61512051684126,14.546755227281093,1.211502227964876,0.7447315744112115,1.3697028667658944,0.5945449966407037,1.0,0.7825600894354343
2005-05-09,Glen Waverly,Planes,Disputed,21.0,67.82,1424.22,Other,0.0,0.0,0.0,0.0,0.0,0.0,1.0,0.0,0.0,0.0,0.0,0.0,0.0,1.0,0.0,0.0,0.0,0.0,0.0,1.0,0.0,0.0,0.0,0.0,7.2620814667513764,4.231494400369335,8.539972716394377,-1.529510644627497,-0.6036495944218251,-1.6155842205467048,0.06527387444023902,0.5194576352178717,0.027948574622694067
2005-05-09,Glen Waverly,Vintage Cars,Disputed,20.0,69.7,1254.6,Other,0.0,0.0,0.0,0.0,0.0,0.0,1.0,0.0,0.0,0.0,0.0,0.0,0.0,0.0,0.0,0.0,0.0,1.0,0.0,1.0,0.0,0.0,0.0,0.0,7.135368824967799,4.258445572902527,8.268807419728406,-1.7766851845198042,-0.5089207635071381,-1.7503495890608907,0.04479722210948245,0.5475315831914704,0.0
2005-05-09,Glen Waverly,Ships,Disputed,32.0,95.95,3070.4,Other,0.0,0.0,0.0,0.0,0.0,0.0,1.0,0.0,0.0,0.0,0.0,0.0,0.0,0.0,1.0,0.0,0.0,0.0,0.0,1.0,0.0,0.0,0.0,0.0,8.029888762691593,4.574195381688661,11.237179911736995,-0.031772041528024854,0.6008866191219127,-0.2751098821684491,0.26400194621152107,0.9395215482483648,0.335382895472329
2005-05-09,Glen Waverly,Vintage Cars,Disputed,51.0,100.0,6209.25,Other,0.0,0.0,0.0,0.0,0.0,0.0,1.0,0.0,0.0,0.0,0.0,0.0,0.0,0.0,0.0,0.0,0.0,1.0,0.0,1.0,0.0,0.0,0.0,0.0,8.73395643176616,4.61512051684126,15.11249640115979,1.3416315881886554,0.7447315744112115,1.650868335647143,0.6429262485838549,1.0,0.8664058133035166
2005-05-09,Glen Waverly,Planes,Disputed,42.0,57.61,2419.62,Other,0.0,0.0,0.0,0.0,0.0,0.0,1.0,0.0,0.0,0.0,0.0,0.0,0.0,1.0,0.0,0.0,0.0,0.0,0.0,1.0,0.0,0.0,0.0,0.0,7.7917789846846475,4.070905330488338,13.369046010543581,-0.49624562517604476,-1.168093120163367,0.7843978201850537,0.1854393014537698,0.366992204999552,0.6148686416992699
2005-05-10,Reggio Emilia,Planes,Shipped,41.0,100.0,5642.83,Other,0.0,0.0,0.0,0.0,0.0,0.0,1.0,0.0,0.0,0.0,0.0,0.0,0.0,1.0,0.0,0.0,0.0,0.0,0.0,0.0,0.0,0.0,0.0,1.0,8.638318192037145,4.61512051684126,13.166125611826143,1.1550729499313552,0.7447315744112115,0.6835492136397722,0.574547605657389,1.0,0.5869200670765757
2005-05-10,Reggio Emilia,Motorcycles,Shipped,45.0,100.0,4764.6,Other,0.0,0.0,0.0,0.0,0.0,0.0,1.0,0.0,0.0,0.0,0.0,0.0,1.0,0.0,0.0,0.0,0.0,0.0,0.0,0.0,0.0,0.0,0.0,1.0,8.469178726314478,4.61512051684126,13.966075138951927,0.8251376804178665,0.7447315744112115,1.0811129658652374,0.4685270280342294,1.0,0.6987143655673522
2005-05-10,Reggio Emilia,Planes,Shipped,47.0,88.63,4165.61,Other,0.0,0.0,0.0,0.0,0.0,0.0,1.0,0.0,0.0,0.0,0.0,0.0,0.0,1.0,0.0,0.0,0.0,0.0,0.0,0.0,0.0,0.0,0.0,1.0,8.334858034529802,4.4956900853692705,14.35492029635209,0.5631223461736343,0.32495372856629784,1.2743635830212399,0.3962165105268607,0.830212346563928,0.7546115148127404
2005-05-10,Reggio Emilia,Vintage Cars,Shipped,26.0,61.22,1591.72,Other,0.0,0.0,0.0,0.0,0.0,0.0,1.0,0.0,0.0,0.0,0.0,0.0,0.0,0.0,0.0,0.0,0.0,1.0,0.0,0.0,0.0,0.0,0.0,1.0,7.373198525471541,4.130676491469491,9.823805373555334,-1.3127579396349411,-0.9580075591294293,-0.9775373049564378,0.08549459879704674,0.42090015828928107,0.1676914477361645
2005-05-10,Reggio Emilia,Vintage Cars,Shipped,37.0,51.93,1921.41,Other,0.0,0.0,0.0,0.0,0.0,0.0,1.0,0.0,0.0,0.0,0.0,0.0,0.0,0.0,0.0,0.0,0.0,1.0,0.0,0.0,0.0,0.0,0.0,1.0,7.5613348862397745,3.9689702858698963,12.33304085962557,-0.945765998220553,-1.5263776287148612,0.26951771693185156,0.1252950203683658,0.28217304303676494,0.47512576858579947
2005-05-10,Reggio Emilia,Planes,Shipped,48.0,74.62,3581.76,Other,0.0,0.0,0.0,0.0,0.0,0.0,1.0,0.0,0.0,0.0,0.0,0.0,0.0,1.0,0.0,0.0,0.0,0.0,0.0,0.0,0.0,0.0,0.0,1.0,8.183888732086334,4.325720798462787,14.546755227281093,0.26863106776543016,-0.27245967970840795,1.3697028667658944,0.32573370505986254,0.6210017023564198,0.7825600894354343
2005-05-10,Reggio Emilia,Planes,Shipped,23.0,91.34,2100.82,Other,0.0,0.0,0.0,0.0,0.0,0.0,1.0,0.0,0.0,0.0,0.0,0.0,0.0,1.0,0.0,0.0,0.0,0.0,0.0,0.0,0.0,0.0,0.0,1.0,7.650558915039472,4.525477417078843,9.067037908070397,-0.7717193683383449,0.4296511811702842,-1.353640175122944,0.1469535287674994,0.8706806439088492,0.0838457238680822
2005-05-10,Reggio Emilia,Planes,Shipped,43.0,62.19,2674.17,Other,0.0,0.0,0.0,0.0,0.0,0.0,1.0,0.0,0.0,0.0,0.0,0.0,0.0,1.0,0.0,0.0,0.0,0.0,0.0,0.0,0.0,0.0,0.0,1.0,7.891768208712671,4.146146060785364,13.569968697266269,-0.30119965268714477,-0.9036346291857842,0.8842535917456676,0.21616876643899613,0.43538512080757397,0.6428172163219641
2005-05-10,Reggio Emilia,Planes,Shipped,22.0,100.0,2457.18,Other,0.0,0.0,0.0,0.0,0.0,0.0,1.0,0.0,0.0,0.0,0.0,0.0,0.0,1.0,0.0,0.0,0.0,0.0,0.0,0.0,0.0,0.0,0.0,1.0,7.807176517713286,4.61512051684126,8.805943150564206,-0.46621012052347344,0.7447315744112115,-1.4834006262023,0.1899735725393919,1.0,0.055897149245388134
2005-05-10,Reggio Emilia,Planes,Shipped,20.0,98.84,1482.6,Other,0.0,0.0,0.0,0.0,0.0,0.0,1.0,0.0,0.0,0.0,0.0,0.0,0.0,1.0,0.0,0.0,0.0,0.0,0.0,0.0,0.0,0.0,0.0,1.0,7.302226845615436,4.603568904621118,8.268807419728406,-1.4512002613077783,0.7041296035898611,-1.7503495890608907,0.07232155138322668,0.9826777767822477,0.0
2005-05-10,Reggio Emilia,Classic Cars,Shipped,32.0,87.6,2803.2,Other,0.0,0.0,0.0,0.0,0.0,0.0,1.0,0.0,0.0,0.0,0.0,1.0,0.0,0.0,0.0,0.0,0.0,0.0,0.0,0.0,0.0,0.0,0.0,1.0,7.938873572287031,4.484131857611035,11.237179911736995,-0.2093126364899866,0.2843285052430876,-0.2751098821684491,0.23174536383457162,0.8148314069826479,0.335382895472329
2005-05-10,Reggio Emilia,Planes,Shipped,39.0,67.2,2620.8,Other,0.0,0.0,0.0,0.0,0.0,0.0,1.0,0.0,0.0,0.0,0.0,0.0,0.0,1.0,0.0,0.0,0.0,0.0,0.0,0.0,0.0,0.0,0.0,1.0,7.871616383763709,4.222444564849416,12.754015005493859,-0.34050921162016284,-0.6354582416232132,0.4787359930181514,0.20972590041557626,0.5101992055670042,0.5310229178311876
2005-05-10,Reggio Emilia,Planes,Shipped,20.0,75.06,1351.08,Other,0.0,0.0,0.0,0.0,0.0,0.0,1.0,0.0,0.0,0.0,0.0,0.0,0.0,1.0,0.0,0.0,0.0,0.0,0.0,0.0,0.0,0.0,0.0,1.0,7.209399426449973,4.331522502500114,8.268807419728406,-1.632275916417254,-0.25206766744652404,-1.7503495890608907,0.056444359339003686,0.6275722008183258,0.0
2005-05-10,Reggio Emilia,Planes,Shipped,24.0,100.0,4352.16,Other,0.0,0.0,0.0,0.0,0.0,0.0,1.0,0.0,0.0,0.0,0.0,0.0,0.0,1.0,0.0,0.0,0.0,0.0,0.0,0.0,0.0,0.0,0.0,1.0,8.378657297136852,4.61512051684126,9.323544176118064,0.6485602506331652,0.7447315744112115,-1.226160139275199,0.41873696502693514,1.0,0.11179429849077627
2005-05-13,Madrid,Motorcycles,Disputed,55.7800000000002,100.0,7516.08,Madrid,1.0,0.0,0.0,0.0,0.0,0.0,0.0,0.0,0.0,0.0,0.0,0.0,1.0,0.0,0.0,0.0,0.0,0.0,0.0,1.0,0.0,0.0,0.0,0.0,8.924933043664405,4.61512051684126,15.985993687931416,1.714163922071842,0.7447315744112115,2.0849842981072166,0.8006877364119567,1.0,1.0
2005-05-13,Madrid,Motorcycles,Disputed,36.0,61.18,2202.48,Madrid,1.0,0.0,0.0,0.0,0.0,0.0,0.0,0.0,0.0,0.0,0.0,0.0,1.0,0.0,0.0,0.0,0.0,0.0,0.0,1.0,0.0,0.0,0.0,0.0,7.697793207771597,4.130033404630607,12.119023021201402,-0.6795808539102232,-0.9602679010254659,0.16315383770961095,0.1592259994428013,0.4203028402472897,0.4471771939631053
2005-05-13,Madrid,Motorcycles,Disputed,45.0,100.0,5887.35,Madrid,1.0,0.0,0.0,0.0,0.0,0.0,0.0,0.0,0.0,0.0,0.0,0.0,1.0,0.0,0.0,0.0,0.0,0.0,0.0,1.0,0.0,0.0,0.0,0.0,8.680731101576834,4.61512051684126,13.966075138951927,1.2378065371520521,0.7447315744112115,1.0811129658652374,0.6040662415960556,1.0,0.6987143655673522
2005-05-13,Madrid,Motorcycles,Disputed,35.0,100.0,3550.05,Madrid,1.0,0.0,0.0,0.0,0.0,0.0,0.0,0.0,0.0,0.0,0.0,0.0,1.0,0.0,0.0,0.0,0.0,0.0,0.0,1.0,0.0,0.0,0.0,0.0,8.17499861338465,4.61512051684126,11.902530119204657,0.2512893805529586,0.7447315744112115,0.05555988642964223,0.3219056503174484,1.0,0.41922861934041133
2005-05-13,Madrid,Motorcycles,Disputed,55.7800000000002,100.0,9167.099200000002,Madrid,1.0,0.0,0.0,0.0,0.0,0.0,0.0,0.0,0.0,0.0,0.0,0.0,1.0,0.0,0.0,0.0,0.0,0.0,0.0,1.0,0.0,0.0,0.0,0.0,9.123485259140311,4.61512051684126,15.985993687931416,2.1014737580444667,0.7447315744112115,2.0849842981072166,1.0,1.0,1.0
2005-05-13,Madrid,Motorcycles,Disputed,21.0,100.0,3447.78,Madrid,1.0,0.0,0.0,0.0,0.0,0.0,0.0,0.0,0.0,0.0,0.0,0.0,1.0,0.0,0.0,0.0,0.0,0.0,0.0,1.0,0.0,0.0,0.0,0.0,8.145775824297576,4.61512051684126,8.539972716394377,0.19428536465291657,0.7447315744112115,-1.6155842205467048,0.30955953998926494,1.0,0.027948574622694067
2005-05-17,Salzburg,Classic Cars,Shipped,32.0,100.0,3832.64,Other,0.0,0.0,0.0,0.0,0.0,0.0,1.0,0.0,0.0,0.0,0.0,1.0,0.0,0.0,0.0,0.0,0.0,0.0,0.0,0.0,0.0,0.0,0.0,1.0,8.251570022483403,4.61512051684126,11.237179911736995,0.4006549256673586,0.7447315744112115,-0.2751098821684491,0.3560201249203755,1.0,0.335382895472329
2005-05-17,Salzburg,Classic Cars,Shipped,20.0,42.67,883.5186,Other,0.0,0.0,0.0,0.0,0.0,0.0,1.0,0.0,0.0,0.0,0.0,1.0,0.0,0.0,0.0,0.0,0.0,0.0,0.0,0.0,0.0,0.0,0.0,1.0,6.785043542208585,3.7766613674974696,8.268807419728406,-2.4600541788033214,-2.2023110779721056,-1.7503495890608907,0.0,0.14389391631574233,0.0
2005-05-17,Salzburg,Classic Cars,Shipped,35.0,100.0,5926.9,Other,0.0,0.0,0.0,0.0,0.0,0.0,1.0,0.0,0.0,0.0,0.0,1.0,0.0,0.0,0.0,0.0,0.0,0.0,0.0,0.0,0.0,0.0,0.0,1.0,8.687425297737821,4.61512051684126,11.902530119204657,1.250864704298997,0.7447315744112115,0.05555988642964223,0.6088407469591106,1.0,0.41922861934041133
2005-05-17,Salzburg,Classic Cars,Shipped,55.0,100.0,7695.6,Other,0.0,0.0,0.0,0.0,0.0,0.0,1.0,0.0,0.0,0.0,0.0,1.0,0.0,0.0,0.0,0.0,0.0,0.0,0.0,0.0,0.0,0.0,0.0,1.0,8.948533951884581,4.61512051684126,15.845655989222639,1.7602015040230277,0.7447315744112115,2.015238420166876,0.8223595240927575,1.0,0.9782001117942931
2005-05-17,Salzburg,Classic Cars,Shipped,38.0,100.0,4464.24,Other,0.0,0.0,0.0,0.0,0.0,0.0,1.0,0.0,0.0,0.0,0.0,1.0,0.0,0.0,0.0,0.0,0.0,0.0,0.0,0.0,0.0,0.0,0.0,1.0,8.40407824326582,4.61512051684126,12.544675977743431,0.6981481258018214,0.7447315744112115,0.3746974174111126,0.43226734583834414,1.0,0.5030743432084936
2005-05-17,Salzburg,Classic Cars,Shipped,34.0,100.0,4594.76,Other,0.0,0.0,0.0,0.0,0.0,0.0,1.0,0.0,0.0,0.0,0.0,1.0,0.0,0.0,0.0,0.0,0.0,0.0,0.0,0.0,0.0,0.0,0.0,1.0,8.432889418284022,4.61512051684126,11.683463549954297,0.7543492185155535,0.7447315744112115,-0.05331314156158311,0.4480238171401385,1.0,0.39128004471771716
2005-05-17,Salzburg,Classic Cars,Shipped,20.0,100.0,1961.28,Other,0.0,0.0,0.0,0.0,0.0,0.0,1.0,0.0,0.0,0.0,0.0,1.0,0.0,0.0,0.0,0.0,0.0,0.0,0.0,0.0,0.0,0.0,0.0,1.0,7.5818623414618465,4.61512051684126,8.268807419728406,-0.905723708609532,0.7447315744112115,-1.7503495890608907,0.13010815636899817,1.0,0.0
2005-05-17,Salzburg,Classic Cars,Shipped,39.0,83.93,3273.27,Other,0.0,0.0,0.0,0.0,0.0,0.0,1.0,0.0,0.0,0.0,0.0,1.0,0.0,0.0,0.0,0.0,0.0,0.0,0.0,0.0,0.0,0.0,0.0,1.0,8.093850222459926,4.441827387791918,12.754015005493859,0.09299565462718945,0.13563542098134873,0.4787359930181514,0.288492563228032,0.7600274766299318,0.5310229178311876
2005-05-17,Salzburg,Classic Cars,Shipped,55.7800000000002,100.0,9167.099200000002,Other,0.0,0.0,0.0,0.0,0.0,0.0,1.0,0.0,0.0,0.0,0.0,1.0,0.0,0.0,0.0,0.0,0.0,0.0,0.0,0.0,0.0,0.0,0.0,1.0,9.123485259140311,4.61512051684126,15.985993687931416,2.1014737580444667,0.7447315744112115,2.0849842981072166,1.0,1.0,1.0
2005-05-17,Salzburg,Classic Cars,Shipped,34.0,90.17,3065.78,Other,0.0,0.0,0.0,0.0,0.0,0.0,1.0,0.0,0.0,0.0,0.0,1.0,0.0,0.0,0.0,0.0,0.0,0.0,0.0,0.0,0.0,0.0,0.0,1.0,8.028383430207885,4.5127258955968115,11.683463549954297,-0.034708448336439206,0.3848317314454646,-0.05331314156158311,0.26344421638150045,0.8532090911805992,0.39128004471771716
2005-05-17,Salzburg,Classic Cars,Shipped,37.0,100.0,5202.94,Other,0.0,0.0,0.0,0.0,0.0,0.0,1.0,0.0,0.0,0.0,0.0,1.0,0.0,0.0,0.0,0.0,0.0,0.0,0.0,0.0,0.0,0.0,0.0,1.0,8.557171309973308,4.61512051684126,12.33304085962557,0.9967821672951446,0.7447315744112115,0.26951771693185156,0.521443758270427,1.0,0.47512576858579947
2005-05-17,Salzburg,Classic Cars,Shipped,43.0,100.0,5589.14,Other,0.0,0.0,0.0,0.0,0.0,0.0,1.0,0.0,0.0,0.0,0.0,1.0,0.0,0.0,0.0,0.0,0.0,0.0,0.0,0.0,0.0,0.0,0.0,1.0,8.62875961055825,4.61512051684126,13.569968697266269,1.1364273124810333,0.7447315744112115,0.8842535917456676,0.5680661089963921,1.0,0.6428172163219641
2005-05-17,Salzburg,Classic Cars,Shipped,55.0,52.66,2896.3,Other,0.0,0.0,0.0,0.0,0.0,0.0,1.0,0.0,0.0,0.0,0.0,1.0,0.0,0.0,0.0,0.0,0.0,0.0,0.0,0.0,0.0,0.0,0.0,1.0,7.97153454781,3.982667844997478,15.845655989222639,-0.14560185370075085,-1.4782330160475434,2.015238420166876,0.2429844649546839,0.29307409730310896,0.9782001117942931
2005-05-17,Salzburg,Classic Cars,Shipped,20.0,100.0,1092.2,Other,0.0,0.0,0.0,0.0,0.0,0.0,1.0,0.0,0.0,0.0,0.0,1.0,0.0,0.0,0.0,0.0,0.0,0.0,0.0,0.0,0.0,0.0,0.0,1.0,6.996864454053913,4.61512051684126,8.268807419728406,-2.0468614958320193,0.7447315744112115,-1.7503495890608907,0.025192173539061113,1.0,0.0
2005-05-29,Chatswood,Classic Cars,In Process,36.0,57.73,2078.28,Other,0.0,0.0,0.0,0.0,0.0,0.0,1.0,0.0,0.0,0.0,0.0,1.0,0.0,0.0,0.0,0.0,0.0,0.0,0.0,0.0,1.0,0.0,0.0,0.0,7.639776958924138,4.072950669534428,12.119023021201402,-0.7927514059032988,-1.1609040980003533,0.16315383770961095,0.1442324832331564,0.3687841591255263,0.4471771939631053
2005-05-29,Chatswood,Classic Cars,In Process,55.7800000000002,64.67,3880.2,Other,0.0,0.0,0.0,0.0,0.0,0.0,1.0,0.0,0.0,0.0,0.0,1.0,0.0,0.0,0.0,0.0,0.0,0.0,0.0,0.0,1.0,0.0,0.0,0.0,8.263899663151145,4.184642200202881,15.985993687931416,0.42470598494755135,-0.7683271846855874,2.0849842981072166,0.3617616034302846,0.47241883941104446,1.0
2005-05-29,Chatswood,Classic Cars,In Process,26.0,100.0,2617.16,Other,0.0,0.0,0.0,0.0,0.0,0.0,1.0,0.0,0.0,0.0,0.0,1.0,0.0,0.0,0.0,0.0,0.0,0.0,0.0,0.0,1.0,0.0,0.0,0.0,7.870227059957611,4.61512051684126,9.823805373555334,-0.3432193237897144,0.7447315744112115,-0.9775373049564378,0.2092864769131358,1.0,0.1676914477361645
2005-05-29,Chatswood,Vintage Cars,In Process,55.7800000000002,92.95,6134.7,Other,0.0,0.0,0.0,0.0,0.0,0.0,1.0,0.0,0.0,0.0,0.0,0.0,0.0,0.0,0.0,0.0,0.0,1.0,0.0,0.0,1.0,0.0,0.0,0.0,8.72187945006567,4.5427627258594745,15.985993687931416,1.3180733831580556,0.4904061294298445,2.0849842981072166,0.6339265172357952,0.8947226950990055,1.0
2005-05-29,Chatswood,Classic Cars,In Process,37.0,60.37,2233.69,Other,0.0,0.0,0.0,0.0,0.0,0.0,1.0,0.0,0.0,0.0,0.0,1.0,0.0,0.0,0.0,0.0,0.0,0.0,0.0,0.0,1.0,0.0,0.0,0.0,7.711857794966743,4.116921116401006,12.33304085962557,-0.6521454866114093,-1.0063553850886102,0.26951771693185156,0.16299369381400114,0.4082071498969626,0.47512576858579947
2005-05-29,Chatswood,Vintage Cars,In Process,37.0,100.0,5283.6,Other,0.0,0.0,0.0,0.0,0.0,0.0,1.0,0.0,0.0,0.0,0.0,0.0,0.0,0.0,0.0,0.0,0.0,1.0,0.0,0.0,1.0,0.0,0.0,0.0,8.572552209536514,4.61512051684126,12.33304085962557,1.026785225546891,0.7447315744112115,0.26951771693185156,0.5311810933547262,1.0,0.47512576858579947
2005-05-29,Chatswood,Classic Cars,In Process,35.0,96.74,3385.9,Other,0.0,0.0,0.0,0.0,0.0,0.0,1.0,0.0,0.0,0.0,0.0,1.0,0.0,0.0,0.0,0.0,0.0,0.0,0.0,0.0,1.0,0.0,0.0,0.0,8.127670327728826,4.582310891842009,11.902530119204657,0.15896751695508152,0.6294112700682168,0.05555988642964223,0.3020893404477768,0.9513185795776959,0.41922861934041133
2005-05-29,Chatswood,Classic Cars,In Process,55.0,96.3,5296.5,Other,0.0,0.0,0.0,0.0,0.0,0.0,1.0,0.0,0.0,0.0,0.0,1.0,0.0,0.0,0.0,0.0,0.0,0.0,0.0,0.0,1.0,0.0,0.0,0.0,8.574990290142454,4.577798989191959,15.845655989222639,1.0315411160682386,0.6135526923861622,2.015238420166876,0.5327383909320564,0.94474808111579,0.9782001117942931
2005-05-29,Chatswood,Vintage Cars,In Process,36.0,63.57,2288.52,Other,0.0,0.0,0.0,0.0,0.0,0.0,1.0,0.0,0.0,0.0,0.0,0.0,0.0,0.0,0.0,0.0,0.0,1.0,0.0,0.0,1.0,0.0,0.0,0.0,7.736097467590771,4.167749906638376,12.119023021201402,-0.6048618861462124,-0.8277007506728384,0.16315383770961095,0.16961281212136686,0.4559925932562793,0.4471771939631053
2005-05-29,San Rafael,Vintage Cars,In Process,40.0,45.7,1828.0,San Rafael,0.0,0.0,0.0,0.0,0.0,0.0,0.0,0.0,0.0,1.0,0.0,0.0,0.0,0.0,0.0,0.0,0.0,1.0,0.0,0.0,1.0,0.0,0.0,0.0,7.511524648390866,3.8437441646748516,12.961139346341028,-1.0429293313255374,-1.9665263475202428,0.5816739001387327,0.11401849581810067,0.18914075799659535,0.5589714924538818
2005-05-29,San Rafael,Vintage Cars,In Process,35.0,100.0,5433.75,San Rafael,0.0,0.0,0.0,0.0,0.0,0.0,0.0,0.0,0.0,1.0,0.0,0.0,0.0,0.0,0.0,0.0,0.0,1.0,0.0,0.0,1.0,0.0,0.0,0.0,8.600568800337289,4.61512051684126,11.902530119204657,1.081436346722,0.7447315744112115,0.05555988642964223,0.5493073128303959,1.0,0.41922861934041133
2005-05-29,Chatswood,Vintage Cars,In Process,20.0,43.49,883.5186,Other,0.0,0.0,0.0,0.0,0.0,0.0,1.0,0.0,0.0,0.0,0.0,0.0,0.0,0.0,0.0,0.0,0.0,1.0,0.0,0.0,1.0,0.0,0.0,0.0,6.785043542208585,3.7952644448179504,8.268807419728406,-2.4600541788033214,-2.13692439530313,-1.7503495890608907,0.0,0.15613893617656727,0.0
2005-05-29,Chatswood,Classic Cars,In Process,39.0,100.0,3933.93,Other,0.0,0.0,0.0,0.0,0.0,0.0,1.0,0.0,0.0,0.0,0.0,1.0,0.0,0.0,0.0,0.0,0.0,0.0,0.0,0.0,1.0,0.0,0.0,0.0,8.277648371620849,4.61512051684126,12.754015005493859,0.45152517711558143,0.7447315744112115,0.4787359930181514,0.3682479289209788,1.0,0.5310229178311876
2005-05-29,Chatswood,Vintage Cars,In Process,45.0,100.0,4977.0,Other,0.0,0.0,0.0,0.0,0.0,0.0,1.0,0.0,0.0,0.0,0.0,0.0,0.0,0.0,0.0,0.0,0.0,1.0,0.0,0.0,1.0,0.0,0.0,0.0,8.512783482927537,4.61512051684126,13.966075138951927,0.9101961678839976,0.7447315744112115,1.0811129658652374,0.49416811372608593,1.0,0.6987143655673522
2005-05-29,Chatswood,Vintage Cars,In Process,35.050383351588174,33.034,1209.6,Other,0.0,0.0,0.0,0.0,0.0,0.0,1.0,0.0,0.0,0.0,0.0,0.0,0.0,0.0,0.0,0.0,0.0,1.0,0.0,0.0,1.0,0.0,0.0,0.0,7.0988713834575865,3.5273600249492447,11.913498472712774,-1.8478796461421982,-3.0785632965340333,0.06101100506720186,0.039364788700190806,0.0,0.42063676220201485
2005-05-30,Bruxelles,Vintage Cars,In Process,28.0,78.89,2208.92,Other,0.0,0.0,0.0,0.0,0.0,0.0,1.0,0.0,0.0,0.0,0.0,0.0,0.0,0.0,0.0,0.0,0.0,1.0,0.0,0.0,1.0,0.0,0.0,0.0,7.7007115947615725,4.380650688493951,10.308532382015233,-0.6738880441690538,-0.07939037044121329,-0.7366347457903012,0.16000344102404213,0.6847654033390078,0.22358859698155265
2005-05-30,Allentown,Vintage Cars,In Process,25.0,51.75,1293.75,Other,0.0,0.0,0.0,0.0,0.0,0.0,1.0,0.0,0.0,0.0,0.0,0.0,0.0,0.0,0.0,0.0,0.0,1.0,0.0,0.0,1.0,0.0,0.0,0.0,7.166072905304,3.965563772356176,9.57572149487329,-1.7167916583246878,-1.5383509498107206,-1.1008315308182302,0.049523439175566175,0.27948511184780334,0.13974287311347044
2005-05-30,Bruxelles,Vintage Cars,In Process,20.0,88.14,883.5186,Other,0.0,0.0,0.0,0.0,0.0,0.0,1.0,0.0,0.0,0.0,0.0,0.0,0.0,0.0,0.0,0.0,0.0,1.0,0.0,0.0,1.0,0.0,0.0,0.0,6.785043542208585,4.49020816751841,8.268807419728406,-2.4600541788033214,0.305685710874569,-1.7503495890608907,0.0,0.8228952005495327,0.0
2005-05-30,Bruxelles,Vintage Cars,In Process,21.0,84.82,1781.22,Other,0.0,0.0,0.0,0.0,0.0,0.0,1.0,0.0,0.0,0.0,0.0,0.0,0.0,0.0,0.0,0.0,0.0,1.0,0.0,0.0,1.0,0.0,0.0,0.0,7.485615057200715,4.452252079563379,8.539972716394377,-1.0934703917207698,0.1722764562810281,-1.6155842205467048,0.10837117948728595,0.7733178030642414,0.027948574622694067
2005-05-30,Bruxelles,Classic Cars,In Process,31.0,53.72,1665.32,Other,0.0,0.0,0.0,0.0,0.0,0.0,1.0,0.0,0.0,0.0,0.0,1.0,0.0,0.0,0.0,0.0,0.0,0.0,0.0,0.0,1.0,0.0,0.0,0.0,7.418372881113128,4.002229273314295,11.009728365329204,-1.2246376825440046,-1.4094778910825225,-0.388150126800217,0.09437964543979926,0.30890302541588266,0.30743432084963496
2005-05-30,Allentown,Vintage Cars,In Process,51.0,95.55,4873.05,Other,0.0,0.0,0.0,0.0,0.0,0.0,1.0,0.0,0.0,0.0,0.0,0.0,0.0,0.0,0.0,0.0,0.0,1.0,0.0,0.0,1.0,0.0,0.0,0.0,8.4916804926471,4.570061008874523,15.11249640115979,0.8690311993418084,0.5863549952095816,1.650868335647143,0.48161919255062224,0.9335483678284502,0.8664058133035166
2005-05-30,Bruxelles,Vintage Cars,In Process,21.0,89.29,1875.09,Other,0.0,0.0,0.0,0.0,0.0,0.0,1.0,0.0,0.0,0.0,0.0,0.0,0.0,0.0,0.0,0.0,0.0,1.0,0.0,0.0,1.0,0.0,0.0,0.0,7.536945102829081,4.503026712319388,8.539972716394377,-0.9933424152832473,0.3507407362738789,-1.6155842205467048,0.11970323557906826,0.8400680942567871,0.027948574622694067
2005-05-31,Madrid,Classic Cars,In Process,50.0,100.0,9167.099200000002,Madrid,1.0,0.0,0.0,0.0,0.0,0.0,0.0,0.0,0.0,0.0,0.0,1.0,0.0,0.0,0.0,0.0,0.0,0.0,0.0,0.0,1.0,0.0,0.0,0.0,9.123485259140311,4.61512051684126,14.925497315272617,2.1014737580444667,0.7447315744112115,1.5579323994073224,1.0,1.0,0.8384572386808227
2005-05-31,Nantes,Trucks and Buses,In Process,49.0,100.0,5510.54,Nantes,0.0,0.0,0.0,0.0,1.0,0.0,0.0,0.0,0.0,0.0,0.0,0.0,0.0,0.0,0.0,0.0,1.0,0.0,0.0,0.0,1.0,0.0,0.0,0.0,8.614599354929425,4.61512051684126,14.736931873780104,1.1088053276455319,0.7447315744112115,1.464218006289084,0.558577458641496,1.0,0.8105086640581285
2005-05-31,Nantes,Trucks and Buses,In Process,38.0,100.0,4325.16,Nantes,0.0,0.0,0.0,0.0,1.0,0.0,0.0,0.0,0.0,0.0,0.0,0.0,0.0,0.0,0.0,0.0,1.0,0.0,0.0,0.0,1.0,0.0,0.0,0.0,8.372435591497105,4.61512051684126,12.544675977743431,0.6364237565375203,0.7447315744112115,0.3746974174111126,0.41547750498136016,1.0,0.5030743432084936
2005-05-31,Madrid,Vintage Cars,In Process,35.050383351588174,59.87,1556.62,Madrid,1.0,0.0,0.0,0.0,0.0,0.0,0.0,0.0,0.0,0.0,0.0,0.0,0.0,0.0,0.0,0.0,0.0,1.0,0.0,0.0,1.0,0.0,0.0,0.0,7.3509142942426315,4.108740442505833,11.913498472712774,-1.3562271193736706,-1.0351090756091104,0.06101100506720186,0.08125730073779927,0.4007406743720694,0.42063676220201485
2005-05-31,Madrid,Trucks and Buses,In Process,54.0,100.0,7182.0,Madrid,1.0,0.0,0.0,0.0,0.0,0.0,0.0,0.0,0.0,0.0,0.0,0.0,0.0,0.0,0.0,0.0,1.0,0.0,0.0,0.0,1.0,0.0,0.0,0.0,8.879472402074802,4.61512051684126,15.664513557833601,1.625485215591148,0.7447315744112115,1.9252131594869657,0.7603573507813757,1.0,0.9502515371715989
2005-05-31,Nantes,Classic Cars,In Process,31.0,33.24,1030.44,Nantes,0.0,0.0,0.0,0.0,1.0,0.0,0.0,0.0,0.0,0.0,0.0,1.0,0.0,0.0,0.0,0.0,0.0,0.0,0.0,0.0,1.0,0.0,0.0,0.0,6.938711163102583,3.5333945512735414,11.009728365329204,-2.1602993717360595,-3.0573529531576735,-0.388150126800217,0.017736460486664427,0.003076187916256079,0.30743432084963496
2005-05-31,Nantes,Trucks and Buses,In Process,20.0,49.22,935.18,Nantes,0.0,0.0,0.0,0.0,1.0,0.0,0.0,0.0,0.0,0.0,0.0,0.0,0.0,0.0,0.0,0.0,1.0,0.0,0.0,0.0,1.0,0.0,0.0,0.0,6.841807765681145,3.916413353729439,8.268807419728406,-2.349325915058822,-1.711106390775081,-1.7503495890608907,0.006236602562906188,0.24170474569184364,0.0
2005-05-31,Madrid,Classic Cars,In Process,46.0,80.92,3722.32,Madrid,1.0,0.0,0.0,0.0,0.0,0.0,0.0,0.0,0.0,0.0,0.0,1.0,0.0,0.0,0.0,0.0,0.0,0.0,0.0,0.0,1.0,0.0,0.0,0.0,8.222371022368135,4.4057431612911975,14.161377611660777,0.34369731419924887,0.008805444041971446,1.1781755694872693,0.34270221261564104,0.7150792939700743,0.7266629401900462
2005-05-31,Nantes,Classic Cars,In Process,28.0,100.0,5318.04,Nantes,0.0,0.0,0.0,0.0,1.0,0.0,0.0,0.0,0.0,0.0,0.0,1.0,0.0,0.0,0.0,0.0,0.0,0.0,0.0,0.0,1.0,0.0,0.0,0.0,8.579048114924607,4.61512051684126,10.308532382015233,1.0394565928460444,0.7447315744112115,-0.7366347457903012,0.5353387157239707,1.0,0.22358859698155265
2005-05-31,Madrid,Trucks and Buses,In Process,49.0,100.0,7969.36,Madrid,1.0,0.0,0.0,0.0,0.0,0.0,0.0,0.0,0.0,0.0,0.0,0.0,0.0,0.0,0.0,0.0,1.0,0.0,0.0,0.0,1.0,0.0,0.0,0.0,8.98348494014935,4.61512051684126,14.736931873780104,1.8283793458036501,0.7447315744112115,1.464218006289084,0.8554080345400391,1.0,0.8105086640581285
2005-05-31,Nantes,Trucks and Buses,In Process,20.0,43.83,883.5186,Nantes,0.0,0.0,0.0,0.0,1.0,0.0,0.0,0.0,0.0,0.0,0.0,0.0,0.0,0.0,0.0,0.0,1.0,0.0,0.0,0.0,1.0,0.0,0.0,0.0,6.785043542208585,3.802877558167348,8.268807419728406,-2.4600541788033214,-2.110165584482516,-1.7503495890608907,0.0,0.16121613953349456,0.0
2005-05-31,Nantes,Trucks and Buses,In Process,41.0,86.68,3553.88,Nantes,0.0,0.0,0.0,0.0,1.0,0.0,0.0,0.0,0.0,0.0,0.0,0.0,0.0,0.0,0.0,0.0,1.0,0.0,0.0,0.0,1.0,0.0,0.0,0.0,8.176076586393357,4.473693823199706,13.166125611826143,0.25339215008481436,0.24764057281214227,0.6835492136397722,0.32236801076095034,0.8010930920168444,0.5869200670765757
2005-05-31,Nantes,Classic Cars,In Process,28.0,100.0,3793.16,Nantes,0.0,0.0,0.0,0.0,1.0,0.0,0.0,0.0,0.0,0.0,0.0,1.0,0.0,0.0,0.0,0.0,0.0,0.0,0.0,0.0,1.0,0.0,0.0,0.0,8.241218321456042,4.61512051684126,10.308532382015233,0.3804621737641133,0.7447315744112115,-0.7366347457903012,0.3512540700092903,1.0,0.22358859698155265
2005-05-31,Nantes,Classic Cars,In Process,55.0,46.82,2575.1,Nantes,0.0,0.0,0.0,0.0,1.0,0.0,0.0,0.0,0.0,0.0,0.0,1.0,0.0,0.0,0.0,0.0,0.0,0.0,0.0,0.0,1.0,0.0,0.0,0.0,7.854031906346549,3.867443962030179,15.845655989222639,-0.3748107229268,-1.8832255525874741,2.015238420166876,0.20420896248658454,0.2058656631723561,0.9782001117942931
2005-05-31,Nantes,Trucks and Buses,In Process,20.0,100.0,1895.94,Nantes,0.0,0.0,0.0,0.0,1.0,0.0,0.0,0.0,0.0,0.0,0.0,0.0,0.0,0.0,0.0,0.0,1.0,0.0,0.0,0.0,1.0,0.0,0.0,0.0,7.547997340547093,4.61512051684126,8.268807419728406,-0.9717831475237124,0.7447315744112115,-1.7503495890608907,0.12222026305870673,1.0,0.0
2005-05-31,Nantes,Trucks and Buses,In Process,33.0,100.0,4692.6,Nantes,0.0,0.0,0.0,0.0,1.0,0.0,0.0,0.0,0.0,0.0,0.0,0.0,0.0,0.0,0.0,0.0,1.0,0.0,0.0,0.0,1.0,0.0,0.0,0.0,8.45395515761165,4.61512051684126,11.461717832632248,0.7954415227442915,0.7447315744112115,-0.16351766875873364,0.45983513457936287,1.0,0.3633314700950231
2005-05-31,Nantes,Classic Cars,In Process,38.0,100.0,5894.94,Nantes,0.0,0.0,0.0,0.0,1.0,0.0,0.0,0.0,0.0,0.0,0.0,1.0,0.0,0.0,0.0,0.0,0.0,0.0,0.0,0.0,1.0,0.0,0.0,0.0,8.682019257426619,4.61512051684126,12.544675977743431,1.2403193040314933,0.7447315744112115,0.3746974174111126,0.6049825120310893,1.0,0.5030743432084936
2005-05-31,Madrid,Trucks and Buses,In Process,44.0,61.41,2702.04,Madrid,1.0,0.0,0.0,0.0,0.0,0.0,0.0,0.0,0.0,0.0,0.0,0.0,0.0,0.0,0.0,0.0,1.0,0.0,0.0,0.0,1.0,0.0,0.0,0.0,7.902132344539131,4.133725518945951,13.768958087112637,-0.28098264459522826,-0.9472907412278666,0.9831485417366043,0.21953325353048408,0.4237374189887405,0.670765790944658
2005-05-31,Nantes,Trucks and Buses,In Process,38.0,99.41,3777.58,Nantes,0.0,0.0,0.0,0.0,1.0,0.0,0.0,0.0,0.0,0.0,0.0,0.0,0.0,0.0,0.0,0.0,1.0,0.0,0.0,0.0,1.0,0.0,0.0,0.0,8.23710355665956,4.609261803891345,12.544675977743431,0.3724356258126268,0.7241391854260321,0.3746974174111126,0.34937324084225113,0.9911895588806259,0.5030743432084936
